2025-04-29 09:19:08,868 INFO  [org.jboss.modules] (main) JBoss Modules version 1.11.0.Final
2025-04-29 09:19:09,321 INFO  [org.jboss.msc] (main) JBoss MSC version 1.4.12.Final
2025-04-29 09:19:09,330 INFO  [org.jboss.threads] (main) JBoss Threads version 2.4.0.Final
2025-04-29 09:19:09,437 INFO  [org.jboss.as] (MSC service thread 1-2) WFLYSRV0049: WildFly Full 23.0.2.Final (WildFly Core 15.0.1.Final) starting
2025-04-29 09:19:09,439 DEBUG [org.jboss.as.config] (MSC service thread 1-2) Configured system properties:
	awt.toolkit = sun.awt.windows.WToolkit
	file.encoding = MS949
	file.encoding.pkg = sun.io
	file.separator = \
	java.awt.graphicsenv = sun.awt.Win32GraphicsEnvironment
	java.awt.headless = true
	java.awt.printerjob = sun.awt.windows.WPrinterJob
	java.class.path = D:\the_great_wall\the_great_wall_ver_1\thegreatwall\jboss\wildfly-23.0.2.Final\jboss-modules.jar
	java.class.version = 52.0
	java.endorsed.dirs = C:\NANUM\java\openjdk8.0_181(x64)\jre\lib\endorsed
	java.ext.dirs = C:\NANUM\java\openjdk8.0_181(x64)\jre\lib\ext;C:\WINDOWS\Sun\Java\lib\ext
	java.home = C:\NANUM\java\openjdk8.0_181(x64)\jre
	java.io.tmpdir = C:\Users\nanum\AppData\Local\Temp\
	java.library.path = C:\NANUM\java\openjdk8.0_181(x64)\bin;C:\WINDOWS\Sun\Java\bin;C:\WINDOWS\system32;C:\WINDOWS;C:\Program Files\Common Files\Oracle\Java\javapath;C:\Program Files (x86)\Common Files\Oracle\Java\javapath;D:\WINDOWS.X64_193000_db_home\bin;C:\Program Files\Python39\Scripts\;C:\Program Files\Python39\;C:\ProgramData\Oracle\Java\javapath;C:\WINDOWS\system32;C:\WINDOWS;C:\WINDOWS\System32\Wbem;C:\WINDOWS\System32\WindowsPowerShell\v1.0\;C:\WINDOWS\System32\OpenSSH\;C:\Program Files\Intel\WiFi\bin\;C:\Program Files\Common Files\Intel\WirelessCommon\;C:\Program Files (x86)\Intel\Intel(R) Management Engine Components\DAL;C:\Program Files\Intel\Intel(R) Management Engine Components\DAL;C:\Program Files\Git\cmd;C:\Program Files\mingw-w64\x86_64-8.1.0-posix-seh-rt_v6-rev0\mingw64\bin;C:\Apache24\bin;C:\Program Files\MongoDB\Server\4.2\bin;C:\Users\nanum\AppData\Roaming\npm;C:\Program Files\TortoiseSVN\bin;C:\Program Files\OpenVPN\bin;C:\Program Files\Wondershare\Wondershare DemoCreator (Korean);C:\Users\nanum\AppData\Roaming\nvm;C:\Program Files\nodejs;C:\Users\nanum\.cargo\bin;C:\Program Files\MySQL\MySQL Shell 8.0\bin\;C:\Users\nanum\AppData\Local\Programs\Python\Python37\Scripts\;C:\Users\nanum\AppData\Local\Programs\Python\Python37\;C:\Users\nanum\AppData\Local\Microsoft\WindowsApps;C:\Program Files\Bandizip\;C:\Users\nanum\AppData\Local\Programs\Fiddler;C:\Users\nanum\AppData\Local\Microsoft\WindowsApps;C:\NANUM\java\jdk1.8.0_112\bin;C:\NANUM\PORTAL\maven\bin;C:\NANUM\java\openjdk8.0_181(x64)\bin;C:\Microsoft VS Code\bin;C:\Users\nanum\AppData\Roaming\npm;C:\Users\nanum\AppData\Roaming\nvm;C:\Program Files\nodejs;C:\Users\nanum\AppData\Local\Google\Cloud SDK\google-cloud-sdk\bin;.
	java.net.preferIPv4Stack = true
	java.runtime.name = OpenJDK Runtime Environment
	java.runtime.version = 1.8.0_181-1-ojdkbuild-b13
	java.specification.name = Java Platform API Specification
	java.specification.vendor = Oracle Corporation
	java.specification.version = 1.8
	java.util.logging.manager = org.jboss.logmanager.LogManager
	java.vendor = Oracle Corporation
	java.vendor.url = http://java.oracle.com/
	java.vendor.url.bug = http://bugreport.sun.com/bugreport/
	java.version = 1.8.0_181-1-ojdkbuild
	java.vm.info = mixed mode
	java.vm.name = OpenJDK 64-Bit Server VM
	java.vm.specification.name = Java Virtual Machine Specification
	java.vm.specification.vendor = Oracle Corporation
	java.vm.specification.version = 1.8
	java.vm.vendor = Oracle Corporation
	java.vm.version = 25.181-b13
	javax.management.builder.initial = org.jboss.as.jmx.PluggableMBeanServerBuilder
	jboss.home.dir = D:\the_great_wall\the_great_wall_ver_1\thegreatwall\jboss\wildfly-23.0.2.Final
	jboss.host.name = desktop-qr3ra1d
	jboss.modules.dir = D:\the_great_wall\the_great_wall_ver_1\thegreatwall\jboss\wildfly-23.0.2.Final\modules
	jboss.modules.system.pkgs = org.jboss.byteman
	jboss.node.name = desktop-qr3ra1d
	jboss.qualified.host.name = desktop-qr3ra1d
	jboss.server.base.dir = D:\the_great_wall\the_great_wall_ver_1\thegreatwall\jboss\wildfly-23.0.2.Final\standalone
	jboss.server.config.dir = D:\the_great_wall\the_great_wall_ver_1\thegreatwall\jboss\wildfly-23.0.2.Final\standalone\configuration
	jboss.server.data.dir = D:\the_great_wall\the_great_wall_ver_1\thegreatwall\jboss\wildfly-23.0.2.Final\standalone\data
	jboss.server.deploy.dir = D:\the_great_wall\the_great_wall_ver_1\thegreatwall\jboss\wildfly-23.0.2.Final\standalone\data\content
	jboss.server.log.dir = D:\the_great_wall\the_great_wall_ver_1\thegreatwall\jboss\wildfly-23.0.2.Final\standalone\log
	jboss.server.name = desktop-qr3ra1d
	jboss.server.persist.config = true
	jboss.server.temp.dir = D:\the_great_wall\the_great_wall_ver_1\thegreatwall\jboss\wildfly-23.0.2.Final\standalone\tmp
	line.separator = 

	logging.configuration = file:D:\the_great_wall\the_great_wall_ver_1\thegreatwall\jboss\wildfly-23.0.2.Final\standalone\configuration/logging.properties
	module.path = D:\the_great_wall\the_great_wall_ver_1\thegreatwall\jboss\wildfly-23.0.2.Final\modules
	org.jboss.boot.log.file = D:\the_great_wall\the_great_wall_ver_1\thegreatwall\jboss\wildfly-23.0.2.Final\standalone\log\server.log
	org.jboss.resolver.warning = true
	os.arch = amd64
	os.name = Windows 10
	os.version = 10.0
	path.separator = ;
	program.name = standalone.bat
	sun.arch.data.model = 64
	sun.boot.class.path = C:\NANUM\java\openjdk8.0_181(x64)\jre\lib\resources.jar;C:\NANUM\java\openjdk8.0_181(x64)\jre\lib\rt.jar;C:\NANUM\java\openjdk8.0_181(x64)\jre\lib\sunrsasign.jar;C:\NANUM\java\openjdk8.0_181(x64)\jre\lib\jsse.jar;C:\NANUM\java\openjdk8.0_181(x64)\jre\lib\jce.jar;C:\NANUM\java\openjdk8.0_181(x64)\jre\lib\charsets.jar;C:\NANUM\java\openjdk8.0_181(x64)\jre\lib\jfr.jar;C:\NANUM\java\openjdk8.0_181(x64)\jre\classes
	sun.boot.library.path = C:\NANUM\java\openjdk8.0_181(x64)\jre\bin
	sun.cpu.endian = little
	sun.cpu.isalist = amd64
	sun.desktop = windows
	sun.io.unicode.encoding = UnicodeLittle
	sun.java.command = D:\the_great_wall\the_great_wall_ver_1\thegreatwall\jboss\wildfly-23.0.2.Final\jboss-modules.jar -mp D:\the_great_wall\the_great_wall_ver_1\thegreatwall\jboss\wildfly-23.0.2.Final\modules org.jboss.as.standalone -Djboss.home.dir=D:\the_great_wall\the_great_wall_ver_1\thegreatwall\jboss\wildfly-23.0.2.Final
	sun.java.launcher = SUN_STANDARD
	sun.jnu.encoding = MS949
	sun.management.compiler = HotSpot 64-Bit Tiered Compilers
	sun.os.patch.level = 
	sun.stderr.encoding = ms949
	sun.stdout.encoding = ms949
	user.country = KR
	user.dir = D:\the_great_wall\the_great_wall_ver_1\thegreatwall\jboss\wildfly-23.0.2.Final\bin
	user.home = C:\Users\nanum
	user.language = ko
	user.name = nanum
	user.script = 
	user.timezone = Asia/Seoul
	user.variant = 
2025-04-29 09:19:09,440 DEBUG [org.jboss.as.config] (MSC service thread 1-2) VM Arguments: -Dprogram.name=standalone.bat -Xms64M -Xmx512M -XX:MetaspaceSize=96M -XX:MaxMetaspaceSize=256m -Djava.net.preferIPv4Stack=true -Djboss.modules.system.pkgs=org.jboss.byteman -Djava.awt.headless=true -Dorg.jboss.boot.log.file=D:\the_great_wall\the_great_wall_ver_1\thegreatwall\jboss\wildfly-23.0.2.Final\standalone\log\server.log -Dlogging.configuration=file:D:\the_great_wall\the_great_wall_ver_1\thegreatwall\jboss\wildfly-23.0.2.Final\standalone\configuration/logging.properties 
2025-04-29 09:19:10,475 INFO  [org.wildfly.security] (ServerService Thread Pool -- 28) ELY00001: WildFly Elytron version 1.15.3.Final
2025-04-29 09:19:10,779 INFO  [org.jboss.as.controller.management-deprecated] (ServerService Thread Pool -- 12) WFLYCTL0033: Extension 'security' is deprecated and may not be supported in future versions
2025-04-29 09:19:10,998 INFO  [org.jboss.as.controller.management-deprecated] (Controller Boot Thread) WFLYCTL0028: Attribute 'security-realm' in the resource at address '/core-service=management/management-interface=http-interface' is deprecated, and may be removed in a future version. See the attribute description in the output of the read-resource-description operation to learn more about the deprecation.
2025-04-29 09:19:11,037 INFO  [org.jboss.as.controller.management-deprecated] (ServerService Thread Pool -- 10) WFLYCTL0028: Attribute 'security-realm' in the resource at address '/subsystem=undertow/server=default-server/https-listener=https' is deprecated, and may be removed in a future version. See the attribute description in the output of the read-resource-description operation to learn more about the deprecation.
2025-04-29 09:19:14,750 INFO  [org.jboss.as.repository] (ServerService Thread Pool -- 22) WFLYDR0001: Content added at location D:\the_great_wall\the_great_wall_ver_1\thegreatwall\jboss\wildfly-23.0.2.Final\standalone\data\content\44\04ac34fd28af6aa3908d310d0bab41f57509c1\content
2025-04-29 09:19:14,776 INFO  [org.jboss.as.server] (Controller Boot Thread) WFLYSRV0039: Creating http management service using socket-binding (management-http)
2025-04-29 09:19:14,802 INFO  [org.xnio] (MSC service thread 1-8) XNIO version 3.8.4.Final
2025-04-29 09:19:14,814 INFO  [org.xnio.nio] (MSC service thread 1-8) XNIO NIO Implementation Version 3.8.4.Final
2025-04-29 09:19:14,880 INFO  [org.jboss.as.security] (ServerService Thread Pool -- 72) WFLYSEC0002: Activating Security Subsystem
2025-04-29 09:19:14,881 WARN  [org.jboss.as.txn] (ServerService Thread Pool -- 74) WFLYTX0013: The node-identifier attribute on the /subsystem=transactions is set to the default value. This is a danger for environments running multiple servers. Please make sure the attribute value is unique.
2025-04-29 09:19:14,883 INFO  [org.jboss.as.clustering.infinispan] (ServerService Thread Pool -- 53) WFLYCLINF0001: Activating Infinispan subsystem.
2025-04-29 09:19:14,886 INFO  [org.wildfly.extension.microprofile.config.smallrye._private] (ServerService Thread Pool -- 63) WFLYCONF0001: Activating WildFly MicroProfile Config Subsystem
2025-04-29 09:19:14,907 INFO  [org.wildfly.extension.health] (ServerService Thread Pool -- 52) WFLYHEALTH0001: Activating Base Health Subsystem
2025-04-29 09:19:14,922 INFO  [org.jboss.as.security] (MSC service thread 1-6) WFLYSEC0001: Current PicketBox version=5.0.3.Final-redhat-00007
2025-04-29 09:19:14,923 INFO  [org.jboss.as.jsf] (ServerService Thread Pool -- 60) WFLYJSF0007: Activated the following Jakarta Server Faces Implementations: [main]
2025-04-29 09:19:14,931 INFO  [org.jboss.as.jaxrs] (ServerService Thread Pool -- 55) WFLYRS0016: RESTEasy version 3.15.1.Final
2025-04-29 09:19:14,931 INFO  [org.wildfly.extension.microprofile.opentracing] (ServerService Thread Pool -- 65) WFLYTRACEXT0001: Activating MicroProfile OpenTracing Subsystem
2025-04-29 09:19:14,928 INFO  [org.wildfly.extension.io] (ServerService Thread Pool -- 54) WFLYIO001: Worker 'default' has auto-configured to 16 IO threads with 128 max task threads based on your 8 available processors
2025-04-29 09:19:14,936 INFO  [org.wildfly.extension.microprofile.jwt.smallrye._private] (ServerService Thread Pool -- 64) WFLYJWT0001: Activating WildFly MicroProfile JWT Subsystem
2025-04-29 09:19:14,955 INFO  [org.jboss.as.naming] (ServerService Thread Pool -- 66) WFLYNAM0001: Activating Naming Subsystem
2025-04-29 09:19:14,955 INFO  [org.jboss.as.webservices] (ServerService Thread Pool -- 76) WFLYWS0002: Activating WebServices Extension
2025-04-29 09:19:15,001 INFO  [org.wildfly.extension.metrics] (ServerService Thread Pool -- 62) WFLYMETRICS0001: Activating Base Metrics Subsystem
2025-04-29 09:19:15,047 INFO  [org.wildfly.extension.undertow] (MSC service thread 1-2) WFLYUT0003: Undertow 2.2.5.Final starting
2025-04-29 09:19:15,048 INFO  [org.jboss.as.connector] (MSC service thread 1-3) WFLYJCA0009: Starting Jakarta Connectors Subsystem (WildFly/IronJacamar 1.4.27.Final)
2025-04-29 09:19:15,085 INFO  [org.jboss.as.connector.subsystems.datasources] (ServerService Thread Pool -- 44) WFLYJCA0004: Deploying JDBC-compliant driver class org.h2.Driver (version 1.4)
2025-04-29 09:19:15,161 INFO  [org.jboss.as.connector.deployers.jdbc] (MSC service thread 1-2) WFLYJCA0018: Started Driver service with driver-name = h2
2025-04-29 09:19:15,313 INFO  [org.jboss.remoting] (MSC service thread 1-1) JBoss Remoting version 5.0.20.Final
2025-04-29 09:19:15,328 INFO  [org.jboss.as.naming] (MSC service thread 1-8) WFLYNAM0003: Starting Naming Service
2025-04-29 09:19:15,354 INFO  [org.wildfly.extension.undertow] (ServerService Thread Pool -- 75) WFLYUT0014: Creating file handler for path 'D:\the_great_wall\the_great_wall_ver_1\thegreatwall\jboss\wildfly-23.0.2.Final/welcome-content' with options [directory-listing: 'false', follow-symlink: 'false', case-sensitive: 'true', safe-symlink-paths: '[]']
2025-04-29 09:19:15,386 INFO  [org.jboss.as.mail.extension] (MSC service thread 1-8) WFLYMAIL0001: Bound mail session [java:jboss/mail/Default]
2025-04-29 09:19:15,532 WARN  [org.wildfly.extension.elytron] (MSC service thread 1-1) WFLYELY00023: KeyStore file 'D:\the_great_wall\the_great_wall_ver_1\thegreatwall\jboss\wildfly-23.0.2.Final\standalone\configuration\application.keystore' does not exist. Used blank.
2025-04-29 09:19:15,632 WARN  [org.wildfly.extension.elytron] (MSC service thread 1-1) WFLYELY01084: KeyStore D:\the_great_wall\the_great_wall_ver_1\thegreatwall\jboss\wildfly-23.0.2.Final\standalone\configuration\application.keystore not found, it will be auto generated on first use with a self-signed certificate for host localhost
2025-04-29 09:19:15,669 INFO  [org.jboss.as.ejb3] (MSC service thread 1-8) WFLYEJB0482: Strict pool mdb-strict-max-pool is using a max instance size of 32 (per class), which is derived from the number of CPUs on this host.
2025-04-29 09:19:15,674 INFO  [org.jboss.as.ejb3] (MSC service thread 1-2) WFLYEJB0481: Strict pool slsb-strict-max-pool is using a max instance size of 128 (per class), which is derived from thread worker pool sizing.
2025-04-29 09:19:15,679 INFO  [org.wildfly.extension.undertow] (MSC service thread 1-4) WFLYUT0012: Started server default-server.
2025-04-29 09:19:15,760 INFO  [org.wildfly.extension.undertow] (MSC service thread 1-2) Queuing requests.
2025-04-29 09:19:15,786 INFO  [org.wildfly.extension.undertow] (MSC service thread 1-2) WFLYUT0018: Host default-host starting
2025-04-29 09:19:16,062 INFO  [org.jboss.as.patching] (MSC service thread 1-3) WFLYPAT0050: WildFly Full cumulative patch ID is: base, one-off patches include: none
2025-04-29 09:19:16,080 WARN  [org.jboss.as.domain.management.security] (MSC service thread 1-8) WFLYDM0111: Keystore D:\the_great_wall\the_great_wall_ver_1\thegreatwall\jboss\wildfly-23.0.2.Final\standalone\configuration\application.keystore not found, it will be auto generated on first use with a self signed certificate for host localhost
2025-04-29 09:19:16,084 INFO  [org.jboss.as.server.deployment.scanner] (MSC service thread 1-3) WFLYDS0013: Started FileSystemDeploymentService for directory D:\the_great_wall\the_great_wall_ver_1\thegreatwall\jboss\wildfly-23.0.2.Final\standalone\deployments
2025-04-29 09:19:16,097 INFO  [org.jboss.as.server.deployment] (MSC service thread 1-2) WFLYSRV0027: Starting deployment of "thegreatwall.war" (runtime-name: "thegreatwall.war")
2025-04-29 09:19:20,142 INFO  [org.wildfly.extension.undertow] (MSC service thread 1-1) WFLYUT0006: Undertow HTTP listener default listening on 127.0.0.1:8080
2025-04-29 09:19:20,150 INFO  [org.wildfly.extension.undertow] (MSC service thread 1-6) WFLYUT0006: Undertow HTTPS listener https listening on 127.0.0.1:8443
2025-04-29 09:19:20,186 INFO  [org.jboss.as.ejb3] (MSC service thread 1-4) WFLYEJB0493: Jakarta Enterprise Beans subsystem suspension complete
2025-04-29 09:19:20,298 INFO  [org.jboss.as.connector.subsystems.datasources] (MSC service thread 1-1) WFLYJCA0001: Bound data source [java:jboss/datasources/ExampleDS]
2025-04-29 09:19:20,312 INFO  [org.jboss.ws.common.management] (MSC service thread 1-3) JBWS022052: Starting JBossWS 5.4.3.Final (Apache CXF 3.3.10) 
2025-04-29 09:19:21,553 INFO  [org.infinispan.CONTAINER] (ServerService Thread Pool -- 78) ISPN000128: Infinispan version: Infinispan 'Corona Extra' 11.0.9.Final
2025-04-29 09:19:21,616 INFO  [org.infinispan.CONFIG] (MSC service thread 1-6) ISPN000152: Passivation configured without an eviction policy being selected. Only manually evicted entities will be passivated.
2025-04-29 09:19:21,619 INFO  [org.infinispan.CONFIG] (MSC service thread 1-6) ISPN000152: Passivation configured without an eviction policy being selected. Only manually evicted entities will be passivated.
2025-04-29 09:19:21,762 INFO  [org.infinispan.PERSISTENCE] (ServerService Thread Pool -- 78) ISPN000556: Starting user marshaller 'org.wildfly.clustering.infinispan.spi.marshalling.InfinispanProtoStreamMarshaller'
2025-04-29 09:19:22,040 INFO  [org.jboss.as.clustering.infinispan] (ServerService Thread Pool -- 78) WFLYCLINF0002: Started http-remoting-connector cache from ejb container
2025-04-29 09:19:22,181 INFO  [org.wildfly.extension.undertow] (ServerService Thread Pool -- 79) WFLYUT0021: Registered web context: '/thegreatwall' for server 'default-server'
2025-04-29 09:19:22,273 INFO  [org.jboss.as.server] (ServerService Thread Pool -- 45) WFLYSRV0010: Deployed "thegreatwall.war" (runtime-name : "thegreatwall.war")
2025-04-29 09:19:22,370 INFO  [org.jboss.as.server] (Controller Boot Thread) WFLYSRV0212: Resuming server
2025-04-29 09:19:22,374 INFO  [org.jboss.as] (Controller Boot Thread) WFLYSRV0025: WildFly Full 23.0.2.Final (WildFly Core 15.0.1.Final) started in 14083ms - Started 420 of 622 services (349 services are lazy, passive or on-demand)
2025-04-29 09:19:22,379 INFO  [org.jboss.as] (Controller Boot Thread) WFLYSRV0060: Http management interface listening on http://127.0.0.1:9990/management
2025-04-29 09:19:22,379 INFO  [org.jboss.as] (Controller Boot Thread) WFLYSRV0051: Admin console listening on http://127.0.0.1:9990
2025-04-29 09:23:28,099 INFO  [org.jboss.as.repository] (DeploymentScanner-threads - 2) WFLYDR0001: Content added at location D:\the_great_wall\the_great_wall_ver_1\thegreatwall\jboss\wildfly-23.0.2.Final\standalone\data\content\1c\442f6abe935a6416736c1d5e1cd4bafc0b5468\content
2025-04-29 09:23:28,109 INFO  [org.wildfly.extension.undertow] (ServerService Thread Pool -- 79) WFLYUT0022: Unregistered web context: '/thegreatwall' from server 'default-server'
2025-04-29 09:23:28,381 INFO  [org.jboss.as.server.deployment] (MSC service thread 1-3) WFLYSRV0028: Stopped deployment thegreatwall.war (runtime-name: thegreatwall.war) in 276ms
2025-04-29 09:23:28,387 INFO  [org.jboss.as.server.deployment] (MSC service thread 1-5) WFLYSRV0027: Starting deployment of "thegreatwall.war" (runtime-name: "thegreatwall.war")
2025-04-29 09:23:29,424 INFO  [org.wildfly.extension.undertow] (ServerService Thread Pool -- 79) WFLYUT0021: Registered web context: '/thegreatwall' for server 'default-server'
2025-04-29 09:23:29,818 INFO  [org.jboss.as.server] (DeploymentScanner-threads - 2) WFLYSRV0016: Replaced deployment "thegreatwall.war" with deployment "thegreatwall.war"
2025-04-29 09:23:29,829 INFO  [org.jboss.as.repository] (DeploymentScanner-threads - 2) WFLYDR0002: Content removed from location D:\the_great_wall\the_great_wall_ver_1\thegreatwall\jboss\wildfly-23.0.2.Final\standalone\data\content\44\04ac34fd28af6aa3908d310d0bab41f57509c1\content
2025-04-29 09:25:45,697 INFO  [org.jboss.as.repository] (DeploymentScanner-threads - 1) WFLYDR0001: Content added at location D:\the_great_wall\the_great_wall_ver_1\thegreatwall\jboss\wildfly-23.0.2.Final\standalone\data\content\56\23274b2af0a856ee37bd46998ec711000fd267\content
2025-04-29 09:25:45,702 INFO  [org.wildfly.extension.undertow] (ServerService Thread Pool -- 79) WFLYUT0022: Unregistered web context: '/thegreatwall' from server 'default-server'
2025-04-29 09:25:46,014 INFO  [org.jboss.as.server.deployment] (MSC service thread 1-2) WFLYSRV0028: Stopped deployment thegreatwall.war (runtime-name: thegreatwall.war) in 313ms
2025-04-29 09:25:46,019 INFO  [org.jboss.as.server.deployment] (MSC service thread 1-4) WFLYSRV0027: Starting deployment of "thegreatwall.war" (runtime-name: "thegreatwall.war")
2025-04-29 09:25:47,253 INFO  [org.wildfly.extension.undertow] (ServerService Thread Pool -- 83) WFLYUT0021: Registered web context: '/thegreatwall' for server 'default-server'
2025-04-29 09:25:47,629 INFO  [org.jboss.as.server] (DeploymentScanner-threads - 1) WFLYSRV0016: Replaced deployment "thegreatwall.war" with deployment "thegreatwall.war"
2025-04-29 09:25:47,672 INFO  [org.jboss.as.repository] (DeploymentScanner-threads - 1) WFLYDR0002: Content removed from location D:\the_great_wall\the_great_wall_ver_1\thegreatwall\jboss\wildfly-23.0.2.Final\standalone\data\content\1c\442f6abe935a6416736c1d5e1cd4bafc0b5468\content
2025-04-29 09:29:09,902 INFO  [org.jboss.as.repository] (ServerService Thread Pool -- 1) WFLYDR0009: Content D:\the_great_wall\the_great_wall_ver_1\thegreatwall\jboss\wildfly-23.0.2.Final\standalone\data\content\a5\6584c566b0ed927d2944b2ae6f91012b190f0d is obsolete and will be removed
2025-04-29 09:29:09,905 INFO  [org.jboss.as.repository] (ServerService Thread Pool -- 1) WFLYDR0002: Content removed from location D:\the_great_wall\the_great_wall_ver_1\thegreatwall\jboss\wildfly-23.0.2.Final\standalone\data\content\a5\6584c566b0ed927d2944b2ae6f91012b190f0d\content
2025-04-29 13:37:07,280 INFO  [org.wildfly.extension.undertow] (ServerService Thread Pool -- 83) WFLYUT0022: Unregistered web context: '/thegreatwall' from server 'default-server'
2025-04-29 13:37:09,109 INFO  [org.jboss.as.server.deployment] (MSC service thread 1-3) WFLYSRV0028: Stopped deployment thegreatwall.war (runtime-name: thegreatwall.war) in 1844ms
2025-04-29 13:37:09,611 INFO  [org.jboss.as.repository] (DeploymentScanner-threads - 2) WFLYDR0002: Content removed from location D:\the_great_wall\the_great_wall_ver_1\thegreatwall\jboss\wildfly-23.0.2.Final\standalone\data\content\56\23274b2af0a856ee37bd46998ec711000fd267\content
2025-04-29 13:37:09,613 INFO  [org.jboss.as.server] (DeploymentScanner-threads - 2) WFLYSRV0009: Undeployed "thegreatwall.war" (runtime-name: "thegreatwall.war")
2025-04-29 13:37:29,830 INFO  [org.jboss.as.repository] (DeploymentScanner-threads - 2) WFLYDR0001: Content added at location D:\the_great_wall\the_great_wall_ver_1\thegreatwall\jboss\wildfly-23.0.2.Final\standalone\data\content\3f\e45de8003ee7fcd36a0004e8dcfbaf32170076\content
2025-04-29 13:37:29,834 INFO  [org.jboss.as.server.deployment] (MSC service thread 1-3) WFLYSRV0027: Starting deployment of "thegreatwall.war" (runtime-name: "thegreatwall.war")
2025-04-29 13:37:32,571 WARN  [org.jboss.as.ee] (MSC service thread 1-2) WFLYEE0007: Not installing optional component org.springframework.http.server.reactive.ServletHttpHandlerAdapter$HttpHandlerAsyncListener due to an exception (enable DEBUG log level to see the cause)
2025-04-29 13:37:32,574 WARN  [org.jboss.as.ee] (MSC service thread 1-2) WFLYEE0007: Not installing optional component org.springframework.http.server.ServletServerHttpAsyncRequestControl due to an exception (enable DEBUG log level to see the cause)
2025-04-29 13:37:32,575 WARN  [org.jboss.as.ee] (MSC service thread 1-2) WFLYEE0007: Not installing optional component org.springframework.http.server.reactive.ServletServerHttpResponse$ResponseAsyncListener due to an exception (enable DEBUG log level to see the cause)
2025-04-29 13:37:32,576 WARN  [org.jboss.as.ee] (MSC service thread 1-2) WFLYEE0007: Not installing optional component org.springframework.web.context.request.async.StandardServletAsyncWebRequest due to an exception (enable DEBUG log level to see the cause)
2025-04-29 13:37:32,577 WARN  [org.jboss.as.ee] (MSC service thread 1-2) WFLYEE0007: Not installing optional component org.springframework.http.server.reactive.ServletServerHttpRequest$RequestAsyncListener due to an exception (enable DEBUG log level to see the cause)
2025-04-29 13:37:32,723 INFO  [io.undertow.servlet] (ServerService Thread Pool -- 87) 2 Spring WebApplicationInitializers detected on classpath
2025-04-29 14:58:38,000 INFO  [com.thegreatwall.TheGreatWallApplication] (ServerService Thread Pool -- 127) Starting TheGreatWallApplication using Java 1.8.0_181-1-ojdkbuild on DESKTOP-QR3RA1D with PID 26284 (started by nanum in D:\the_great_wall\the_great_wall_ver_1\thegreatwall\jboss\wildfly-23.0.2.Final\bin)
2025-04-29 14:58:38,001 DEBUG [com.thegreatwall.TheGreatWallApplication] (ServerService Thread Pool -- 127) Running with Spring Boot v2.6.5, Spring v5.3.17
2025-04-29 14:58:38,001 INFO  [com.thegreatwall.TheGreatWallApplication] (ServerService Thread Pool -- 127) No active profile set, falling back to 1 default profile: "default"
2025-04-29 14:58:38,109 ERROR [org.springframework.boot.SpringApplication] (ServerService Thread Pool -- 127) Application run failed: org.springframework.beans.factory.BeanDefinitionStoreException: Failed to parse configuration class [com.thegreatwall.TheGreatWallApplication]; nested exception is java.io.FileNotFoundException: class path resource [org/springframework/web/servlet/config/annotation/WebMvcConfigurer.class] cannot be opened because it does not exist
	at org.springframework.context.annotation.ConfigurationClassParser.parse(ConfigurationClassParser.java:189)
	at org.springframework.context.annotation.ConfigurationClassPostProcessor.processConfigBeanDefinitions(ConfigurationClassPostProcessor.java:331)
	at org.springframework.context.annotation.ConfigurationClassPostProcessor.postProcessBeanDefinitionRegistry(ConfigurationClassPostProcessor.java:247)
	at org.springframework.context.support.PostProcessorRegistrationDelegate.invokeBeanDefinitionRegistryPostProcessors(PostProcessorRegistrationDelegate.java:311)
	at org.springframework.context.support.PostProcessorRegistrationDelegate.invokeBeanFactoryPostProcessors(PostProcessorRegistrationDelegate.java:112)
	at org.springframework.context.support.AbstractApplicationContext.invokeBeanFactoryPostProcessors(AbstractApplicationContext.java:746)
	at org.springframework.context.support.AbstractApplicationContext.refresh(AbstractApplicationContext.java:564)
	at org.springframework.boot.web.servlet.context.ServletWebServerApplicationContext.refresh(ServletWebServerApplicationContext.java:145)
	at org.springframework.boot.SpringApplication.refresh(SpringApplication.java:740)
	at org.springframework.boot.SpringApplication.refreshContext(SpringApplication.java:415)
	at org.springframework.boot.SpringApplication.run(SpringApplication.java:303)
	at org.springframework.boot.web.servlet.support.SpringBootServletInitializer.run(SpringBootServletInitializer.java:175)
	at org.springframework.boot.web.servlet.support.SpringBootServletInitializer.createRootApplicationContext(SpringBootServletInitializer.java:155)
	at org.springframework.boot.web.servlet.support.SpringBootServletInitializer.onStartup(SpringBootServletInitializer.java:97)
	at org.springframework.web.SpringServletContainerInitializer.onStartup(SpringServletContainerInitializer.java:174)
	at io.undertow.servlet.core.DeploymentManagerImpl$1.call(DeploymentManagerImpl.java:204)
	at io.undertow.servlet.core.DeploymentManagerImpl$1.call(DeploymentManagerImpl.java:187)
	at io.undertow.servlet.core.ServletRequestContextThreadSetupAction$1.call(ServletRequestContextThreadSetupAction.java:42)
	at io.undertow.servlet.core.ContextClassLoaderSetupAction$1.call(ContextClassLoaderSetupAction.java:43)
	at org.wildfly.extension.undertow.security.SecurityContextThreadSetupAction.lambda$create$0(SecurityContextThreadSetupAction.java:105)
	at org.wildfly.extension.undertow.deployment.UndertowDeploymentInfoService$UndertowThreadSetupAction.lambda$create$0(UndertowDeploymentInfoService.java:1530)
	at org.wildfly.extension.undertow.deployment.UndertowDeploymentInfoService$UndertowThreadSetupAction.lambda$create$0(UndertowDeploymentInfoService.java:1530)
	at org.wildfly.extension.undertow.deployment.UndertowDeploymentInfoService$UndertowThreadSetupAction.lambda$create$0(UndertowDeploymentInfoService.java:1530)
	at org.wildfly.extension.undertow.deployment.UndertowDeploymentInfoService$UndertowThreadSetupAction.lambda$create$0(UndertowDeploymentInfoService.java:1530)
	at io.undertow.servlet.core.DeploymentManagerImpl.deploy(DeploymentManagerImpl.java:255)
	at org.wildfly.extension.undertow.deployment.UndertowDeploymentService.startContext(UndertowDeploymentService.java:96)
	at org.wildfly.extension.undertow.deployment.UndertowDeploymentService$1.run(UndertowDeploymentService.java:78)
	at java.util.concurrent.Executors$RunnableAdapter.call(Executors.java:511)
	at java.util.concurrent.FutureTask.run(FutureTask.java:266)
	at org.jboss.threads.ContextClassLoaderSavingRunnable.run(ContextClassLoaderSavingRunnable.java:35)
	at org.jboss.threads.EnhancedQueueExecutor.safeRun(EnhancedQueueExecutor.java:1990)
	at org.jboss.threads.EnhancedQueueExecutor$ThreadBody.doRunTask(EnhancedQueueExecutor.java:1486)
	at org.jboss.threads.EnhancedQueueExecutor$ThreadBody.run(EnhancedQueueExecutor.java:1377)
	at java.lang.Thread.run(Thread.java:748)
	at org.jboss.threads.JBossThread.run(JBossThread.java:513)
Caused by: java.io.FileNotFoundException: class path resource [org/springframework/web/servlet/config/annotation/WebMvcConfigurer.class] cannot be opened because it does not exist
	at org.springframework.core.io.ClassPathResource.getInputStream(ClassPathResource.java:199)
	at org.springframework.core.type.classreading.SimpleMetadataReader.getClassReader(SimpleMetadataReader.java:55)
	at org.springframework.core.type.classreading.SimpleMetadataReader.<init>(SimpleMetadataReader.java:49)
	at org.springframework.core.type.classreading.SimpleMetadataReaderFactory.getMetadataReader(SimpleMetadataReaderFactory.java:103)
	at org.springframework.boot.type.classreading.ConcurrentReferenceCachingMetadataReaderFactory.createMetadataReader(ConcurrentReferenceCachingMetadataReaderFactory.java:86)
	at org.springframework.boot.type.classreading.ConcurrentReferenceCachingMetadataReaderFactory.getMetadataReader(ConcurrentReferenceCachingMetadataReaderFactory.java:73)
	at org.springframework.core.type.classreading.SimpleMetadataReaderFactory.getMetadataReader(SimpleMetadataReaderFactory.java:81)
	at org.springframework.context.annotation.ConfigurationClassParser.asSourceClass(ConfigurationClassParser.java:696)
	at org.springframework.context.annotation.ConfigurationClassParser$SourceClass.getInterfaces(ConfigurationClassParser.java:1024)
	at org.springframework.context.annotation.ConfigurationClassParser.processInterfaces(ConfigurationClassParser.java:386)
	at org.springframework.context.annotation.ConfigurationClassParser.doProcessConfigurationClass(ConfigurationClassParser.java:332)
	at org.springframework.context.annotation.ConfigurationClassParser.processConfigurationClass(ConfigurationClassParser.java:250)
	at org.springframework.context.annotation.ConfigurationClassParser.parse(ConfigurationClassParser.java:199)
	at org.springframework.context.annotation.ConfigurationClassParser.doProcessConfigurationClass(ConfigurationClassParser.java:304)
	at org.springframework.context.annotation.ConfigurationClassParser.processConfigurationClass(ConfigurationClassParser.java:250)
	at org.springframework.context.annotation.ConfigurationClassParser.parse(ConfigurationClassParser.java:207)
	at org.springframework.context.annotation.ConfigurationClassParser.parse(ConfigurationClassParser.java:175)
	... 34 more

2025-04-29 14:58:38,154 ERROR [org.jboss.msc.service.fail] (ServerService Thread Pool -- 127) MSC000001: Failed to start service jboss.deployment.unit."thegreatwall.war".undertow-deployment: org.jboss.msc.service.StartException in service jboss.deployment.unit."thegreatwall.war".undertow-deployment: java.lang.RuntimeException: org.springframework.beans.factory.BeanDefinitionStoreException: Failed to parse configuration class [com.thegreatwall.TheGreatWallApplication]; nested exception is java.io.FileNotFoundException: class path resource [org/springframework/web/servlet/config/annotation/WebMvcConfigurer.class] cannot be opened because it does not exist
	at org.wildfly.extension.undertow.deployment.UndertowDeploymentService$1.run(UndertowDeploymentService.java:81)
	at java.util.concurrent.Executors$RunnableAdapter.call(Executors.java:511)
	at java.util.concurrent.FutureTask.run(FutureTask.java:266)
	at org.jboss.threads.ContextClassLoaderSavingRunnable.run(ContextClassLoaderSavingRunnable.java:35)
	at org.jboss.threads.EnhancedQueueExecutor.safeRun(EnhancedQueueExecutor.java:1990)
	at org.jboss.threads.EnhancedQueueExecutor$ThreadBody.doRunTask(EnhancedQueueExecutor.java:1486)
	at org.jboss.threads.EnhancedQueueExecutor$ThreadBody.run(EnhancedQueueExecutor.java:1377)
	at java.lang.Thread.run(Thread.java:748)
	at org.jboss.threads.JBossThread.run(JBossThread.java:513)
Caused by: java.lang.RuntimeException: org.springframework.beans.factory.BeanDefinitionStoreException: Failed to parse configuration class [com.thegreatwall.TheGreatWallApplication]; nested exception is java.io.FileNotFoundException: class path resource [org/springframework/web/servlet/config/annotation/WebMvcConfigurer.class] cannot be opened because it does not exist
	at io.undertow.servlet.core.DeploymentManagerImpl.deploy(DeploymentManagerImpl.java:257)
	at org.wildfly.extension.undertow.deployment.UndertowDeploymentService.startContext(UndertowDeploymentService.java:96)
	at org.wildfly.extension.undertow.deployment.UndertowDeploymentService$1.run(UndertowDeploymentService.java:78)
	... 8 more
Caused by: org.springframework.beans.factory.BeanDefinitionStoreException: Failed to parse configuration class [com.thegreatwall.TheGreatWallApplication]; nested exception is java.io.FileNotFoundException: class path resource [org/springframework/web/servlet/config/annotation/WebMvcConfigurer.class] cannot be opened because it does not exist
	at org.springframework.context.annotation.ConfigurationClassParser.parse(ConfigurationClassParser.java:189)
	at org.springframework.context.annotation.ConfigurationClassPostProcessor.processConfigBeanDefinitions(ConfigurationClassPostProcessor.java:331)
	at org.springframework.context.annotation.ConfigurationClassPostProcessor.postProcessBeanDefinitionRegistry(ConfigurationClassPostProcessor.java:247)
	at org.springframework.context.support.PostProcessorRegistrationDelegate.invokeBeanDefinitionRegistryPostProcessors(PostProcessorRegistrationDelegate.java:311)
	at org.springframework.context.support.PostProcessorRegistrationDelegate.invokeBeanFactoryPostProcessors(PostProcessorRegistrationDelegate.java:112)
	at org.springframework.context.support.AbstractApplicationContext.invokeBeanFactoryPostProcessors(AbstractApplicationContext.java:746)
	at org.springframework.context.support.AbstractApplicationContext.refresh(AbstractApplicationContext.java:564)
	at org.springframework.boot.web.servlet.context.ServletWebServerApplicationContext.refresh(ServletWebServerApplicationContext.java:145)
	at org.springframework.boot.SpringApplication.refresh(SpringApplication.java:740)
	at org.springframework.boot.SpringApplication.refreshContext(SpringApplication.java:415)
	at org.springframework.boot.SpringApplication.run(SpringApplication.java:303)
	at org.springframework.boot.web.servlet.support.SpringBootServletInitializer.run(SpringBootServletInitializer.java:175)
	at org.springframework.boot.web.servlet.support.SpringBootServletInitializer.createRootApplicationContext(SpringBootServletInitializer.java:155)
	at org.springframework.boot.web.servlet.support.SpringBootServletInitializer.onStartup(SpringBootServletInitializer.java:97)
	at org.springframework.web.SpringServletContainerInitializer.onStartup(SpringServletContainerInitializer.java:174)
	at io.undertow.servlet.core.DeploymentManagerImpl$1.call(DeploymentManagerImpl.java:204)
	at io.undertow.servlet.core.DeploymentManagerImpl$1.call(DeploymentManagerImpl.java:187)
	at io.undertow.servlet.core.ServletRequestContextThreadSetupAction$1.call(ServletRequestContextThreadSetupAction.java:42)
	at io.undertow.servlet.core.ContextClassLoaderSetupAction$1.call(ContextClassLoaderSetupAction.java:43)
	at org.wildfly.extension.undertow.security.SecurityContextThreadSetupAction.lambda$create$0(SecurityContextThreadSetupAction.java:105)
	at org.wildfly.extension.undertow.deployment.UndertowDeploymentInfoService$UndertowThreadSetupAction.lambda$create$0(UndertowDeploymentInfoService.java:1530)
	at org.wildfly.extension.undertow.deployment.UndertowDeploymentInfoService$UndertowThreadSetupAction.lambda$create$0(UndertowDeploymentInfoService.java:1530)
	at org.wildfly.extension.undertow.deployment.UndertowDeploymentInfoService$UndertowThreadSetupAction.lambda$create$0(UndertowDeploymentInfoService.java:1530)
	at org.wildfly.extension.undertow.deployment.UndertowDeploymentInfoService$UndertowThreadSetupAction.lambda$create$0(UndertowDeploymentInfoService.java:1530)
	at io.undertow.servlet.core.DeploymentManagerImpl.deploy(DeploymentManagerImpl.java:255)
	... 10 more
Caused by: java.io.FileNotFoundException: class path resource [org/springframework/web/servlet/config/annotation/WebMvcConfigurer.class] cannot be opened because it does not exist
	at org.springframework.core.io.ClassPathResource.getInputStream(ClassPathResource.java:199)
	at org.springframework.core.type.classreading.SimpleMetadataReader.getClassReader(SimpleMetadataReader.java:55)
	at org.springframework.core.type.classreading.SimpleMetadataReader.<init>(SimpleMetadataReader.java:49)
	at org.springframework.core.type.classreading.SimpleMetadataReaderFactory.getMetadataReader(SimpleMetadataReaderFactory.java:103)
	at org.springframework.boot.type.classreading.ConcurrentReferenceCachingMetadataReaderFactory.createMetadataReader(ConcurrentReferenceCachingMetadataReaderFactory.java:86)
	at org.springframework.boot.type.classreading.ConcurrentReferenceCachingMetadataReaderFactory.getMetadataReader(ConcurrentReferenceCachingMetadataReaderFactory.java:73)
	at org.springframework.core.type.classreading.SimpleMetadataReaderFactory.getMetadataReader(SimpleMetadataReaderFactory.java:81)
	at org.springframework.context.annotation.ConfigurationClassParser.asSourceClass(ConfigurationClassParser.java:696)
	at org.springframework.context.annotation.ConfigurationClassParser$SourceClass.getInterfaces(ConfigurationClassParser.java:1024)
	at org.springframework.context.annotation.ConfigurationClassParser.processInterfaces(ConfigurationClassParser.java:386)
	at org.springframework.context.annotation.ConfigurationClassParser.doProcessConfigurationClass(ConfigurationClassParser.java:332)
	at org.springframework.context.annotation.ConfigurationClassParser.processConfigurationClass(ConfigurationClassParser.java:250)
	at org.springframework.context.annotation.ConfigurationClassParser.parse(ConfigurationClassParser.java:199)
	at org.springframework.context.annotation.ConfigurationClassParser.doProcessConfigurationClass(ConfigurationClassParser.java:304)
	at org.springframework.context.annotation.ConfigurationClassParser.processConfigurationClass(ConfigurationClassParser.java:250)
	at org.springframework.context.annotation.ConfigurationClassParser.parse(ConfigurationClassParser.java:207)
	at org.springframework.context.annotation.ConfigurationClassParser.parse(ConfigurationClassParser.java:175)
	... 34 more

2025-04-29 14:58:38,165 ERROR [org.jboss.as.controller.management-operation] (DeploymentScanner-threads - 2) WFLYCTL0013: Operation ("deploy") failed - address: ([("deployment" => "thegreatwall.war")]) - failure description: {"WFLYCTL0080: Failed services" => {"jboss.deployment.unit.\"thegreatwall.war\".undertow-deployment" => "java.lang.RuntimeException: org.springframework.beans.factory.BeanDefinitionStoreException: Failed to parse configuration class [com.thegreatwall.TheGreatWallApplication]; nested exception is java.io.FileNotFoundException: class path resource [org/springframework/web/servlet/config/annotation/WebMvcConfigurer.class] cannot be opened because it does not exist
    Caused by: java.lang.RuntimeException: org.springframework.beans.factory.BeanDefinitionStoreException: Failed to parse configuration class [com.thegreatwall.TheGreatWallApplication]; nested exception is java.io.FileNotFoundException: class path resource [org/springframework/web/servlet/config/annotation/WebMvcConfigurer.class] cannot be opened because it does not exist
    Caused by: org.springframework.beans.factory.BeanDefinitionStoreException: Failed to parse configuration class [com.thegreatwall.TheGreatWallApplication]; nested exception is java.io.FileNotFoundException: class path resource [org/springframework/web/servlet/config/annotation/WebMvcConfigurer.class] cannot be opened because it does not exist
    Caused by: java.io.FileNotFoundException: class path resource [org/springframework/web/servlet/config/annotation/WebMvcConfigurer.class] cannot be opened because it does not exist"}}
2025-04-29 15:01:25,668 INFO  [com.thegreatwall.TheGreatWallApplication] (ServerService Thread Pool -- 128) Starting TheGreatWallApplication using Java 1.8.0_181-1-ojdkbuild on DESKTOP-QR3RA1D with PID 26284 (started by nanum in D:\the_great_wall\the_great_wall_ver_1\thegreatwall\jboss\wildfly-23.0.2.Final\bin)
2025-04-29 15:01:25,669 DEBUG [com.thegreatwall.TheGreatWallApplication] (ServerService Thread Pool -- 128) Running with Spring Boot v2.6.5, Spring v5.3.17
2025-04-29 15:01:25,669 INFO  [com.thegreatwall.TheGreatWallApplication] (ServerService Thread Pool -- 128) No active profile set, falling back to 1 default profile: "default"
2025-04-29 15:01:25,794 ERROR [org.springframework.boot.SpringApplication] (ServerService Thread Pool -- 128) Application run failed: org.springframework.beans.factory.BeanDefinitionStoreException: Failed to parse configuration class [com.thegreatwall.TheGreatWallApplication]; nested exception is java.io.FileNotFoundException: class path resource [org/springframework/web/servlet/config/annotation/WebMvcConfigurer.class] cannot be opened because it does not exist
	at org.springframework.context.annotation.ConfigurationClassParser.parse(ConfigurationClassParser.java:189)
	at org.springframework.context.annotation.ConfigurationClassPostProcessor.processConfigBeanDefinitions(ConfigurationClassPostProcessor.java:331)
	at org.springframework.context.annotation.ConfigurationClassPostProcessor.postProcessBeanDefinitionRegistry(ConfigurationClassPostProcessor.java:247)
	at org.springframework.context.support.PostProcessorRegistrationDelegate.invokeBeanDefinitionRegistryPostProcessors(PostProcessorRegistrationDelegate.java:311)
	at org.springframework.context.support.PostProcessorRegistrationDelegate.invokeBeanFactoryPostProcessors(PostProcessorRegistrationDelegate.java:112)
	at org.springframework.context.support.AbstractApplicationContext.invokeBeanFactoryPostProcessors(AbstractApplicationContext.java:746)
	at org.springframework.context.support.AbstractApplicationContext.refresh(AbstractApplicationContext.java:564)
	at org.springframework.boot.web.servlet.context.ServletWebServerApplicationContext.refresh(ServletWebServerApplicationContext.java:145)
	at org.springframework.boot.SpringApplication.refresh(SpringApplication.java:740)
	at org.springframework.boot.SpringApplication.refreshContext(SpringApplication.java:415)
	at org.springframework.boot.SpringApplication.run(SpringApplication.java:303)
	at org.springframework.boot.web.servlet.support.SpringBootServletInitializer.run(SpringBootServletInitializer.java:175)
	at org.springframework.boot.web.servlet.support.SpringBootServletInitializer.createRootApplicationContext(SpringBootServletInitializer.java:155)
	at org.springframework.boot.web.servlet.support.SpringBootServletInitializer.onStartup(SpringBootServletInitializer.java:97)
	at org.springframework.web.SpringServletContainerInitializer.onStartup(SpringServletContainerInitializer.java:174)
	at io.undertow.servlet.core.DeploymentManagerImpl$1.call(DeploymentManagerImpl.java:204)
	at io.undertow.servlet.core.DeploymentManagerImpl$1.call(DeploymentManagerImpl.java:187)
	at io.undertow.servlet.core.ServletRequestContextThreadSetupAction$1.call(ServletRequestContextThreadSetupAction.java:42)
	at io.undertow.servlet.core.ContextClassLoaderSetupAction$1.call(ContextClassLoaderSetupAction.java:43)
	at org.wildfly.extension.undertow.security.SecurityContextThreadSetupAction.lambda$create$0(SecurityContextThreadSetupAction.java:105)
	at org.wildfly.extension.undertow.deployment.UndertowDeploymentInfoService$UndertowThreadSetupAction.lambda$create$0(UndertowDeploymentInfoService.java:1530)
	at org.wildfly.extension.undertow.deployment.UndertowDeploymentInfoService$UndertowThreadSetupAction.lambda$create$0(UndertowDeploymentInfoService.java:1530)
	at org.wildfly.extension.undertow.deployment.UndertowDeploymentInfoService$UndertowThreadSetupAction.lambda$create$0(UndertowDeploymentInfoService.java:1530)
	at org.wildfly.extension.undertow.deployment.UndertowDeploymentInfoService$UndertowThreadSetupAction.lambda$create$0(UndertowDeploymentInfoService.java:1530)
	at io.undertow.servlet.core.DeploymentManagerImpl.deploy(DeploymentManagerImpl.java:255)
	at org.wildfly.extension.undertow.deployment.UndertowDeploymentService.startContext(UndertowDeploymentService.java:96)
	at org.wildfly.extension.undertow.deployment.UndertowDeploymentService$1.run(UndertowDeploymentService.java:78)
	at java.util.concurrent.Executors$RunnableAdapter.call(Executors.java:511)
	at java.util.concurrent.FutureTask.run(FutureTask.java:266)
	at org.jboss.threads.ContextClassLoaderSavingRunnable.run(ContextClassLoaderSavingRunnable.java:35)
	at org.jboss.threads.EnhancedQueueExecutor.safeRun(EnhancedQueueExecutor.java:1990)
	at org.jboss.threads.EnhancedQueueExecutor$ThreadBody.doRunTask(EnhancedQueueExecutor.java:1486)
	at org.jboss.threads.EnhancedQueueExecutor$ThreadBody.run(EnhancedQueueExecutor.java:1377)
	at java.lang.Thread.run(Thread.java:748)
	at org.jboss.threads.JBossThread.run(JBossThread.java:513)
Caused by: java.io.FileNotFoundException: class path resource [org/springframework/web/servlet/config/annotation/WebMvcConfigurer.class] cannot be opened because it does not exist
	at org.springframework.core.io.ClassPathResource.getInputStream(ClassPathResource.java:199)
	at org.springframework.core.type.classreading.SimpleMetadataReader.getClassReader(SimpleMetadataReader.java:55)
	at org.springframework.core.type.classreading.SimpleMetadataReader.<init>(SimpleMetadataReader.java:49)
	at org.springframework.core.type.classreading.SimpleMetadataReaderFactory.getMetadataReader(SimpleMetadataReaderFactory.java:103)
	at org.springframework.boot.type.classreading.ConcurrentReferenceCachingMetadataReaderFactory.createMetadataReader(ConcurrentReferenceCachingMetadataReaderFactory.java:86)
	at org.springframework.boot.type.classreading.ConcurrentReferenceCachingMetadataReaderFactory.getMetadataReader(ConcurrentReferenceCachingMetadataReaderFactory.java:73)
	at org.springframework.core.type.classreading.SimpleMetadataReaderFactory.getMetadataReader(SimpleMetadataReaderFactory.java:81)
	at org.springframework.context.annotation.ConfigurationClassParser.asSourceClass(ConfigurationClassParser.java:696)
	at org.springframework.context.annotation.ConfigurationClassParser$SourceClass.getInterfaces(ConfigurationClassParser.java:1024)
	at org.springframework.context.annotation.ConfigurationClassParser.processInterfaces(ConfigurationClassParser.java:386)
	at org.springframework.context.annotation.ConfigurationClassParser.doProcessConfigurationClass(ConfigurationClassParser.java:332)
	at org.springframework.context.annotation.ConfigurationClassParser.processConfigurationClass(ConfigurationClassParser.java:250)
	at org.springframework.context.annotation.ConfigurationClassParser.parse(ConfigurationClassParser.java:199)
	at org.springframework.context.annotation.ConfigurationClassParser.doProcessConfigurationClass(ConfigurationClassParser.java:304)
	at org.springframework.context.annotation.ConfigurationClassParser.processConfigurationClass(ConfigurationClassParser.java:250)
	at org.springframework.context.annotation.ConfigurationClassParser.parse(ConfigurationClassParser.java:207)
	at org.springframework.context.annotation.ConfigurationClassParser.parse(ConfigurationClassParser.java:175)
	... 34 more

2025-04-29 15:01:25,803 ERROR [org.jboss.msc.service.fail] (ServerService Thread Pool -- 128) MSC000001: Failed to start service jboss.deployment.unit."thegreatwall.war".undertow-deployment: org.jboss.msc.service.StartException in service jboss.deployment.unit."thegreatwall.war".undertow-deployment: java.lang.RuntimeException: org.springframework.beans.factory.BeanDefinitionStoreException: Failed to parse configuration class [com.thegreatwall.TheGreatWallApplication]; nested exception is java.io.FileNotFoundException: class path resource [org/springframework/web/servlet/config/annotation/WebMvcConfigurer.class] cannot be opened because it does not exist
	at org.wildfly.extension.undertow.deployment.UndertowDeploymentService$1.run(UndertowDeploymentService.java:81)
	at java.util.concurrent.Executors$RunnableAdapter.call(Executors.java:511)
	at java.util.concurrent.FutureTask.run(FutureTask.java:266)
	at org.jboss.threads.ContextClassLoaderSavingRunnable.run(ContextClassLoaderSavingRunnable.java:35)
	at org.jboss.threads.EnhancedQueueExecutor.safeRun(EnhancedQueueExecutor.java:1990)
	at org.jboss.threads.EnhancedQueueExecutor$ThreadBody.doRunTask(EnhancedQueueExecutor.java:1486)
	at org.jboss.threads.EnhancedQueueExecutor$ThreadBody.run(EnhancedQueueExecutor.java:1377)
	at java.lang.Thread.run(Thread.java:748)
	at org.jboss.threads.JBossThread.run(JBossThread.java:513)
Caused by: java.lang.RuntimeException: org.springframework.beans.factory.BeanDefinitionStoreException: Failed to parse configuration class [com.thegreatwall.TheGreatWallApplication]; nested exception is java.io.FileNotFoundException: class path resource [org/springframework/web/servlet/config/annotation/WebMvcConfigurer.class] cannot be opened because it does not exist
	at io.undertow.servlet.core.DeploymentManagerImpl.deploy(DeploymentManagerImpl.java:257)
	at org.wildfly.extension.undertow.deployment.UndertowDeploymentService.startContext(UndertowDeploymentService.java:96)
	at org.wildfly.extension.undertow.deployment.UndertowDeploymentService$1.run(UndertowDeploymentService.java:78)
	... 8 more
Caused by: org.springframework.beans.factory.BeanDefinitionStoreException: Failed to parse configuration class [com.thegreatwall.TheGreatWallApplication]; nested exception is java.io.FileNotFoundException: class path resource [org/springframework/web/servlet/config/annotation/WebMvcConfigurer.class] cannot be opened because it does not exist
	at org.springframework.context.annotation.ConfigurationClassParser.parse(ConfigurationClassParser.java:189)
	at org.springframework.context.annotation.ConfigurationClassPostProcessor.processConfigBeanDefinitions(ConfigurationClassPostProcessor.java:331)
	at org.springframework.context.annotation.ConfigurationClassPostProcessor.postProcessBeanDefinitionRegistry(ConfigurationClassPostProcessor.java:247)
	at org.springframework.context.support.PostProcessorRegistrationDelegate.invokeBeanDefinitionRegistryPostProcessors(PostProcessorRegistrationDelegate.java:311)
	at org.springframework.context.support.PostProcessorRegistrationDelegate.invokeBeanFactoryPostProcessors(PostProcessorRegistrationDelegate.java:112)
	at org.springframework.context.support.AbstractApplicationContext.invokeBeanFactoryPostProcessors(AbstractApplicationContext.java:746)
	at org.springframework.context.support.AbstractApplicationContext.refresh(AbstractApplicationContext.java:564)
	at org.springframework.boot.web.servlet.context.ServletWebServerApplicationContext.refresh(ServletWebServerApplicationContext.java:145)
	at org.springframework.boot.SpringApplication.refresh(SpringApplication.java:740)
	at org.springframework.boot.SpringApplication.refreshContext(SpringApplication.java:415)
	at org.springframework.boot.SpringApplication.run(SpringApplication.java:303)
	at org.springframework.boot.web.servlet.support.SpringBootServletInitializer.run(SpringBootServletInitializer.java:175)
	at org.springframework.boot.web.servlet.support.SpringBootServletInitializer.createRootApplicationContext(SpringBootServletInitializer.java:155)
	at org.springframework.boot.web.servlet.support.SpringBootServletInitializer.onStartup(SpringBootServletInitializer.java:97)
	at org.springframework.web.SpringServletContainerInitializer.onStartup(SpringServletContainerInitializer.java:174)
	at io.undertow.servlet.core.DeploymentManagerImpl$1.call(DeploymentManagerImpl.java:204)
	at io.undertow.servlet.core.DeploymentManagerImpl$1.call(DeploymentManagerImpl.java:187)
	at io.undertow.servlet.core.ServletRequestContextThreadSetupAction$1.call(ServletRequestContextThreadSetupAction.java:42)
	at io.undertow.servlet.core.ContextClassLoaderSetupAction$1.call(ContextClassLoaderSetupAction.java:43)
	at org.wildfly.extension.undertow.security.SecurityContextThreadSetupAction.lambda$create$0(SecurityContextThreadSetupAction.java:105)
	at org.wildfly.extension.undertow.deployment.UndertowDeploymentInfoService$UndertowThreadSetupAction.lambda$create$0(UndertowDeploymentInfoService.java:1530)
	at org.wildfly.extension.undertow.deployment.UndertowDeploymentInfoService$UndertowThreadSetupAction.lambda$create$0(UndertowDeploymentInfoService.java:1530)
	at org.wildfly.extension.undertow.deployment.UndertowDeploymentInfoService$UndertowThreadSetupAction.lambda$create$0(UndertowDeploymentInfoService.java:1530)
	at org.wildfly.extension.undertow.deployment.UndertowDeploymentInfoService$UndertowThreadSetupAction.lambda$create$0(UndertowDeploymentInfoService.java:1530)
	at io.undertow.servlet.core.DeploymentManagerImpl.deploy(DeploymentManagerImpl.java:255)
	... 10 more
Caused by: java.io.FileNotFoundException: class path resource [org/springframework/web/servlet/config/annotation/WebMvcConfigurer.class] cannot be opened because it does not exist
	at org.springframework.core.io.ClassPathResource.getInputStream(ClassPathResource.java:199)
	at org.springframework.core.type.classreading.SimpleMetadataReader.getClassReader(SimpleMetadataReader.java:55)
	at org.springframework.core.type.classreading.SimpleMetadataReader.<init>(SimpleMetadataReader.java:49)
	at org.springframework.core.type.classreading.SimpleMetadataReaderFactory.getMetadataReader(SimpleMetadataReaderFactory.java:103)
	at org.springframework.boot.type.classreading.ConcurrentReferenceCachingMetadataReaderFactory.createMetadataReader(ConcurrentReferenceCachingMetadataReaderFactory.java:86)
	at org.springframework.boot.type.classreading.ConcurrentReferenceCachingMetadataReaderFactory.getMetadataReader(ConcurrentReferenceCachingMetadataReaderFactory.java:73)
	at org.springframework.core.type.classreading.SimpleMetadataReaderFactory.getMetadataReader(SimpleMetadataReaderFactory.java:81)
	at org.springframework.context.annotation.ConfigurationClassParser.asSourceClass(ConfigurationClassParser.java:696)
	at org.springframework.context.annotation.ConfigurationClassParser$SourceClass.getInterfaces(ConfigurationClassParser.java:1024)
	at org.springframework.context.annotation.ConfigurationClassParser.processInterfaces(ConfigurationClassParser.java:386)
	at org.springframework.context.annotation.ConfigurationClassParser.doProcessConfigurationClass(ConfigurationClassParser.java:332)
	at org.springframework.context.annotation.ConfigurationClassParser.processConfigurationClass(ConfigurationClassParser.java:250)
	at org.springframework.context.annotation.ConfigurationClassParser.parse(ConfigurationClassParser.java:199)
	at org.springframework.context.annotation.ConfigurationClassParser.doProcessConfigurationClass(ConfigurationClassParser.java:304)
	at org.springframework.context.annotation.ConfigurationClassParser.processConfigurationClass(ConfigurationClassParser.java:250)
	at org.springframework.context.annotation.ConfigurationClassParser.parse(ConfigurationClassParser.java:207)
	at org.springframework.context.annotation.ConfigurationClassParser.parse(ConfigurationClassParser.java:175)
	... 34 more

2025-04-29 15:01:25,816 ERROR [org.jboss.as.controller.management-operation] (DeploymentScanner-threads - 2) WFLYCTL0013: Operation ("full-replace-deployment") failed - address: ([]) - failure description: {"WFLYCTL0080: Failed services" => {"jboss.deployment.unit.\"thegreatwall.war\".undertow-deployment" => "java.lang.RuntimeException: org.springframework.beans.factory.BeanDefinitionStoreException: Failed to parse configuration class [com.thegreatwall.TheGreatWallApplication]; nested exception is java.io.FileNotFoundException: class path resource [org/springframework/web/servlet/config/annotation/WebMvcConfigurer.class] cannot be opened because it does not exist
    Caused by: java.lang.RuntimeException: org.springframework.beans.factory.BeanDefinitionStoreException: Failed to parse configuration class [com.thegreatwall.TheGreatWallApplication]; nested exception is java.io.FileNotFoundException: class path resource [org/springframework/web/servlet/config/annotation/WebMvcConfigurer.class] cannot be opened because it does not exist
    Caused by: org.springframework.beans.factory.BeanDefinitionStoreException: Failed to parse configuration class [com.thegreatwall.TheGreatWallApplication]; nested exception is java.io.FileNotFoundException: class path resource [org/springframework/web/servlet/config/annotation/WebMvcConfigurer.class] cannot be opened because it does not exist
    Caused by: java.io.FileNotFoundException: class path resource [org/springframework/web/servlet/config/annotation/WebMvcConfigurer.class] cannot be opened because it does not exist"}}
2025-04-29 15:09:59,200 INFO  [com.thegreatwall.TheGreatWallApplication] (ServerService Thread Pool -- 140) Starting TheGreatWallApplication using Java 1.8.0_181-1-ojdkbuild on DESKTOP-QR3RA1D with PID 26284 (started by nanum in D:\the_great_wall\the_great_wall_ver_1\thegreatwall\jboss\wildfly-23.0.2.Final\bin)
2025-04-29 15:09:59,200 DEBUG [com.thegreatwall.TheGreatWallApplication] (ServerService Thread Pool -- 140) Running with Spring Boot v2.6.5, Spring v5.3.17
2025-04-29 15:09:59,200 INFO  [com.thegreatwall.TheGreatWallApplication] (ServerService Thread Pool -- 140) No active profile set, falling back to 1 default profile: "default"
2025-04-29 15:10:00,306 INFO  [org.springframework.security.web.DefaultSecurityFilterChain] (ServerService Thread Pool -- 140) Will not secure any request
2025-04-29 15:10:00,693 INFO  [com.thegreatwall.TheGreatWallApplication] (ServerService Thread Pool -- 140) Started TheGreatWallApplication in 1.771 seconds (JVM running for 21052.505)
2025-04-29 15:10:01,692 ERROR [stderr] (ServerService Thread Pool -- 140) javax.faces.FacesException: Unable to find CDI BeanManager
2025-04-29 15:10:01,693 ERROR [stderr] (ServerService Thread Pool -- 140) 	at com.sun.faces.application.applicationimpl.Version.isJsf23(Version.java:62)
2025-04-29 15:10:01,693 ERROR [stderr] (ServerService Thread Pool -- 140) 	at com.sun.faces.application.applicationimpl.ExpressionLanguage.addELResolver(ExpressionLanguage.java:140)
2025-04-29 15:10:01,694 ERROR [stderr] (ServerService Thread Pool -- 140) 	at com.sun.faces.application.ApplicationImpl.addELResolver(ApplicationImpl.java:221)
2025-04-29 15:10:01,694 ERROR [stderr] (ServerService Thread Pool -- 140) 	at org.jboss.as.jsf.injection.weld.WeldApplication.<init>(WeldApplication.java:60)
2025-04-29 15:10:01,694 ERROR [stderr] (ServerService Thread Pool -- 140) 	at org.jboss.as.jsf.injection.weld.WeldApplicationFactory.getApplication(WeldApplicationFactory.java:52)
2025-04-29 15:10:01,695 ERROR [stderr] (ServerService Thread Pool -- 140) 	at com.sun.faces.application.InjectionApplicationFactory.getApplication(InjectionApplicationFactory.java:61)
2025-04-29 15:10:01,695 ERROR [stderr] (ServerService Thread Pool -- 140) 	at com.sun.faces.config.InitFacesContext.getApplication(InitFacesContext.java:109)
2025-04-29 15:10:01,695 ERROR [stderr] (ServerService Thread Pool -- 140) 	at com.sun.faces.lifecycle.ClientWindowFactoryImpl.<init>(ClientWindowFactoryImpl.java:39)
2025-04-29 15:10:01,696 ERROR [stderr] (ServerService Thread Pool -- 140) 	at sun.reflect.NativeConstructorAccessorImpl.newInstance0(Native Method)
2025-04-29 15:10:01,696 ERROR [stderr] (ServerService Thread Pool -- 140) 	at sun.reflect.NativeConstructorAccessorImpl.newInstance(NativeConstructorAccessorImpl.java:62)
2025-04-29 15:10:01,696 ERROR [stderr] (ServerService Thread Pool -- 140) 	at sun.reflect.DelegatingConstructorAccessorImpl.newInstance(DelegatingConstructorAccessorImpl.java:45)
2025-04-29 15:10:01,697 ERROR [stderr] (ServerService Thread Pool -- 140) 	at java.lang.reflect.Constructor.newInstance(Constructor.java:423)
2025-04-29 15:10:01,697 ERROR [stderr] (ServerService Thread Pool -- 140) 	at java.lang.Class.newInstance(Class.java:442)
2025-04-29 15:10:01,697 ERROR [stderr] (ServerService Thread Pool -- 140) 	at javax.faces.FactoryFinderInstance.getImplGivenPreviousImpl(FactoryFinderInstance.java:458)
2025-04-29 15:10:01,698 ERROR [stderr] (ServerService Thread Pool -- 140) 	at javax.faces.FactoryFinderInstance.getImplementationInstance(FactoryFinderInstance.java:348)
2025-04-29 15:10:01,698 ERROR [stderr] (ServerService Thread Pool -- 140) 	at javax.faces.FactoryFinderInstance.getFactory(FactoryFinderInstance.java:200)
2025-04-29 15:10:01,699 ERROR [stderr] (ServerService Thread Pool -- 140) 	at javax.faces.FactoryFinder.getFactory(FactoryFinder.java:279)
2025-04-29 15:10:01,699 ERROR [stderr] (ServerService Thread Pool -- 140) 	at com.sun.faces.config.processor.FactoryConfigProcessor.lambda$verifyFactoriesExist$0(FactoryConfigProcessor.java:303)
2025-04-29 15:10:01,700 ERROR [stderr] (ServerService Thread Pool -- 140) 	at java.util.Spliterators$ArraySpliterator.forEachRemaining(Spliterators.java:948)
2025-04-29 15:10:01,700 ERROR [stderr] (ServerService Thread Pool -- 140) 	at java.util.stream.ReferencePipeline$Head.forEach(ReferencePipeline.java:580)
2025-04-29 15:10:01,701 ERROR [stderr] (ServerService Thread Pool -- 140) 	at com.sun.faces.config.processor.FactoryConfigProcessor.verifyFactoriesExist(FactoryConfigProcessor.java:297)
2025-04-29 15:10:01,701 ERROR [stderr] (ServerService Thread Pool -- 140) 	at com.sun.faces.config.processor.FactoryConfigProcessor.process(FactoryConfigProcessor.java:211)
2025-04-29 15:10:01,701 ERROR [stderr] (ServerService Thread Pool -- 140) 	at com.sun.faces.config.ConfigManager.lambda$initialize$0(ConfigManager.java:295)
2025-04-29 15:10:01,702 ERROR [stderr] (ServerService Thread Pool -- 140) 	at java.util.Iterator.forEachRemaining(Iterator.java:116)
2025-04-29 15:10:01,702 ERROR [stderr] (ServerService Thread Pool -- 140) 	at java.util.Spliterators$IteratorSpliterator.forEachRemaining(Spliterators.java:1801)
2025-04-29 15:10:01,703 ERROR [stderr] (ServerService Thread Pool -- 140) 	at java.util.stream.ReferencePipeline$Head.forEach(ReferencePipeline.java:580)
2025-04-29 15:10:01,703 ERROR [stderr] (ServerService Thread Pool -- 140) 	at com.sun.faces.config.ConfigManager.initialize(ConfigManager.java:293)
2025-04-29 15:10:01,703 ERROR [stderr] (ServerService Thread Pool -- 140) 	at com.sun.faces.config.ConfigureListener.contextInitialized(ConfigureListener.java:207)
2025-04-29 15:10:01,704 ERROR [stderr] (ServerService Thread Pool -- 140) 	at io.undertow.servlet.core.ApplicationListeners.contextInitialized(ApplicationListeners.java:187)
2025-04-29 15:10:01,704 ERROR [stderr] (ServerService Thread Pool -- 140) 	at io.undertow.servlet.core.DeploymentManagerImpl$1.call(DeploymentManagerImpl.java:219)
2025-04-29 15:10:01,704 ERROR [stderr] (ServerService Thread Pool -- 140) 	at io.undertow.servlet.core.DeploymentManagerImpl$1.call(DeploymentManagerImpl.java:187)
2025-04-29 15:10:01,705 ERROR [stderr] (ServerService Thread Pool -- 140) 	at io.undertow.servlet.core.ServletRequestContextThreadSetupAction$1.call(ServletRequestContextThreadSetupAction.java:42)
2025-04-29 15:10:01,705 ERROR [stderr] (ServerService Thread Pool -- 140) 	at io.undertow.servlet.core.ContextClassLoaderSetupAction$1.call(ContextClassLoaderSetupAction.java:43)
2025-04-29 15:10:01,706 ERROR [stderr] (ServerService Thread Pool -- 140) 	at org.wildfly.extension.undertow.security.SecurityContextThreadSetupAction.lambda$create$0(SecurityContextThreadSetupAction.java:105)
2025-04-29 15:10:01,706 ERROR [stderr] (ServerService Thread Pool -- 140) 	at org.wildfly.extension.undertow.deployment.UndertowDeploymentInfoService$UndertowThreadSetupAction.lambda$create$0(UndertowDeploymentInfoService.java:1530)
2025-04-29 15:10:01,707 ERROR [stderr] (ServerService Thread Pool -- 140) 	at org.wildfly.extension.undertow.deployment.UndertowDeploymentInfoService$UndertowThreadSetupAction.lambda$create$0(UndertowDeploymentInfoService.java:1530)
2025-04-29 15:10:01,707 ERROR [stderr] (ServerService Thread Pool -- 140) 	at org.wildfly.extension.undertow.deployment.UndertowDeploymentInfoService$UndertowThreadSetupAction.lambda$create$0(UndertowDeploymentInfoService.java:1530)
2025-04-29 15:10:01,708 ERROR [stderr] (ServerService Thread Pool -- 140) 	at org.wildfly.extension.undertow.deployment.UndertowDeploymentInfoService$UndertowThreadSetupAction.lambda$create$0(UndertowDeploymentInfoService.java:1530)
2025-04-29 15:10:01,708 ERROR [stderr] (ServerService Thread Pool -- 140) 	at io.undertow.servlet.core.DeploymentManagerImpl.deploy(DeploymentManagerImpl.java:255)
2025-04-29 15:10:01,708 ERROR [stderr] (ServerService Thread Pool -- 140) 	at org.wildfly.extension.undertow.deployment.UndertowDeploymentService.startContext(UndertowDeploymentService.java:96)
2025-04-29 15:10:01,709 ERROR [stderr] (ServerService Thread Pool -- 140) 	at org.wildfly.extension.undertow.deployment.UndertowDeploymentService$1.run(UndertowDeploymentService.java:78)
2025-04-29 15:10:01,709 ERROR [stderr] (ServerService Thread Pool -- 140) 	at java.util.concurrent.Executors$RunnableAdapter.call(Executors.java:511)
2025-04-29 15:10:01,709 ERROR [stderr] (ServerService Thread Pool -- 140) 	at java.util.concurrent.FutureTask.run(FutureTask.java:266)
2025-04-29 15:10:01,710 ERROR [stderr] (ServerService Thread Pool -- 140) 	at org.jboss.threads.ContextClassLoaderSavingRunnable.run(ContextClassLoaderSavingRunnable.java:35)
2025-04-29 15:10:01,710 ERROR [stderr] (ServerService Thread Pool -- 140) 	at org.jboss.threads.EnhancedQueueExecutor.safeRun(EnhancedQueueExecutor.java:1990)
2025-04-29 15:10:01,710 ERROR [stderr] (ServerService Thread Pool -- 140) 	at org.jboss.threads.EnhancedQueueExecutor$ThreadBody.doRunTask(EnhancedQueueExecutor.java:1486)
2025-04-29 15:10:01,711 ERROR [stderr] (ServerService Thread Pool -- 140) 	at org.jboss.threads.EnhancedQueueExecutor$ThreadBody.run(EnhancedQueueExecutor.java:1377)
2025-04-29 15:10:01,711 ERROR [stderr] (ServerService Thread Pool -- 140) 	at java.lang.Thread.run(Thread.java:748)
2025-04-29 15:10:01,711 ERROR [stderr] (ServerService Thread Pool -- 140) 	at org.jboss.threads.JBossThread.run(JBossThread.java:513)
2025-04-29 15:10:01,719 ERROR [stderr] (ServerService Thread Pool -- 140) javax.faces.FacesException: Unable to find CDI BeanManager
2025-04-29 15:10:01,720 ERROR [stderr] (ServerService Thread Pool -- 140) 	at com.sun.faces.application.applicationimpl.Version.isJsf23(Version.java:62)
2025-04-29 15:10:01,720 ERROR [stderr] (ServerService Thread Pool -- 140) 	at com.sun.faces.application.applicationimpl.ExpressionLanguage.addELResolver(ExpressionLanguage.java:140)
2025-04-29 15:10:01,721 ERROR [stderr] (ServerService Thread Pool -- 140) 	at com.sun.faces.application.ApplicationImpl.addELResolver(ApplicationImpl.java:221)
2025-04-29 15:10:01,721 ERROR [stderr] (ServerService Thread Pool -- 140) 	at org.jboss.as.jsf.injection.weld.WeldApplication.<init>(WeldApplication.java:60)
2025-04-29 15:10:01,721 ERROR [stderr] (ServerService Thread Pool -- 140) 	at org.jboss.as.jsf.injection.weld.WeldApplicationFactory.getApplication(WeldApplicationFactory.java:52)
2025-04-29 15:10:01,722 ERROR [stderr] (ServerService Thread Pool -- 140) 	at com.sun.faces.application.InjectionApplicationFactory.getApplication(InjectionApplicationFactory.java:61)
2025-04-29 15:10:01,722 ERROR [stderr] (ServerService Thread Pool -- 140) 	at com.sun.faces.config.InitFacesContext.getApplication(InitFacesContext.java:109)
2025-04-29 15:10:01,723 ERROR [stderr] (ServerService Thread Pool -- 140) 	at com.sun.faces.lifecycle.LifecycleImpl.<init>(LifecycleImpl.java:89)
2025-04-29 15:10:01,723 ERROR [stderr] (ServerService Thread Pool -- 140) 	at com.sun.faces.lifecycle.LifecycleFactoryImpl.<init>(LifecycleFactoryImpl.java:59)
2025-04-29 15:10:01,723 ERROR [stderr] (ServerService Thread Pool -- 140) 	at sun.reflect.NativeConstructorAccessorImpl.newInstance0(Native Method)
2025-04-29 15:10:01,724 ERROR [stderr] (ServerService Thread Pool -- 140) 	at sun.reflect.NativeConstructorAccessorImpl.newInstance(NativeConstructorAccessorImpl.java:62)
2025-04-29 15:10:01,724 ERROR [stderr] (ServerService Thread Pool -- 140) 	at sun.reflect.DelegatingConstructorAccessorImpl.newInstance(DelegatingConstructorAccessorImpl.java:45)
2025-04-29 15:10:01,724 ERROR [stderr] (ServerService Thread Pool -- 140) 	at java.lang.reflect.Constructor.newInstance(Constructor.java:423)
2025-04-29 15:10:01,725 ERROR [stderr] (ServerService Thread Pool -- 140) 	at java.lang.Class.newInstance(Class.java:442)
2025-04-29 15:10:01,725 ERROR [stderr] (ServerService Thread Pool -- 140) 	at javax.faces.FactoryFinderInstance.getImplGivenPreviousImpl(FactoryFinderInstance.java:458)
2025-04-29 15:10:01,725 ERROR [stderr] (ServerService Thread Pool -- 140) 	at javax.faces.FactoryFinderInstance.getImplementationInstance(FactoryFinderInstance.java:348)
2025-04-29 15:10:01,726 ERROR [stderr] (ServerService Thread Pool -- 140) 	at javax.faces.FactoryFinderInstance.getFactory(FactoryFinderInstance.java:200)
2025-04-29 15:10:01,726 ERROR [stderr] (ServerService Thread Pool -- 140) 	at javax.faces.FactoryFinder.getFactory(FactoryFinder.java:279)
2025-04-29 15:10:01,726 ERROR [stderr] (ServerService Thread Pool -- 140) 	at com.sun.faces.config.processor.FactoryConfigProcessor.lambda$verifyFactoriesExist$0(FactoryConfigProcessor.java:303)
2025-04-29 15:10:01,727 ERROR [stderr] (ServerService Thread Pool -- 140) 	at java.util.Spliterators$ArraySpliterator.forEachRemaining(Spliterators.java:948)
2025-04-29 15:10:01,727 ERROR [stderr] (ServerService Thread Pool -- 140) 	at java.util.stream.ReferencePipeline$Head.forEach(ReferencePipeline.java:580)
2025-04-29 15:10:01,727 ERROR [stderr] (ServerService Thread Pool -- 140) 	at com.sun.faces.config.processor.FactoryConfigProcessor.verifyFactoriesExist(FactoryConfigProcessor.java:297)
2025-04-29 15:10:01,728 ERROR [stderr] (ServerService Thread Pool -- 140) 	at com.sun.faces.config.processor.FactoryConfigProcessor.process(FactoryConfigProcessor.java:211)
2025-04-29 15:10:01,728 ERROR [stderr] (ServerService Thread Pool -- 140) 	at com.sun.faces.config.ConfigManager.lambda$initialize$0(ConfigManager.java:295)
2025-04-29 15:10:01,728 ERROR [stderr] (ServerService Thread Pool -- 140) 	at java.util.Iterator.forEachRemaining(Iterator.java:116)
2025-04-29 15:10:01,729 ERROR [stderr] (ServerService Thread Pool -- 140) 	at java.util.Spliterators$IteratorSpliterator.forEachRemaining(Spliterators.java:1801)
2025-04-29 15:10:01,730 ERROR [stderr] (ServerService Thread Pool -- 140) 	at java.util.stream.ReferencePipeline$Head.forEach(ReferencePipeline.java:580)
2025-04-29 15:10:01,730 ERROR [stderr] (ServerService Thread Pool -- 140) 	at com.sun.faces.config.ConfigManager.initialize(ConfigManager.java:293)
2025-04-29 15:10:01,730 ERROR [stderr] (ServerService Thread Pool -- 140) 	at com.sun.faces.config.ConfigureListener.contextInitialized(ConfigureListener.java:207)
2025-04-29 15:10:01,730 ERROR [stderr] (ServerService Thread Pool -- 140) 	at io.undertow.servlet.core.ApplicationListeners.contextInitialized(ApplicationListeners.java:187)
2025-04-29 15:10:01,730 ERROR [stderr] (ServerService Thread Pool -- 140) 	at io.undertow.servlet.core.DeploymentManagerImpl$1.call(DeploymentManagerImpl.java:219)
2025-04-29 15:10:01,731 ERROR [stderr] (ServerService Thread Pool -- 140) 	at io.undertow.servlet.core.DeploymentManagerImpl$1.call(DeploymentManagerImpl.java:187)
2025-04-29 15:10:01,731 ERROR [stderr] (ServerService Thread Pool -- 140) 	at io.undertow.servlet.core.ServletRequestContextThreadSetupAction$1.call(ServletRequestContextThreadSetupAction.java:42)
2025-04-29 15:10:01,732 ERROR [stderr] (ServerService Thread Pool -- 140) 	at io.undertow.servlet.core.ContextClassLoaderSetupAction$1.call(ContextClassLoaderSetupAction.java:43)
2025-04-29 15:10:01,732 ERROR [stderr] (ServerService Thread Pool -- 140) 	at org.wildfly.extension.undertow.security.SecurityContextThreadSetupAction.lambda$create$0(SecurityContextThreadSetupAction.java:105)
2025-04-29 15:10:01,733 ERROR [stderr] (ServerService Thread Pool -- 140) 	at org.wildfly.extension.undertow.deployment.UndertowDeploymentInfoService$UndertowThreadSetupAction.lambda$create$0(UndertowDeploymentInfoService.java:1530)
2025-04-29 15:10:01,733 ERROR [stderr] (ServerService Thread Pool -- 140) 	at org.wildfly.extension.undertow.deployment.UndertowDeploymentInfoService$UndertowThreadSetupAction.lambda$create$0(UndertowDeploymentInfoService.java:1530)
2025-04-29 15:10:01,734 ERROR [stderr] (ServerService Thread Pool -- 140) 	at org.wildfly.extension.undertow.deployment.UndertowDeploymentInfoService$UndertowThreadSetupAction.lambda$create$0(UndertowDeploymentInfoService.java:1530)
2025-04-29 15:10:01,734 ERROR [stderr] (ServerService Thread Pool -- 140) 	at org.wildfly.extension.undertow.deployment.UndertowDeploymentInfoService$UndertowThreadSetupAction.lambda$create$0(UndertowDeploymentInfoService.java:1530)
2025-04-29 15:10:01,735 ERROR [stderr] (ServerService Thread Pool -- 140) 	at io.undertow.servlet.core.DeploymentManagerImpl.deploy(DeploymentManagerImpl.java:255)
2025-04-29 15:10:01,735 ERROR [stderr] (ServerService Thread Pool -- 140) 	at org.wildfly.extension.undertow.deployment.UndertowDeploymentService.startContext(UndertowDeploymentService.java:96)
2025-04-29 15:10:01,736 ERROR [stderr] (ServerService Thread Pool -- 140) 	at org.wildfly.extension.undertow.deployment.UndertowDeploymentService$1.run(UndertowDeploymentService.java:78)
2025-04-29 15:10:01,736 ERROR [stderr] (ServerService Thread Pool -- 140) 	at java.util.concurrent.Executors$RunnableAdapter.call(Executors.java:511)
2025-04-29 15:10:01,736 ERROR [stderr] (ServerService Thread Pool -- 140) 	at java.util.concurrent.FutureTask.run(FutureTask.java:266)
2025-04-29 15:10:01,737 ERROR [stderr] (ServerService Thread Pool -- 140) 	at org.jboss.threads.ContextClassLoaderSavingRunnable.run(ContextClassLoaderSavingRunnable.java:35)
2025-04-29 15:10:01,737 ERROR [stderr] (ServerService Thread Pool -- 140) 	at org.jboss.threads.EnhancedQueueExecutor.safeRun(EnhancedQueueExecutor.java:1990)
2025-04-29 15:10:01,737 ERROR [stderr] (ServerService Thread Pool -- 140) 	at org.jboss.threads.EnhancedQueueExecutor$ThreadBody.doRunTask(EnhancedQueueExecutor.java:1486)
2025-04-29 15:10:01,738 ERROR [stderr] (ServerService Thread Pool -- 140) 	at org.jboss.threads.EnhancedQueueExecutor$ThreadBody.run(EnhancedQueueExecutor.java:1377)
2025-04-29 15:10:01,738 ERROR [stderr] (ServerService Thread Pool -- 140) 	at java.lang.Thread.run(Thread.java:748)
2025-04-29 15:10:01,739 ERROR [stderr] (ServerService Thread Pool -- 140) 	at org.jboss.threads.JBossThread.run(JBossThread.java:513)
2025-04-29 15:10:01,745 SEVERE [javax.faces] (ServerService Thread Pool -- 140) 응용 프로그램 시작 시 올바르게 초기화되지 않아 javax.faces.lifecycle.LifecycleFactory 팩토리를 찾지 못했습니다. Attempting to find backup.
2025-04-29 15:10:01,746 ERROR [stderr] (ServerService Thread Pool -- 140) java.lang.IllegalStateException: Could not find backup for factory javax.faces.lifecycle.LifecycleFactory. 
2025-04-29 15:10:01,747 ERROR [stderr] (ServerService Thread Pool -- 140) 	at javax.faces.FactoryFinderInstance.notNullFactory(FactoryFinderInstance.java:524)
2025-04-29 15:10:01,748 ERROR [stderr] (ServerService Thread Pool -- 140) 	at javax.faces.FactoryFinderInstance.getFactory(FactoryFinderInstance.java:207)
2025-04-29 15:10:01,748 ERROR [stderr] (ServerService Thread Pool -- 140) 	at javax.faces.FactoryFinder.getFactory(FactoryFinder.java:279)
2025-04-29 15:10:01,748 ERROR [stderr] (ServerService Thread Pool -- 140) 	at com.sun.faces.config.processor.LifecycleConfigProcessor.process(LifecycleConfigProcessor.java:80)
2025-04-29 15:10:01,749 ERROR [stderr] (ServerService Thread Pool -- 140) 	at com.sun.faces.config.ConfigManager.lambda$initialize$0(ConfigManager.java:295)
2025-04-29 15:10:01,749 ERROR [stderr] (ServerService Thread Pool -- 140) 	at java.util.Iterator.forEachRemaining(Iterator.java:116)
2025-04-29 15:10:01,750 ERROR [stderr] (ServerService Thread Pool -- 140) 	at java.util.Spliterators$IteratorSpliterator.forEachRemaining(Spliterators.java:1801)
2025-04-29 15:10:01,750 ERROR [stderr] (ServerService Thread Pool -- 140) 	at java.util.stream.ReferencePipeline$Head.forEach(ReferencePipeline.java:580)
2025-04-29 15:10:01,751 ERROR [stderr] (ServerService Thread Pool -- 140) 	at com.sun.faces.config.ConfigManager.initialize(ConfigManager.java:293)
2025-04-29 15:10:01,751 ERROR [stderr] (ServerService Thread Pool -- 140) 	at com.sun.faces.config.ConfigureListener.contextInitialized(ConfigureListener.java:207)
2025-04-29 15:10:01,751 ERROR [stderr] (ServerService Thread Pool -- 140) 	at io.undertow.servlet.core.ApplicationListeners.contextInitialized(ApplicationListeners.java:187)
2025-04-29 15:10:01,752 ERROR [stderr] (ServerService Thread Pool -- 140) 	at io.undertow.servlet.core.DeploymentManagerImpl$1.call(DeploymentManagerImpl.java:219)
2025-04-29 15:10:01,752 ERROR [stderr] (ServerService Thread Pool -- 140) 	at io.undertow.servlet.core.DeploymentManagerImpl$1.call(DeploymentManagerImpl.java:187)
2025-04-29 15:10:01,752 ERROR [stderr] (ServerService Thread Pool -- 140) 	at io.undertow.servlet.core.ServletRequestContextThreadSetupAction$1.call(ServletRequestContextThreadSetupAction.java:42)
2025-04-29 15:10:01,753 ERROR [stderr] (ServerService Thread Pool -- 140) 	at io.undertow.servlet.core.ContextClassLoaderSetupAction$1.call(ContextClassLoaderSetupAction.java:43)
2025-04-29 15:10:01,753 ERROR [stderr] (ServerService Thread Pool -- 140) 	at org.wildfly.extension.undertow.security.SecurityContextThreadSetupAction.lambda$create$0(SecurityContextThreadSetupAction.java:105)
2025-04-29 15:10:01,754 ERROR [stderr] (ServerService Thread Pool -- 140) 	at org.wildfly.extension.undertow.deployment.UndertowDeploymentInfoService$UndertowThreadSetupAction.lambda$create$0(UndertowDeploymentInfoService.java:1530)
2025-04-29 15:10:01,754 ERROR [stderr] (ServerService Thread Pool -- 140) 	at org.wildfly.extension.undertow.deployment.UndertowDeploymentInfoService$UndertowThreadSetupAction.lambda$create$0(UndertowDeploymentInfoService.java:1530)
2025-04-29 15:10:01,754 ERROR [stderr] (ServerService Thread Pool -- 140) 	at org.wildfly.extension.undertow.deployment.UndertowDeploymentInfoService$UndertowThreadSetupAction.lambda$create$0(UndertowDeploymentInfoService.java:1530)
2025-04-29 15:10:01,755 ERROR [stderr] (ServerService Thread Pool -- 140) 	at org.wildfly.extension.undertow.deployment.UndertowDeploymentInfoService$UndertowThreadSetupAction.lambda$create$0(UndertowDeploymentInfoService.java:1530)
2025-04-29 15:10:01,755 ERROR [stderr] (ServerService Thread Pool -- 140) 	at io.undertow.servlet.core.DeploymentManagerImpl.deploy(DeploymentManagerImpl.java:255)
2025-04-29 15:10:01,756 ERROR [stderr] (ServerService Thread Pool -- 140) 	at org.wildfly.extension.undertow.deployment.UndertowDeploymentService.startContext(UndertowDeploymentService.java:96)
2025-04-29 15:10:01,756 ERROR [stderr] (ServerService Thread Pool -- 140) 	at org.wildfly.extension.undertow.deployment.UndertowDeploymentService$1.run(UndertowDeploymentService.java:78)
2025-04-29 15:10:01,757 ERROR [stderr] (ServerService Thread Pool -- 140) 	at java.util.concurrent.Executors$RunnableAdapter.call(Executors.java:511)
2025-04-29 15:10:01,757 ERROR [stderr] (ServerService Thread Pool -- 140) 	at java.util.concurrent.FutureTask.run(FutureTask.java:266)
2025-04-29 15:10:01,757 ERROR [stderr] (ServerService Thread Pool -- 140) 	at org.jboss.threads.ContextClassLoaderSavingRunnable.run(ContextClassLoaderSavingRunnable.java:35)
2025-04-29 15:10:01,759 ERROR [stderr] (ServerService Thread Pool -- 140) 	at org.jboss.threads.EnhancedQueueExecutor.safeRun(EnhancedQueueExecutor.java:1990)
2025-04-29 15:10:01,759 ERROR [stderr] (ServerService Thread Pool -- 140) 	at org.jboss.threads.EnhancedQueueExecutor$ThreadBody.doRunTask(EnhancedQueueExecutor.java:1486)
2025-04-29 15:10:01,760 ERROR [stderr] (ServerService Thread Pool -- 140) 	at org.jboss.threads.EnhancedQueueExecutor$ThreadBody.run(EnhancedQueueExecutor.java:1377)
2025-04-29 15:10:01,760 ERROR [stderr] (ServerService Thread Pool -- 140) 	at java.lang.Thread.run(Thread.java:748)
2025-04-29 15:10:01,760 ERROR [stderr] (ServerService Thread Pool -- 140) 	at org.jboss.threads.JBossThread.run(JBossThread.java:513)
2025-04-29 15:10:01,764 ERROR [stderr] (ServerService Thread Pool -- 140) javax.faces.FacesException: Unable to find CDI BeanManager
2025-04-29 15:10:01,764 ERROR [stderr] (ServerService Thread Pool -- 140) 	at com.sun.faces.application.applicationimpl.Version.isJsf23(Version.java:62)
2025-04-29 15:10:01,765 ERROR [stderr] (ServerService Thread Pool -- 140) 	at com.sun.faces.application.applicationimpl.ExpressionLanguage.addELResolver(ExpressionLanguage.java:140)
2025-04-29 15:10:01,765 ERROR [stderr] (ServerService Thread Pool -- 140) 	at com.sun.faces.application.ApplicationImpl.addELResolver(ApplicationImpl.java:221)
2025-04-29 15:10:01,766 ERROR [stderr] (ServerService Thread Pool -- 140) 	at org.jboss.as.jsf.injection.weld.WeldApplication.<init>(WeldApplication.java:60)
2025-04-29 15:10:01,766 ERROR [stderr] (ServerService Thread Pool -- 140) 	at org.jboss.as.jsf.injection.weld.WeldApplicationFactory.getApplication(WeldApplicationFactory.java:52)
2025-04-29 15:10:01,766 ERROR [stderr] (ServerService Thread Pool -- 140) 	at com.sun.faces.application.InjectionApplicationFactory.getApplication(InjectionApplicationFactory.java:61)
2025-04-29 15:10:01,767 ERROR [stderr] (ServerService Thread Pool -- 140) 	at com.sun.faces.config.processor.AbstractConfigProcessor.getApplication(AbstractConfigProcessor.java:113)
2025-04-29 15:10:01,767 ERROR [stderr] (ServerService Thread Pool -- 140) 	at com.sun.faces.config.processor.ApplicationConfigProcessor.process(ApplicationConfigProcessor.java:242)
2025-04-29 15:10:01,767 ERROR [stderr] (ServerService Thread Pool -- 140) 	at com.sun.faces.config.ConfigManager.lambda$initialize$0(ConfigManager.java:295)
2025-04-29 15:10:01,768 ERROR [stderr] (ServerService Thread Pool -- 140) 	at java.util.Iterator.forEachRemaining(Iterator.java:116)
2025-04-29 15:10:01,768 ERROR [stderr] (ServerService Thread Pool -- 140) 	at java.util.Spliterators$IteratorSpliterator.forEachRemaining(Spliterators.java:1801)
2025-04-29 15:10:01,769 ERROR [stderr] (ServerService Thread Pool -- 140) 	at java.util.stream.ReferencePipeline$Head.forEach(ReferencePipeline.java:580)
2025-04-29 15:10:01,769 ERROR [stderr] (ServerService Thread Pool -- 140) 	at com.sun.faces.config.ConfigManager.initialize(ConfigManager.java:293)
2025-04-29 15:10:01,769 ERROR [stderr] (ServerService Thread Pool -- 140) 	at com.sun.faces.config.ConfigureListener.contextInitialized(ConfigureListener.java:207)
2025-04-29 15:10:01,770 ERROR [stderr] (ServerService Thread Pool -- 140) 	at io.undertow.servlet.core.ApplicationListeners.contextInitialized(ApplicationListeners.java:187)
2025-04-29 15:10:01,770 ERROR [stderr] (ServerService Thread Pool -- 140) 	at io.undertow.servlet.core.DeploymentManagerImpl$1.call(DeploymentManagerImpl.java:219)
2025-04-29 15:10:01,771 ERROR [stderr] (ServerService Thread Pool -- 140) 	at io.undertow.servlet.core.DeploymentManagerImpl$1.call(DeploymentManagerImpl.java:187)
2025-04-29 15:10:01,771 ERROR [stderr] (ServerService Thread Pool -- 140) 	at io.undertow.servlet.core.ServletRequestContextThreadSetupAction$1.call(ServletRequestContextThreadSetupAction.java:42)
2025-04-29 15:10:01,771 ERROR [stderr] (ServerService Thread Pool -- 140) 	at io.undertow.servlet.core.ContextClassLoaderSetupAction$1.call(ContextClassLoaderSetupAction.java:43)
2025-04-29 15:10:01,772 ERROR [stderr] (ServerService Thread Pool -- 140) 	at org.wildfly.extension.undertow.security.SecurityContextThreadSetupAction.lambda$create$0(SecurityContextThreadSetupAction.java:105)
2025-04-29 15:10:01,773 ERROR [stderr] (ServerService Thread Pool -- 140) 	at org.wildfly.extension.undertow.deployment.UndertowDeploymentInfoService$UndertowThreadSetupAction.lambda$create$0(UndertowDeploymentInfoService.java:1530)
2025-04-29 15:10:01,774 ERROR [stderr] (ServerService Thread Pool -- 140) 	at org.wildfly.extension.undertow.deployment.UndertowDeploymentInfoService$UndertowThreadSetupAction.lambda$create$0(UndertowDeploymentInfoService.java:1530)
2025-04-29 15:10:01,774 ERROR [stderr] (ServerService Thread Pool -- 140) 	at org.wildfly.extension.undertow.deployment.UndertowDeploymentInfoService$UndertowThreadSetupAction.lambda$create$0(UndertowDeploymentInfoService.java:1530)
2025-04-29 15:10:01,775 ERROR [stderr] (ServerService Thread Pool -- 140) 	at org.wildfly.extension.undertow.deployment.UndertowDeploymentInfoService$UndertowThreadSetupAction.lambda$create$0(UndertowDeploymentInfoService.java:1530)
2025-04-29 15:10:01,775 ERROR [stderr] (ServerService Thread Pool -- 140) 	at io.undertow.servlet.core.DeploymentManagerImpl.deploy(DeploymentManagerImpl.java:255)
2025-04-29 15:10:01,775 ERROR [stderr] (ServerService Thread Pool -- 140) 	at org.wildfly.extension.undertow.deployment.UndertowDeploymentService.startContext(UndertowDeploymentService.java:96)
2025-04-29 15:10:01,776 ERROR [stderr] (ServerService Thread Pool -- 140) 	at org.wildfly.extension.undertow.deployment.UndertowDeploymentService$1.run(UndertowDeploymentService.java:78)
2025-04-29 15:10:01,776 ERROR [stderr] (ServerService Thread Pool -- 140) 	at java.util.concurrent.Executors$RunnableAdapter.call(Executors.java:511)
2025-04-29 15:10:01,777 ERROR [stderr] (ServerService Thread Pool -- 140) 	at java.util.concurrent.FutureTask.run(FutureTask.java:266)
2025-04-29 15:10:01,777 ERROR [stderr] (ServerService Thread Pool -- 140) 	at org.jboss.threads.ContextClassLoaderSavingRunnable.run(ContextClassLoaderSavingRunnable.java:35)
2025-04-29 15:10:01,777 ERROR [stderr] (ServerService Thread Pool -- 140) 	at org.jboss.threads.EnhancedQueueExecutor.safeRun(EnhancedQueueExecutor.java:1990)
2025-04-29 15:10:01,778 ERROR [stderr] (ServerService Thread Pool -- 140) 	at org.jboss.threads.EnhancedQueueExecutor$ThreadBody.doRunTask(EnhancedQueueExecutor.java:1486)
2025-04-29 15:10:01,778 ERROR [stderr] (ServerService Thread Pool -- 140) 	at org.jboss.threads.EnhancedQueueExecutor$ThreadBody.run(EnhancedQueueExecutor.java:1377)
2025-04-29 15:10:01,778 ERROR [stderr] (ServerService Thread Pool -- 140) 	at java.lang.Thread.run(Thread.java:748)
2025-04-29 15:10:01,779 ERROR [stderr] (ServerService Thread Pool -- 140) 	at org.jboss.threads.JBossThread.run(JBossThread.java:513)
2025-04-29 15:10:01,783 ERROR [stderr] (ServerService Thread Pool -- 140) javax.faces.FacesException: Unable to find CDI BeanManager
2025-04-29 15:10:01,784 ERROR [stderr] (ServerService Thread Pool -- 140) 	at com.sun.faces.application.applicationimpl.Version.isJsf23(Version.java:62)
2025-04-29 15:10:01,784 ERROR [stderr] (ServerService Thread Pool -- 140) 	at com.sun.faces.application.applicationimpl.ExpressionLanguage.addELResolver(ExpressionLanguage.java:140)
2025-04-29 15:10:01,784 ERROR [stderr] (ServerService Thread Pool -- 140) 	at com.sun.faces.application.ApplicationImpl.addELResolver(ApplicationImpl.java:221)
2025-04-29 15:10:01,784 ERROR [stderr] (ServerService Thread Pool -- 140) 	at org.jboss.as.jsf.injection.weld.WeldApplication.<init>(WeldApplication.java:60)
2025-04-29 15:10:01,785 ERROR [stderr] (ServerService Thread Pool -- 140) 	at org.jboss.as.jsf.injection.weld.WeldApplicationFactory.getApplication(WeldApplicationFactory.java:52)
2025-04-29 15:10:01,785 ERROR [stderr] (ServerService Thread Pool -- 140) 	at com.sun.faces.application.InjectionApplicationFactory.getApplication(InjectionApplicationFactory.java:61)
2025-04-29 15:10:01,786 ERROR [stderr] (ServerService Thread Pool -- 140) 	at com.sun.faces.config.processor.AbstractConfigProcessor.getApplication(AbstractConfigProcessor.java:113)
2025-04-29 15:10:01,786 ERROR [stderr] (ServerService Thread Pool -- 140) 	at com.sun.faces.config.processor.ComponentConfigProcessor.addComponents(ComponentConfigProcessor.java:106)
2025-04-29 15:10:01,786 ERROR [stderr] (ServerService Thread Pool -- 140) 	at com.sun.faces.config.processor.ComponentConfigProcessor.process(ComponentConfigProcessor.java:96)
2025-04-29 15:10:01,787 ERROR [stderr] (ServerService Thread Pool -- 140) 	at com.sun.faces.config.ConfigManager.lambda$initialize$1(ConfigManager.java:325)
2025-04-29 15:10:01,787 ERROR [stderr] (ServerService Thread Pool -- 140) 	at java.util.Iterator.forEachRemaining(Iterator.java:116)
2025-04-29 15:10:01,787 ERROR [stderr] (ServerService Thread Pool -- 140) 	at java.util.Spliterators$IteratorSpliterator.forEachRemaining(Spliterators.java:1801)
2025-04-29 15:10:01,788 ERROR [stderr] (ServerService Thread Pool -- 140) 	at java.util.stream.ReferencePipeline$Head.forEach(ReferencePipeline.java:580)
2025-04-29 15:10:01,788 ERROR [stderr] (ServerService Thread Pool -- 140) 	at com.sun.faces.config.ConfigManager.initialize(ConfigManager.java:308)
2025-04-29 15:10:01,789 ERROR [stderr] (ServerService Thread Pool -- 140) 	at com.sun.faces.config.ConfigureListener.contextInitialized(ConfigureListener.java:207)
2025-04-29 15:10:01,789 ERROR [stderr] (ServerService Thread Pool -- 140) 	at io.undertow.servlet.core.ApplicationListeners.contextInitialized(ApplicationListeners.java:187)
2025-04-29 15:10:01,789 ERROR [stderr] (ServerService Thread Pool -- 140) 	at io.undertow.servlet.core.DeploymentManagerImpl$1.call(DeploymentManagerImpl.java:219)
2025-04-29 15:10:01,790 ERROR [stderr] (ServerService Thread Pool -- 140) 	at io.undertow.servlet.core.DeploymentManagerImpl$1.call(DeploymentManagerImpl.java:187)
2025-04-29 15:10:01,790 ERROR [stderr] (ServerService Thread Pool -- 140) 	at io.undertow.servlet.core.ServletRequestContextThreadSetupAction$1.call(ServletRequestContextThreadSetupAction.java:42)
2025-04-29 15:10:01,791 ERROR [stderr] (ServerService Thread Pool -- 140) 	at io.undertow.servlet.core.ContextClassLoaderSetupAction$1.call(ContextClassLoaderSetupAction.java:43)
2025-04-29 15:10:01,791 ERROR [stderr] (ServerService Thread Pool -- 140) 	at org.wildfly.extension.undertow.security.SecurityContextThreadSetupAction.lambda$create$0(SecurityContextThreadSetupAction.java:105)
2025-04-29 15:10:01,792 ERROR [stderr] (ServerService Thread Pool -- 140) 	at org.wildfly.extension.undertow.deployment.UndertowDeploymentInfoService$UndertowThreadSetupAction.lambda$create$0(UndertowDeploymentInfoService.java:1530)
2025-04-29 15:10:01,792 ERROR [stderr] (ServerService Thread Pool -- 140) 	at org.wildfly.extension.undertow.deployment.UndertowDeploymentInfoService$UndertowThreadSetupAction.lambda$create$0(UndertowDeploymentInfoService.java:1530)
2025-04-29 15:10:01,793 ERROR [stderr] (ServerService Thread Pool -- 140) 	at org.wildfly.extension.undertow.deployment.UndertowDeploymentInfoService$UndertowThreadSetupAction.lambda$create$0(UndertowDeploymentInfoService.java:1530)
2025-04-29 15:10:01,793 ERROR [stderr] (ServerService Thread Pool -- 140) 	at org.wildfly.extension.undertow.deployment.UndertowDeploymentInfoService$UndertowThreadSetupAction.lambda$create$0(UndertowDeploymentInfoService.java:1530)
2025-04-29 15:10:01,794 ERROR [stderr] (ServerService Thread Pool -- 140) 	at io.undertow.servlet.core.DeploymentManagerImpl.deploy(DeploymentManagerImpl.java:255)
2025-04-29 15:10:01,794 ERROR [stderr] (ServerService Thread Pool -- 140) 	at org.wildfly.extension.undertow.deployment.UndertowDeploymentService.startContext(UndertowDeploymentService.java:96)
2025-04-29 15:10:01,794 ERROR [stderr] (ServerService Thread Pool -- 140) 	at org.wildfly.extension.undertow.deployment.UndertowDeploymentService$1.run(UndertowDeploymentService.java:78)
2025-04-29 15:10:01,795 ERROR [stderr] (ServerService Thread Pool -- 140) 	at java.util.concurrent.Executors$RunnableAdapter.call(Executors.java:511)
2025-04-29 15:10:01,795 ERROR [stderr] (ServerService Thread Pool -- 140) 	at java.util.concurrent.FutureTask.run(FutureTask.java:266)
2025-04-29 15:10:01,795 ERROR [stderr] (ServerService Thread Pool -- 140) 	at org.jboss.threads.ContextClassLoaderSavingRunnable.run(ContextClassLoaderSavingRunnable.java:35)
2025-04-29 15:10:01,796 ERROR [stderr] (ServerService Thread Pool -- 140) 	at org.jboss.threads.EnhancedQueueExecutor.safeRun(EnhancedQueueExecutor.java:1990)
2025-04-29 15:10:01,796 ERROR [stderr] (ServerService Thread Pool -- 140) 	at org.jboss.threads.EnhancedQueueExecutor$ThreadBody.doRunTask(EnhancedQueueExecutor.java:1486)
2025-04-29 15:10:01,797 ERROR [stderr] (ServerService Thread Pool -- 140) 	at org.jboss.threads.EnhancedQueueExecutor$ThreadBody.run(EnhancedQueueExecutor.java:1377)
2025-04-29 15:10:01,797 ERROR [stderr] (ServerService Thread Pool -- 140) 	at java.lang.Thread.run(Thread.java:748)
2025-04-29 15:10:01,797 ERROR [stderr] (ServerService Thread Pool -- 140) 	at org.jboss.threads.JBossThread.run(JBossThread.java:513)
2025-04-29 15:10:01,801 ERROR [stderr] (ServerService Thread Pool -- 140) javax.faces.FacesException: Unable to find CDI BeanManager
2025-04-29 15:10:01,801 ERROR [stderr] (ServerService Thread Pool -- 140) 	at com.sun.faces.application.applicationimpl.Version.isJsf23(Version.java:62)
2025-04-29 15:10:01,802 ERROR [stderr] (ServerService Thread Pool -- 140) 	at com.sun.faces.application.applicationimpl.ExpressionLanguage.addELResolver(ExpressionLanguage.java:140)
2025-04-29 15:10:01,802 ERROR [stderr] (ServerService Thread Pool -- 140) 	at com.sun.faces.application.ApplicationImpl.addELResolver(ApplicationImpl.java:221)
2025-04-29 15:10:01,803 ERROR [stderr] (ServerService Thread Pool -- 140) 	at org.jboss.as.jsf.injection.weld.WeldApplication.<init>(WeldApplication.java:60)
2025-04-29 15:10:01,804 ERROR [stderr] (ServerService Thread Pool -- 140) 	at org.jboss.as.jsf.injection.weld.WeldApplicationFactory.getApplication(WeldApplicationFactory.java:52)
2025-04-29 15:10:01,805 ERROR [stderr] (ServerService Thread Pool -- 140) 	at com.sun.faces.application.InjectionApplicationFactory.getApplication(InjectionApplicationFactory.java:61)
2025-04-29 15:10:01,805 ERROR [stderr] (ServerService Thread Pool -- 140) 	at com.sun.faces.config.processor.AbstractConfigProcessor.getApplication(AbstractConfigProcessor.java:113)
2025-04-29 15:10:01,807 ERROR [stderr] (ServerService Thread Pool -- 140) 	at com.sun.faces.config.processor.ConverterConfigProcessor.addConverters(ConverterConfigProcessor.java:103)
2025-04-29 15:10:01,807 ERROR [stderr] (ServerService Thread Pool -- 140) 	at com.sun.faces.config.processor.ConverterConfigProcessor.process(ConverterConfigProcessor.java:93)
2025-04-29 15:10:01,807 ERROR [stderr] (ServerService Thread Pool -- 140) 	at com.sun.faces.config.ConfigManager.lambda$initialize$1(ConfigManager.java:325)
2025-04-29 15:10:01,808 ERROR [stderr] (ServerService Thread Pool -- 140) 	at java.util.Iterator.forEachRemaining(Iterator.java:116)
2025-04-29 15:10:01,809 ERROR [stderr] (ServerService Thread Pool -- 140) 	at java.util.Spliterators$IteratorSpliterator.forEachRemaining(Spliterators.java:1801)
2025-04-29 15:10:01,809 ERROR [stderr] (ServerService Thread Pool -- 140) 	at java.util.stream.ReferencePipeline$Head.forEach(ReferencePipeline.java:580)
2025-04-29 15:10:01,810 ERROR [stderr] (ServerService Thread Pool -- 140) 	at com.sun.faces.config.ConfigManager.initialize(ConfigManager.java:308)
2025-04-29 15:10:01,810 ERROR [stderr] (ServerService Thread Pool -- 140) 	at com.sun.faces.config.ConfigureListener.contextInitialized(ConfigureListener.java:207)
2025-04-29 15:10:01,811 ERROR [stderr] (ServerService Thread Pool -- 140) 	at io.undertow.servlet.core.ApplicationListeners.contextInitialized(ApplicationListeners.java:187)
2025-04-29 15:10:01,812 ERROR [stderr] (ServerService Thread Pool -- 140) 	at io.undertow.servlet.core.DeploymentManagerImpl$1.call(DeploymentManagerImpl.java:219)
2025-04-29 15:10:01,812 ERROR [stderr] (ServerService Thread Pool -- 140) 	at io.undertow.servlet.core.DeploymentManagerImpl$1.call(DeploymentManagerImpl.java:187)
2025-04-29 15:10:01,813 ERROR [stderr] (ServerService Thread Pool -- 140) 	at io.undertow.servlet.core.ServletRequestContextThreadSetupAction$1.call(ServletRequestContextThreadSetupAction.java:42)
2025-04-29 15:10:01,813 ERROR [stderr] (ServerService Thread Pool -- 140) 	at io.undertow.servlet.core.ContextClassLoaderSetupAction$1.call(ContextClassLoaderSetupAction.java:43)
2025-04-29 15:10:01,814 ERROR [stderr] (ServerService Thread Pool -- 140) 	at org.wildfly.extension.undertow.security.SecurityContextThreadSetupAction.lambda$create$0(SecurityContextThreadSetupAction.java:105)
2025-04-29 15:10:01,814 ERROR [stderr] (ServerService Thread Pool -- 140) 	at org.wildfly.extension.undertow.deployment.UndertowDeploymentInfoService$UndertowThreadSetupAction.lambda$create$0(UndertowDeploymentInfoService.java:1530)
2025-04-29 15:10:01,815 ERROR [stderr] (ServerService Thread Pool -- 140) 	at org.wildfly.extension.undertow.deployment.UndertowDeploymentInfoService$UndertowThreadSetupAction.lambda$create$0(UndertowDeploymentInfoService.java:1530)
2025-04-29 15:10:01,816 ERROR [stderr] (ServerService Thread Pool -- 140) 	at org.wildfly.extension.undertow.deployment.UndertowDeploymentInfoService$UndertowThreadSetupAction.lambda$create$0(UndertowDeploymentInfoService.java:1530)
2025-04-29 15:10:01,816 ERROR [stderr] (ServerService Thread Pool -- 140) 	at org.wildfly.extension.undertow.deployment.UndertowDeploymentInfoService$UndertowThreadSetupAction.lambda$create$0(UndertowDeploymentInfoService.java:1530)
2025-04-29 15:10:01,817 ERROR [stderr] (ServerService Thread Pool -- 140) 	at io.undertow.servlet.core.DeploymentManagerImpl.deploy(DeploymentManagerImpl.java:255)
2025-04-29 15:10:01,817 ERROR [stderr] (ServerService Thread Pool -- 140) 	at org.wildfly.extension.undertow.deployment.UndertowDeploymentService.startContext(UndertowDeploymentService.java:96)
2025-04-29 15:10:01,818 ERROR [stderr] (ServerService Thread Pool -- 140) 	at org.wildfly.extension.undertow.deployment.UndertowDeploymentService$1.run(UndertowDeploymentService.java:78)
2025-04-29 15:10:01,819 ERROR [stderr] (ServerService Thread Pool -- 140) 	at java.util.concurrent.Executors$RunnableAdapter.call(Executors.java:511)
2025-04-29 15:10:01,820 ERROR [stderr] (ServerService Thread Pool -- 140) 	at java.util.concurrent.FutureTask.run(FutureTask.java:266)
2025-04-29 15:10:01,821 ERROR [stderr] (ServerService Thread Pool -- 140) 	at org.jboss.threads.ContextClassLoaderSavingRunnable.run(ContextClassLoaderSavingRunnable.java:35)
2025-04-29 15:10:01,821 ERROR [stderr] (ServerService Thread Pool -- 140) 	at org.jboss.threads.EnhancedQueueExecutor.safeRun(EnhancedQueueExecutor.java:1990)
2025-04-29 15:10:01,821 ERROR [stderr] (ServerService Thread Pool -- 140) 	at org.jboss.threads.EnhancedQueueExecutor$ThreadBody.doRunTask(EnhancedQueueExecutor.java:1486)
2025-04-29 15:10:01,822 ERROR [stderr] (ServerService Thread Pool -- 140) 	at org.jboss.threads.EnhancedQueueExecutor$ThreadBody.run(EnhancedQueueExecutor.java:1377)
2025-04-29 15:10:01,822 ERROR [stderr] (ServerService Thread Pool -- 140) 	at java.lang.Thread.run(Thread.java:748)
2025-04-29 15:10:01,823 ERROR [stderr] (ServerService Thread Pool -- 140) 	at org.jboss.threads.JBossThread.run(JBossThread.java:513)
2025-04-29 15:10:01,827 ERROR [stderr] (ServerService Thread Pool -- 140) javax.faces.FacesException: Unable to find CDI BeanManager
2025-04-29 15:10:01,828 ERROR [stderr] (ServerService Thread Pool -- 140) 	at com.sun.faces.application.applicationimpl.Version.isJsf23(Version.java:62)
2025-04-29 15:10:01,829 ERROR [stderr] (ServerService Thread Pool -- 140) 	at com.sun.faces.application.applicationimpl.ExpressionLanguage.addELResolver(ExpressionLanguage.java:140)
2025-04-29 15:10:01,829 ERROR [stderr] (ServerService Thread Pool -- 140) 	at com.sun.faces.application.ApplicationImpl.addELResolver(ApplicationImpl.java:221)
2025-04-29 15:10:01,829 ERROR [stderr] (ServerService Thread Pool -- 140) 	at org.jboss.as.jsf.injection.weld.WeldApplication.<init>(WeldApplication.java:60)
2025-04-29 15:10:01,830 ERROR [stderr] (ServerService Thread Pool -- 140) 	at org.jboss.as.jsf.injection.weld.WeldApplicationFactory.getApplication(WeldApplicationFactory.java:52)
2025-04-29 15:10:01,830 ERROR [stderr] (ServerService Thread Pool -- 140) 	at com.sun.faces.application.InjectionApplicationFactory.getApplication(InjectionApplicationFactory.java:61)
2025-04-29 15:10:01,830 ERROR [stderr] (ServerService Thread Pool -- 140) 	at com.sun.faces.config.processor.AbstractConfigProcessor.getApplication(AbstractConfigProcessor.java:113)
2025-04-29 15:10:01,831 ERROR [stderr] (ServerService Thread Pool -- 140) 	at com.sun.faces.config.processor.ValidatorConfigProcessor.addValidators(ValidatorConfigProcessor.java:129)
2025-04-29 15:10:01,831 ERROR [stderr] (ServerService Thread Pool -- 140) 	at com.sun.faces.config.processor.ValidatorConfigProcessor.process(ValidatorConfigProcessor.java:97)
2025-04-29 15:10:01,831 ERROR [stderr] (ServerService Thread Pool -- 140) 	at com.sun.faces.config.ConfigManager.lambda$initialize$1(ConfigManager.java:325)
2025-04-29 15:10:01,832 ERROR [stderr] (ServerService Thread Pool -- 140) 	at java.util.Iterator.forEachRemaining(Iterator.java:116)
2025-04-29 15:10:01,832 ERROR [stderr] (ServerService Thread Pool -- 140) 	at java.util.Spliterators$IteratorSpliterator.forEachRemaining(Spliterators.java:1801)
2025-04-29 15:10:01,832 ERROR [stderr] (ServerService Thread Pool -- 140) 	at java.util.stream.ReferencePipeline$Head.forEach(ReferencePipeline.java:580)
2025-04-29 15:10:01,833 ERROR [stderr] (ServerService Thread Pool -- 140) 	at com.sun.faces.config.ConfigManager.initialize(ConfigManager.java:308)
2025-04-29 15:10:01,833 ERROR [stderr] (ServerService Thread Pool -- 140) 	at com.sun.faces.config.ConfigureListener.contextInitialized(ConfigureListener.java:207)
2025-04-29 15:10:01,834 ERROR [stderr] (ServerService Thread Pool -- 140) 	at io.undertow.servlet.core.ApplicationListeners.contextInitialized(ApplicationListeners.java:187)
2025-04-29 15:10:01,835 ERROR [stderr] (ServerService Thread Pool -- 140) 	at io.undertow.servlet.core.DeploymentManagerImpl$1.call(DeploymentManagerImpl.java:219)
2025-04-29 15:10:01,836 ERROR [stderr] (ServerService Thread Pool -- 140) 	at io.undertow.servlet.core.DeploymentManagerImpl$1.call(DeploymentManagerImpl.java:187)
2025-04-29 15:10:01,837 ERROR [stderr] (ServerService Thread Pool -- 140) 	at io.undertow.servlet.core.ServletRequestContextThreadSetupAction$1.call(ServletRequestContextThreadSetupAction.java:42)
2025-04-29 15:10:01,837 ERROR [stderr] (ServerService Thread Pool -- 140) 	at io.undertow.servlet.core.ContextClassLoaderSetupAction$1.call(ContextClassLoaderSetupAction.java:43)
2025-04-29 15:10:01,838 ERROR [stderr] (ServerService Thread Pool -- 140) 	at org.wildfly.extension.undertow.security.SecurityContextThreadSetupAction.lambda$create$0(SecurityContextThreadSetupAction.java:105)
2025-04-29 15:10:01,839 ERROR [stderr] (ServerService Thread Pool -- 140) 	at org.wildfly.extension.undertow.deployment.UndertowDeploymentInfoService$UndertowThreadSetupAction.lambda$create$0(UndertowDeploymentInfoService.java:1530)
2025-04-29 15:10:01,840 ERROR [stderr] (ServerService Thread Pool -- 140) 	at org.wildfly.extension.undertow.deployment.UndertowDeploymentInfoService$UndertowThreadSetupAction.lambda$create$0(UndertowDeploymentInfoService.java:1530)
2025-04-29 15:10:01,841 ERROR [stderr] (ServerService Thread Pool -- 140) 	at org.wildfly.extension.undertow.deployment.UndertowDeploymentInfoService$UndertowThreadSetupAction.lambda$create$0(UndertowDeploymentInfoService.java:1530)
2025-04-29 15:10:01,842 ERROR [stderr] (ServerService Thread Pool -- 140) 	at org.wildfly.extension.undertow.deployment.UndertowDeploymentInfoService$UndertowThreadSetupAction.lambda$create$0(UndertowDeploymentInfoService.java:1530)
2025-04-29 15:10:01,843 ERROR [stderr] (ServerService Thread Pool -- 140) 	at io.undertow.servlet.core.DeploymentManagerImpl.deploy(DeploymentManagerImpl.java:255)
2025-04-29 15:10:01,843 ERROR [stderr] (ServerService Thread Pool -- 140) 	at org.wildfly.extension.undertow.deployment.UndertowDeploymentService.startContext(UndertowDeploymentService.java:96)
2025-04-29 15:10:01,843 ERROR [stderr] (ServerService Thread Pool -- 140) 	at org.wildfly.extension.undertow.deployment.UndertowDeploymentService$1.run(UndertowDeploymentService.java:78)
2025-04-29 15:10:01,844 ERROR [stderr] (ServerService Thread Pool -- 140) 	at java.util.concurrent.Executors$RunnableAdapter.call(Executors.java:511)
2025-04-29 15:10:01,844 ERROR [stderr] (ServerService Thread Pool -- 140) 	at java.util.concurrent.FutureTask.run(FutureTask.java:266)
2025-04-29 15:10:01,845 ERROR [stderr] (ServerService Thread Pool -- 140) 	at org.jboss.threads.ContextClassLoaderSavingRunnable.run(ContextClassLoaderSavingRunnable.java:35)
2025-04-29 15:10:01,845 ERROR [stderr] (ServerService Thread Pool -- 140) 	at org.jboss.threads.EnhancedQueueExecutor.safeRun(EnhancedQueueExecutor.java:1990)
2025-04-29 15:10:01,846 ERROR [stderr] (ServerService Thread Pool -- 140) 	at org.jboss.threads.EnhancedQueueExecutor$ThreadBody.doRunTask(EnhancedQueueExecutor.java:1486)
2025-04-29 15:10:01,846 ERROR [stderr] (ServerService Thread Pool -- 140) 	at org.jboss.threads.EnhancedQueueExecutor$ThreadBody.run(EnhancedQueueExecutor.java:1377)
2025-04-29 15:10:01,847 ERROR [stderr] (ServerService Thread Pool -- 140) 	at java.lang.Thread.run(Thread.java:748)
2025-04-29 15:10:01,848 ERROR [stderr] (ServerService Thread Pool -- 140) 	at org.jboss.threads.JBossThread.run(JBossThread.java:513)
2025-04-29 15:10:01,866 ERROR [stderr] (ServerService Thread Pool -- 140) javax.faces.FacesException: Unable to find CDI BeanManager
2025-04-29 15:10:01,866 ERROR [stderr] (ServerService Thread Pool -- 140) 	at com.sun.faces.application.applicationimpl.Version.isJsf23(Version.java:62)
2025-04-29 15:10:01,867 ERROR [stderr] (ServerService Thread Pool -- 140) 	at com.sun.faces.application.applicationimpl.ExpressionLanguage.addELResolver(ExpressionLanguage.java:140)
2025-04-29 15:10:01,867 ERROR [stderr] (ServerService Thread Pool -- 140) 	at com.sun.faces.application.ApplicationImpl.addELResolver(ApplicationImpl.java:221)
2025-04-29 15:10:01,868 ERROR [stderr] (ServerService Thread Pool -- 140) 	at org.jboss.as.jsf.injection.weld.WeldApplication.<init>(WeldApplication.java:60)
2025-04-29 15:10:01,868 ERROR [stderr] (ServerService Thread Pool -- 140) 	at org.jboss.as.jsf.injection.weld.WeldApplicationFactory.getApplication(WeldApplicationFactory.java:52)
2025-04-29 15:10:01,869 ERROR [stderr] (ServerService Thread Pool -- 140) 	at com.sun.faces.application.InjectionApplicationFactory.getApplication(InjectionApplicationFactory.java:61)
2025-04-29 15:10:01,869 ERROR [stderr] (ServerService Thread Pool -- 140) 	at com.sun.faces.config.processor.AbstractConfigProcessor.getApplication(AbstractConfigProcessor.java:113)
2025-04-29 15:10:01,869 ERROR [stderr] (ServerService Thread Pool -- 140) 	at com.sun.faces.config.processor.NavigationConfigProcessor.process(NavigationConfigProcessor.java:184)
2025-04-29 15:10:01,870 ERROR [stderr] (ServerService Thread Pool -- 140) 	at com.sun.faces.config.ConfigManager.lambda$initialize$1(ConfigManager.java:325)
2025-04-29 15:10:01,870 ERROR [stderr] (ServerService Thread Pool -- 140) 	at java.util.Iterator.forEachRemaining(Iterator.java:116)
2025-04-29 15:10:01,870 ERROR [stderr] (ServerService Thread Pool -- 140) 	at java.util.Spliterators$IteratorSpliterator.forEachRemaining(Spliterators.java:1801)
2025-04-29 15:10:01,871 ERROR [stderr] (ServerService Thread Pool -- 140) 	at java.util.stream.ReferencePipeline$Head.forEach(ReferencePipeline.java:580)
2025-04-29 15:10:01,871 ERROR [stderr] (ServerService Thread Pool -- 140) 	at com.sun.faces.config.ConfigManager.initialize(ConfigManager.java:308)
2025-04-29 15:10:01,871 ERROR [stderr] (ServerService Thread Pool -- 140) 	at com.sun.faces.config.ConfigureListener.contextInitialized(ConfigureListener.java:207)
2025-04-29 15:10:01,872 ERROR [stderr] (ServerService Thread Pool -- 140) 	at io.undertow.servlet.core.ApplicationListeners.contextInitialized(ApplicationListeners.java:187)
2025-04-29 15:10:01,873 ERROR [stderr] (ServerService Thread Pool -- 140) 	at io.undertow.servlet.core.DeploymentManagerImpl$1.call(DeploymentManagerImpl.java:219)
2025-04-29 15:10:01,873 ERROR [stderr] (ServerService Thread Pool -- 140) 	at io.undertow.servlet.core.DeploymentManagerImpl$1.call(DeploymentManagerImpl.java:187)
2025-04-29 15:10:01,874 ERROR [stderr] (ServerService Thread Pool -- 140) 	at io.undertow.servlet.core.ServletRequestContextThreadSetupAction$1.call(ServletRequestContextThreadSetupAction.java:42)
2025-04-29 15:10:01,875 ERROR [stderr] (ServerService Thread Pool -- 140) 	at io.undertow.servlet.core.ContextClassLoaderSetupAction$1.call(ContextClassLoaderSetupAction.java:43)
2025-04-29 15:10:01,875 ERROR [stderr] (ServerService Thread Pool -- 140) 	at org.wildfly.extension.undertow.security.SecurityContextThreadSetupAction.lambda$create$0(SecurityContextThreadSetupAction.java:105)
2025-04-29 15:10:01,876 ERROR [stderr] (ServerService Thread Pool -- 140) 	at org.wildfly.extension.undertow.deployment.UndertowDeploymentInfoService$UndertowThreadSetupAction.lambda$create$0(UndertowDeploymentInfoService.java:1530)
2025-04-29 15:10:01,877 ERROR [stderr] (ServerService Thread Pool -- 140) 	at org.wildfly.extension.undertow.deployment.UndertowDeploymentInfoService$UndertowThreadSetupAction.lambda$create$0(UndertowDeploymentInfoService.java:1530)
2025-04-29 15:10:01,877 ERROR [stderr] (ServerService Thread Pool -- 140) 	at org.wildfly.extension.undertow.deployment.UndertowDeploymentInfoService$UndertowThreadSetupAction.lambda$create$0(UndertowDeploymentInfoService.java:1530)
2025-04-29 15:10:01,878 ERROR [stderr] (ServerService Thread Pool -- 140) 	at org.wildfly.extension.undertow.deployment.UndertowDeploymentInfoService$UndertowThreadSetupAction.lambda$create$0(UndertowDeploymentInfoService.java:1530)
2025-04-29 15:10:01,878 ERROR [stderr] (ServerService Thread Pool -- 140) 	at io.undertow.servlet.core.DeploymentManagerImpl.deploy(DeploymentManagerImpl.java:255)
2025-04-29 15:10:01,879 ERROR [stderr] (ServerService Thread Pool -- 140) 	at org.wildfly.extension.undertow.deployment.UndertowDeploymentService.startContext(UndertowDeploymentService.java:96)
2025-04-29 15:10:01,879 ERROR [stderr] (ServerService Thread Pool -- 140) 	at org.wildfly.extension.undertow.deployment.UndertowDeploymentService$1.run(UndertowDeploymentService.java:78)
2025-04-29 15:10:01,879 ERROR [stderr] (ServerService Thread Pool -- 140) 	at java.util.concurrent.Executors$RunnableAdapter.call(Executors.java:511)
2025-04-29 15:10:01,881 ERROR [stderr] (ServerService Thread Pool -- 140) 	at java.util.concurrent.FutureTask.run(FutureTask.java:266)
2025-04-29 15:10:01,881 ERROR [stderr] (ServerService Thread Pool -- 140) 	at org.jboss.threads.ContextClassLoaderSavingRunnable.run(ContextClassLoaderSavingRunnable.java:35)
2025-04-29 15:10:01,881 ERROR [stderr] (ServerService Thread Pool -- 140) 	at org.jboss.threads.EnhancedQueueExecutor.safeRun(EnhancedQueueExecutor.java:1990)
2025-04-29 15:10:01,883 ERROR [stderr] (ServerService Thread Pool -- 140) 	at org.jboss.threads.EnhancedQueueExecutor$ThreadBody.doRunTask(EnhancedQueueExecutor.java:1486)
2025-04-29 15:10:01,883 ERROR [stderr] (ServerService Thread Pool -- 140) 	at org.jboss.threads.EnhancedQueueExecutor$ThreadBody.run(EnhancedQueueExecutor.java:1377)
2025-04-29 15:10:01,884 ERROR [stderr] (ServerService Thread Pool -- 140) 	at java.lang.Thread.run(Thread.java:748)
2025-04-29 15:10:01,884 ERROR [stderr] (ServerService Thread Pool -- 140) 	at org.jboss.threads.JBossThread.run(JBossThread.java:513)
2025-04-29 15:10:01,888 ERROR [stderr] (ServerService Thread Pool -- 140) javax.faces.FacesException: Unable to find CDI BeanManager
2025-04-29 15:10:01,888 ERROR [stderr] (ServerService Thread Pool -- 140) 	at com.sun.faces.application.applicationimpl.Version.isJsf23(Version.java:62)
2025-04-29 15:10:01,889 ERROR [stderr] (ServerService Thread Pool -- 140) 	at com.sun.faces.application.applicationimpl.ExpressionLanguage.addELResolver(ExpressionLanguage.java:140)
2025-04-29 15:10:01,890 ERROR [stderr] (ServerService Thread Pool -- 140) 	at com.sun.faces.application.ApplicationImpl.addELResolver(ApplicationImpl.java:221)
2025-04-29 15:10:01,890 ERROR [stderr] (ServerService Thread Pool -- 140) 	at org.jboss.as.jsf.injection.weld.WeldApplication.<init>(WeldApplication.java:60)
2025-04-29 15:10:01,891 ERROR [stderr] (ServerService Thread Pool -- 140) 	at org.jboss.as.jsf.injection.weld.WeldApplicationFactory.getApplication(WeldApplicationFactory.java:52)
2025-04-29 15:10:01,891 ERROR [stderr] (ServerService Thread Pool -- 140) 	at com.sun.faces.application.InjectionApplicationFactory.getApplication(InjectionApplicationFactory.java:61)
2025-04-29 15:10:01,892 ERROR [stderr] (ServerService Thread Pool -- 140) 	at com.sun.faces.config.processor.AbstractConfigProcessor.getApplication(AbstractConfigProcessor.java:113)
2025-04-29 15:10:01,892 ERROR [stderr] (ServerService Thread Pool -- 140) 	at com.sun.faces.config.processor.BehaviorConfigProcessor.addBehaviors(BehaviorConfigProcessor.java:102)
2025-04-29 15:10:01,892 ERROR [stderr] (ServerService Thread Pool -- 140) 	at com.sun.faces.config.processor.BehaviorConfigProcessor.process(BehaviorConfigProcessor.java:92)
2025-04-29 15:10:01,893 ERROR [stderr] (ServerService Thread Pool -- 140) 	at com.sun.faces.config.ConfigManager.lambda$initialize$1(ConfigManager.java:325)
2025-04-29 15:10:01,893 ERROR [stderr] (ServerService Thread Pool -- 140) 	at java.util.Iterator.forEachRemaining(Iterator.java:116)
2025-04-29 15:10:01,894 ERROR [stderr] (ServerService Thread Pool -- 140) 	at java.util.Spliterators$IteratorSpliterator.forEachRemaining(Spliterators.java:1801)
2025-04-29 15:10:01,894 ERROR [stderr] (ServerService Thread Pool -- 140) 	at java.util.stream.ReferencePipeline$Head.forEach(ReferencePipeline.java:580)
2025-04-29 15:10:01,894 ERROR [stderr] (ServerService Thread Pool -- 140) 	at com.sun.faces.config.ConfigManager.initialize(ConfigManager.java:308)
2025-04-29 15:10:01,895 ERROR [stderr] (ServerService Thread Pool -- 140) 	at com.sun.faces.config.ConfigureListener.contextInitialized(ConfigureListener.java:207)
2025-04-29 15:10:01,895 ERROR [stderr] (ServerService Thread Pool -- 140) 	at io.undertow.servlet.core.ApplicationListeners.contextInitialized(ApplicationListeners.java:187)
2025-04-29 15:10:01,896 ERROR [stderr] (ServerService Thread Pool -- 140) 	at io.undertow.servlet.core.DeploymentManagerImpl$1.call(DeploymentManagerImpl.java:219)
2025-04-29 15:10:01,896 ERROR [stderr] (ServerService Thread Pool -- 140) 	at io.undertow.servlet.core.DeploymentManagerImpl$1.call(DeploymentManagerImpl.java:187)
2025-04-29 15:10:01,897 ERROR [stderr] (ServerService Thread Pool -- 140) 	at io.undertow.servlet.core.ServletRequestContextThreadSetupAction$1.call(ServletRequestContextThreadSetupAction.java:42)
2025-04-29 15:10:01,897 ERROR [stderr] (ServerService Thread Pool -- 140) 	at io.undertow.servlet.core.ContextClassLoaderSetupAction$1.call(ContextClassLoaderSetupAction.java:43)
2025-04-29 15:10:01,897 ERROR [stderr] (ServerService Thread Pool -- 140) 	at org.wildfly.extension.undertow.security.SecurityContextThreadSetupAction.lambda$create$0(SecurityContextThreadSetupAction.java:105)
2025-04-29 15:10:01,898 ERROR [stderr] (ServerService Thread Pool -- 140) 	at org.wildfly.extension.undertow.deployment.UndertowDeploymentInfoService$UndertowThreadSetupAction.lambda$create$0(UndertowDeploymentInfoService.java:1530)
2025-04-29 15:10:01,898 ERROR [stderr] (ServerService Thread Pool -- 140) 	at org.wildfly.extension.undertow.deployment.UndertowDeploymentInfoService$UndertowThreadSetupAction.lambda$create$0(UndertowDeploymentInfoService.java:1530)
2025-04-29 15:10:01,899 ERROR [stderr] (ServerService Thread Pool -- 140) 	at org.wildfly.extension.undertow.deployment.UndertowDeploymentInfoService$UndertowThreadSetupAction.lambda$create$0(UndertowDeploymentInfoService.java:1530)
2025-04-29 15:10:01,899 ERROR [stderr] (ServerService Thread Pool -- 140) 	at org.wildfly.extension.undertow.deployment.UndertowDeploymentInfoService$UndertowThreadSetupAction.lambda$create$0(UndertowDeploymentInfoService.java:1530)
2025-04-29 15:10:01,901 ERROR [stderr] (ServerService Thread Pool -- 140) 	at io.undertow.servlet.core.DeploymentManagerImpl.deploy(DeploymentManagerImpl.java:255)
2025-04-29 15:10:01,901 ERROR [stderr] (ServerService Thread Pool -- 140) 	at org.wildfly.extension.undertow.deployment.UndertowDeploymentService.startContext(UndertowDeploymentService.java:96)
2025-04-29 15:10:01,902 ERROR [stderr] (ServerService Thread Pool -- 140) 	at org.wildfly.extension.undertow.deployment.UndertowDeploymentService$1.run(UndertowDeploymentService.java:78)
2025-04-29 15:10:01,902 ERROR [stderr] (ServerService Thread Pool -- 140) 	at java.util.concurrent.Executors$RunnableAdapter.call(Executors.java:511)
2025-04-29 15:10:01,903 ERROR [stderr] (ServerService Thread Pool -- 140) 	at java.util.concurrent.FutureTask.run(FutureTask.java:266)
2025-04-29 15:10:01,903 ERROR [stderr] (ServerService Thread Pool -- 140) 	at org.jboss.threads.ContextClassLoaderSavingRunnable.run(ContextClassLoaderSavingRunnable.java:35)
2025-04-29 15:10:01,904 ERROR [stderr] (ServerService Thread Pool -- 140) 	at org.jboss.threads.EnhancedQueueExecutor.safeRun(EnhancedQueueExecutor.java:1990)
2025-04-29 15:10:01,904 ERROR [stderr] (ServerService Thread Pool -- 140) 	at org.jboss.threads.EnhancedQueueExecutor$ThreadBody.doRunTask(EnhancedQueueExecutor.java:1486)
2025-04-29 15:10:01,904 ERROR [stderr] (ServerService Thread Pool -- 140) 	at org.jboss.threads.EnhancedQueueExecutor$ThreadBody.run(EnhancedQueueExecutor.java:1377)
2025-04-29 15:10:01,905 ERROR [stderr] (ServerService Thread Pool -- 140) 	at java.lang.Thread.run(Thread.java:748)
2025-04-29 15:10:01,905 ERROR [stderr] (ServerService Thread Pool -- 140) 	at org.jboss.threads.JBossThread.run(JBossThread.java:513)
2025-04-29 15:10:02,174 SEVERE [javax.enterprise.resource.webcontainer.jsf.config] (ServerService Thread Pool -- 140) Critical error during deployment: : com.sun.faces.config.ConfigurationException: CONFIGURATION FAILED! null
	at com.sun.faces.config.ConfigManager.initialize(ConfigManager.java:358)
	at com.sun.faces.config.ConfigureListener.contextInitialized(ConfigureListener.java:207)
	at io.undertow.servlet.core.ApplicationListeners.contextInitialized(ApplicationListeners.java:187)
	at io.undertow.servlet.core.DeploymentManagerImpl$1.call(DeploymentManagerImpl.java:219)
	at io.undertow.servlet.core.DeploymentManagerImpl$1.call(DeploymentManagerImpl.java:187)
	at io.undertow.servlet.core.ServletRequestContextThreadSetupAction$1.call(ServletRequestContextThreadSetupAction.java:42)
	at io.undertow.servlet.core.ContextClassLoaderSetupAction$1.call(ContextClassLoaderSetupAction.java:43)
	at org.wildfly.extension.undertow.security.SecurityContextThreadSetupAction.lambda$create$0(SecurityContextThreadSetupAction.java:105)
	at org.wildfly.extension.undertow.deployment.UndertowDeploymentInfoService$UndertowThreadSetupAction.lambda$create$0(UndertowDeploymentInfoService.java:1530)
	at org.wildfly.extension.undertow.deployment.UndertowDeploymentInfoService$UndertowThreadSetupAction.lambda$create$0(UndertowDeploymentInfoService.java:1530)
	at org.wildfly.extension.undertow.deployment.UndertowDeploymentInfoService$UndertowThreadSetupAction.lambda$create$0(UndertowDeploymentInfoService.java:1530)
	at org.wildfly.extension.undertow.deployment.UndertowDeploymentInfoService$UndertowThreadSetupAction.lambda$create$0(UndertowDeploymentInfoService.java:1530)
	at io.undertow.servlet.core.DeploymentManagerImpl.deploy(DeploymentManagerImpl.java:255)
	at org.wildfly.extension.undertow.deployment.UndertowDeploymentService.startContext(UndertowDeploymentService.java:96)
	at org.wildfly.extension.undertow.deployment.UndertowDeploymentService$1.run(UndertowDeploymentService.java:78)
	at java.util.concurrent.Executors$RunnableAdapter.call(Executors.java:511)
	at java.util.concurrent.FutureTask.run(FutureTask.java:266)
	at org.jboss.threads.ContextClassLoaderSavingRunnable.run(ContextClassLoaderSavingRunnable.java:35)
	at org.jboss.threads.EnhancedQueueExecutor.safeRun(EnhancedQueueExecutor.java:1990)
	at org.jboss.threads.EnhancedQueueExecutor$ThreadBody.doRunTask(EnhancedQueueExecutor.java:1486)
	at org.jboss.threads.EnhancedQueueExecutor$ThreadBody.run(EnhancedQueueExecutor.java:1377)
	at java.lang.Thread.run(Thread.java:748)
	at org.jboss.threads.JBossThread.run(JBossThread.java:513)
Caused by: java.lang.NullPointerException
	at com.sun.faces.facelets.impl.DefaultResourceResolver.resolveUrl(DefaultResourceResolver.java:40)
	at com.sun.faces.facelets.impl.DefaultFaceletFactory.init(DefaultFaceletFactory.java:139)
	at com.sun.faces.application.ApplicationAssociate.createFaceletFactory(ApplicationAssociate.java:849)
	at com.sun.faces.application.ApplicationAssociate.initializeFacelets(ApplicationAssociate.java:342)
	at com.sun.faces.application.ApplicationAssociate.getCompiler(ApplicationAssociate.java:420)
	at com.sun.faces.config.processor.FaceletTaglibConfigProcessor.process(FaceletTaglibConfigProcessor.java:217)
	at com.sun.faces.config.ConfigManager.initialize(ConfigManager.java:342)
	... 22 more

2025-04-29 15:10:02,179 ERROR [org.jboss.msc.service.fail] (ServerService Thread Pool -- 140) MSC000001: Failed to start service jboss.deployment.unit."thegreatwall.war".undertow-deployment: org.jboss.msc.service.StartException in service jboss.deployment.unit."thegreatwall.war".undertow-deployment: java.lang.RuntimeException: java.lang.RuntimeException: com.sun.faces.config.ConfigurationException: CONFIGURATION FAILED! null
	at org.wildfly.extension.undertow.deployment.UndertowDeploymentService$1.run(UndertowDeploymentService.java:81)
	at java.util.concurrent.Executors$RunnableAdapter.call(Executors.java:511)
	at java.util.concurrent.FutureTask.run(FutureTask.java:266)
	at org.jboss.threads.ContextClassLoaderSavingRunnable.run(ContextClassLoaderSavingRunnable.java:35)
	at org.jboss.threads.EnhancedQueueExecutor.safeRun(EnhancedQueueExecutor.java:1990)
	at org.jboss.threads.EnhancedQueueExecutor$ThreadBody.doRunTask(EnhancedQueueExecutor.java:1486)
	at org.jboss.threads.EnhancedQueueExecutor$ThreadBody.run(EnhancedQueueExecutor.java:1377)
	at java.lang.Thread.run(Thread.java:748)
	at org.jboss.threads.JBossThread.run(JBossThread.java:513)
Caused by: java.lang.RuntimeException: java.lang.RuntimeException: com.sun.faces.config.ConfigurationException: CONFIGURATION FAILED! null
	at io.undertow.servlet.core.DeploymentManagerImpl.deploy(DeploymentManagerImpl.java:257)
	at org.wildfly.extension.undertow.deployment.UndertowDeploymentService.startContext(UndertowDeploymentService.java:96)
	at org.wildfly.extension.undertow.deployment.UndertowDeploymentService$1.run(UndertowDeploymentService.java:78)
	... 8 more
Caused by: java.lang.RuntimeException: com.sun.faces.config.ConfigurationException: CONFIGURATION FAILED! null
	at com.sun.faces.config.ConfigureListener.contextInitialized(ConfigureListener.java:286)
	at io.undertow.servlet.core.ApplicationListeners.contextInitialized(ApplicationListeners.java:187)
	at io.undertow.servlet.core.DeploymentManagerImpl$1.call(DeploymentManagerImpl.java:219)
	at io.undertow.servlet.core.DeploymentManagerImpl$1.call(DeploymentManagerImpl.java:187)
	at io.undertow.servlet.core.ServletRequestContextThreadSetupAction$1.call(ServletRequestContextThreadSetupAction.java:42)
	at io.undertow.servlet.core.ContextClassLoaderSetupAction$1.call(ContextClassLoaderSetupAction.java:43)
	at org.wildfly.extension.undertow.security.SecurityContextThreadSetupAction.lambda$create$0(SecurityContextThreadSetupAction.java:105)
	at org.wildfly.extension.undertow.deployment.UndertowDeploymentInfoService$UndertowThreadSetupAction.lambda$create$0(UndertowDeploymentInfoService.java:1530)
	at org.wildfly.extension.undertow.deployment.UndertowDeploymentInfoService$UndertowThreadSetupAction.lambda$create$0(UndertowDeploymentInfoService.java:1530)
	at org.wildfly.extension.undertow.deployment.UndertowDeploymentInfoService$UndertowThreadSetupAction.lambda$create$0(UndertowDeploymentInfoService.java:1530)
	at org.wildfly.extension.undertow.deployment.UndertowDeploymentInfoService$UndertowThreadSetupAction.lambda$create$0(UndertowDeploymentInfoService.java:1530)
	at io.undertow.servlet.core.DeploymentManagerImpl.deploy(DeploymentManagerImpl.java:255)
	... 10 more
Caused by: com.sun.faces.config.ConfigurationException: CONFIGURATION FAILED! null
	at com.sun.faces.config.ConfigManager.initialize(ConfigManager.java:358)
	at com.sun.faces.config.ConfigureListener.contextInitialized(ConfigureListener.java:207)
	... 21 more
Caused by: java.lang.NullPointerException
	at com.sun.faces.facelets.impl.DefaultResourceResolver.resolveUrl(DefaultResourceResolver.java:40)
	at com.sun.faces.facelets.impl.DefaultFaceletFactory.init(DefaultFaceletFactory.java:139)
	at com.sun.faces.application.ApplicationAssociate.createFaceletFactory(ApplicationAssociate.java:849)
	at com.sun.faces.application.ApplicationAssociate.initializeFacelets(ApplicationAssociate.java:342)
	at com.sun.faces.application.ApplicationAssociate.getCompiler(ApplicationAssociate.java:420)
	at com.sun.faces.config.processor.FaceletTaglibConfigProcessor.process(FaceletTaglibConfigProcessor.java:217)
	at com.sun.faces.config.ConfigManager.initialize(ConfigManager.java:342)
	... 22 more

2025-04-29 15:10:02,186 ERROR [org.jboss.as.controller.management-operation] (DeploymentScanner-threads - 1) WFLYCTL0013: Operation ("full-replace-deployment") failed - address: ([]) - failure description: {"WFLYCTL0080: Failed services" => {"jboss.deployment.unit.\"thegreatwall.war\".undertow-deployment" => "java.lang.RuntimeException: java.lang.RuntimeException: com.sun.faces.config.ConfigurationException: CONFIGURATION FAILED! null
    Caused by: java.lang.RuntimeException: java.lang.RuntimeException: com.sun.faces.config.ConfigurationException: CONFIGURATION FAILED! null
    Caused by: java.lang.RuntimeException: com.sun.faces.config.ConfigurationException: CONFIGURATION FAILED! null
    Caused by: com.sun.faces.config.ConfigurationException: CONFIGURATION FAILED! null
    Caused by: java.lang.NullPointerException"}}
2025-04-29 15:12:55,952 INFO  [com.thegreatwall.TheGreatWallApplication] (ServerService Thread Pool -- 158) Starting TheGreatWallApplication using Java 1.8.0_181-1-ojdkbuild on DESKTOP-QR3RA1D with PID 26284 (started by nanum in D:\the_great_wall\the_great_wall_ver_1\thegreatwall\jboss\wildfly-23.0.2.Final\bin)
2025-04-29 15:12:55,953 DEBUG [com.thegreatwall.TheGreatWallApplication] (ServerService Thread Pool -- 158) Running with Spring Boot v2.6.5, Spring v5.3.17
2025-04-29 15:12:55,954 INFO  [com.thegreatwall.TheGreatWallApplication] (ServerService Thread Pool -- 158) No active profile set, falling back to 1 default profile: "default"
2025-04-29 15:12:57,172 INFO  [org.springframework.security.web.DefaultSecurityFilterChain] (ServerService Thread Pool -- 158) Will not secure any request
2025-04-29 15:12:57,611 INFO  [com.thegreatwall.TheGreatWallApplication] (ServerService Thread Pool -- 158) Started TheGreatWallApplication in 2.012 seconds (JVM running for 21229.424)
2025-04-29 15:12:58,508 ERROR [stderr] (ServerService Thread Pool -- 158) javax.faces.FacesException: Unable to find CDI BeanManager
2025-04-29 15:12:58,508 ERROR [stderr] (ServerService Thread Pool -- 158) 	at com.sun.faces.application.applicationimpl.Version.isJsf23(Version.java:62)
2025-04-29 15:12:58,509 ERROR [stderr] (ServerService Thread Pool -- 158) 	at com.sun.faces.application.applicationimpl.ExpressionLanguage.addELResolver(ExpressionLanguage.java:140)
2025-04-29 15:12:58,509 ERROR [stderr] (ServerService Thread Pool -- 158) 	at com.sun.faces.application.ApplicationImpl.addELResolver(ApplicationImpl.java:221)
2025-04-29 15:12:58,509 ERROR [stderr] (ServerService Thread Pool -- 158) 	at org.jboss.as.jsf.injection.weld.WeldApplication.<init>(WeldApplication.java:60)
2025-04-29 15:12:58,510 ERROR [stderr] (ServerService Thread Pool -- 158) 	at org.jboss.as.jsf.injection.weld.WeldApplicationFactory.getApplication(WeldApplicationFactory.java:52)
2025-04-29 15:12:58,510 ERROR [stderr] (ServerService Thread Pool -- 158) 	at com.sun.faces.application.InjectionApplicationFactory.getApplication(InjectionApplicationFactory.java:61)
2025-04-29 15:12:58,510 ERROR [stderr] (ServerService Thread Pool -- 158) 	at com.sun.faces.config.InitFacesContext.getApplication(InitFacesContext.java:109)
2025-04-29 15:12:58,510 ERROR [stderr] (ServerService Thread Pool -- 158) 	at com.sun.faces.lifecycle.ClientWindowFactoryImpl.<init>(ClientWindowFactoryImpl.java:39)
2025-04-29 15:12:58,510 ERROR [stderr] (ServerService Thread Pool -- 158) 	at sun.reflect.GeneratedConstructorAccessor288.newInstance(Unknown Source)
2025-04-29 15:12:58,510 ERROR [stderr] (ServerService Thread Pool -- 158) 	at sun.reflect.DelegatingConstructorAccessorImpl.newInstance(DelegatingConstructorAccessorImpl.java:45)
2025-04-29 15:12:58,511 ERROR [stderr] (ServerService Thread Pool -- 158) 	at java.lang.reflect.Constructor.newInstance(Constructor.java:423)
2025-04-29 15:12:58,511 ERROR [stderr] (ServerService Thread Pool -- 158) 	at java.lang.Class.newInstance(Class.java:442)
2025-04-29 15:12:58,511 ERROR [stderr] (ServerService Thread Pool -- 158) 	at javax.faces.FactoryFinderInstance.getImplGivenPreviousImpl(FactoryFinderInstance.java:458)
2025-04-29 15:12:58,511 ERROR [stderr] (ServerService Thread Pool -- 158) 	at javax.faces.FactoryFinderInstance.getImplementationInstance(FactoryFinderInstance.java:348)
2025-04-29 15:12:58,511 ERROR [stderr] (ServerService Thread Pool -- 158) 	at javax.faces.FactoryFinderInstance.getFactory(FactoryFinderInstance.java:200)
2025-04-29 15:12:58,512 ERROR [stderr] (ServerService Thread Pool -- 158) 	at javax.faces.FactoryFinder.getFactory(FactoryFinder.java:279)
2025-04-29 15:12:58,512 ERROR [stderr] (ServerService Thread Pool -- 158) 	at com.sun.faces.config.processor.FactoryConfigProcessor.lambda$verifyFactoriesExist$0(FactoryConfigProcessor.java:303)
2025-04-29 15:12:58,512 ERROR [stderr] (ServerService Thread Pool -- 158) 	at java.util.Spliterators$ArraySpliterator.forEachRemaining(Spliterators.java:948)
2025-04-29 15:12:58,512 ERROR [stderr] (ServerService Thread Pool -- 158) 	at java.util.stream.ReferencePipeline$Head.forEach(ReferencePipeline.java:580)
2025-04-29 15:12:58,512 ERROR [stderr] (ServerService Thread Pool -- 158) 	at com.sun.faces.config.processor.FactoryConfigProcessor.verifyFactoriesExist(FactoryConfigProcessor.java:297)
2025-04-29 15:12:58,513 ERROR [stderr] (ServerService Thread Pool -- 158) 	at com.sun.faces.config.processor.FactoryConfigProcessor.process(FactoryConfigProcessor.java:211)
2025-04-29 15:12:58,513 ERROR [stderr] (ServerService Thread Pool -- 158) 	at com.sun.faces.config.ConfigManager.lambda$initialize$0(ConfigManager.java:295)
2025-04-29 15:12:58,513 ERROR [stderr] (ServerService Thread Pool -- 158) 	at java.util.Iterator.forEachRemaining(Iterator.java:116)
2025-04-29 15:12:58,513 ERROR [stderr] (ServerService Thread Pool -- 158) 	at java.util.Spliterators$IteratorSpliterator.forEachRemaining(Spliterators.java:1801)
2025-04-29 15:12:58,514 ERROR [stderr] (ServerService Thread Pool -- 158) 	at java.util.stream.ReferencePipeline$Head.forEach(ReferencePipeline.java:580)
2025-04-29 15:12:58,514 ERROR [stderr] (ServerService Thread Pool -- 158) 	at com.sun.faces.config.ConfigManager.initialize(ConfigManager.java:293)
2025-04-29 15:12:58,514 ERROR [stderr] (ServerService Thread Pool -- 158) 	at com.sun.faces.config.ConfigureListener.contextInitialized(ConfigureListener.java:207)
2025-04-29 15:12:58,514 ERROR [stderr] (ServerService Thread Pool -- 158) 	at io.undertow.servlet.core.ApplicationListeners.contextInitialized(ApplicationListeners.java:187)
2025-04-29 15:12:58,515 ERROR [stderr] (ServerService Thread Pool -- 158) 	at io.undertow.servlet.core.DeploymentManagerImpl$1.call(DeploymentManagerImpl.java:219)
2025-04-29 15:12:58,515 ERROR [stderr] (ServerService Thread Pool -- 158) 	at io.undertow.servlet.core.DeploymentManagerImpl$1.call(DeploymentManagerImpl.java:187)
2025-04-29 15:12:58,515 ERROR [stderr] (ServerService Thread Pool -- 158) 	at io.undertow.servlet.core.ServletRequestContextThreadSetupAction$1.call(ServletRequestContextThreadSetupAction.java:42)
2025-04-29 15:12:58,515 ERROR [stderr] (ServerService Thread Pool -- 158) 	at io.undertow.servlet.core.ContextClassLoaderSetupAction$1.call(ContextClassLoaderSetupAction.java:43)
2025-04-29 15:12:58,516 ERROR [stderr] (ServerService Thread Pool -- 158) 	at org.wildfly.extension.undertow.security.SecurityContextThreadSetupAction.lambda$create$0(SecurityContextThreadSetupAction.java:105)
2025-04-29 15:12:58,516 ERROR [stderr] (ServerService Thread Pool -- 158) 	at org.wildfly.extension.undertow.deployment.UndertowDeploymentInfoService$UndertowThreadSetupAction.lambda$create$0(UndertowDeploymentInfoService.java:1530)
2025-04-29 15:12:58,516 ERROR [stderr] (ServerService Thread Pool -- 158) 	at org.wildfly.extension.undertow.deployment.UndertowDeploymentInfoService$UndertowThreadSetupAction.lambda$create$0(UndertowDeploymentInfoService.java:1530)
2025-04-29 15:12:58,517 ERROR [stderr] (ServerService Thread Pool -- 158) 	at org.wildfly.extension.undertow.deployment.UndertowDeploymentInfoService$UndertowThreadSetupAction.lambda$create$0(UndertowDeploymentInfoService.java:1530)
2025-04-29 15:12:58,517 ERROR [stderr] (ServerService Thread Pool -- 158) 	at org.wildfly.extension.undertow.deployment.UndertowDeploymentInfoService$UndertowThreadSetupAction.lambda$create$0(UndertowDeploymentInfoService.java:1530)
2025-04-29 15:12:58,517 ERROR [stderr] (ServerService Thread Pool -- 158) 	at io.undertow.servlet.core.DeploymentManagerImpl.deploy(DeploymentManagerImpl.java:255)
2025-04-29 15:12:58,518 ERROR [stderr] (ServerService Thread Pool -- 158) 	at org.wildfly.extension.undertow.deployment.UndertowDeploymentService.startContext(UndertowDeploymentService.java:96)
2025-04-29 15:12:58,518 ERROR [stderr] (ServerService Thread Pool -- 158) 	at org.wildfly.extension.undertow.deployment.UndertowDeploymentService$1.run(UndertowDeploymentService.java:78)
2025-04-29 15:12:58,518 ERROR [stderr] (ServerService Thread Pool -- 158) 	at java.util.concurrent.Executors$RunnableAdapter.call(Executors.java:511)
2025-04-29 15:12:58,518 ERROR [stderr] (ServerService Thread Pool -- 158) 	at java.util.concurrent.FutureTask.run(FutureTask.java:266)
2025-04-29 15:12:58,519 ERROR [stderr] (ServerService Thread Pool -- 158) 	at org.jboss.threads.ContextClassLoaderSavingRunnable.run(ContextClassLoaderSavingRunnable.java:35)
2025-04-29 15:12:58,519 ERROR [stderr] (ServerService Thread Pool -- 158) 	at org.jboss.threads.EnhancedQueueExecutor.safeRun(EnhancedQueueExecutor.java:1990)
2025-04-29 15:12:58,519 ERROR [stderr] (ServerService Thread Pool -- 158) 	at org.jboss.threads.EnhancedQueueExecutor$ThreadBody.doRunTask(EnhancedQueueExecutor.java:1486)
2025-04-29 15:12:58,520 ERROR [stderr] (ServerService Thread Pool -- 158) 	at org.jboss.threads.EnhancedQueueExecutor$ThreadBody.run(EnhancedQueueExecutor.java:1377)
2025-04-29 15:12:58,520 ERROR [stderr] (ServerService Thread Pool -- 158) 	at java.lang.Thread.run(Thread.java:748)
2025-04-29 15:12:58,520 ERROR [stderr] (ServerService Thread Pool -- 158) 	at org.jboss.threads.JBossThread.run(JBossThread.java:513)
2025-04-29 15:12:58,526 ERROR [stderr] (ServerService Thread Pool -- 158) javax.faces.FacesException: Unable to find CDI BeanManager
2025-04-29 15:12:58,526 ERROR [stderr] (ServerService Thread Pool -- 158) 	at com.sun.faces.application.applicationimpl.Version.isJsf23(Version.java:62)
2025-04-29 15:12:58,527 ERROR [stderr] (ServerService Thread Pool -- 158) 	at com.sun.faces.application.applicationimpl.ExpressionLanguage.addELResolver(ExpressionLanguage.java:140)
2025-04-29 15:12:58,527 ERROR [stderr] (ServerService Thread Pool -- 158) 	at com.sun.faces.application.ApplicationImpl.addELResolver(ApplicationImpl.java:221)
2025-04-29 15:12:58,527 ERROR [stderr] (ServerService Thread Pool -- 158) 	at org.jboss.as.jsf.injection.weld.WeldApplication.<init>(WeldApplication.java:60)
2025-04-29 15:12:58,527 ERROR [stderr] (ServerService Thread Pool -- 158) 	at org.jboss.as.jsf.injection.weld.WeldApplicationFactory.getApplication(WeldApplicationFactory.java:52)
2025-04-29 15:12:58,528 ERROR [stderr] (ServerService Thread Pool -- 158) 	at com.sun.faces.application.InjectionApplicationFactory.getApplication(InjectionApplicationFactory.java:61)
2025-04-29 15:12:58,528 ERROR [stderr] (ServerService Thread Pool -- 158) 	at com.sun.faces.config.InitFacesContext.getApplication(InitFacesContext.java:109)
2025-04-29 15:12:58,528 ERROR [stderr] (ServerService Thread Pool -- 158) 	at com.sun.faces.lifecycle.LifecycleImpl.<init>(LifecycleImpl.java:89)
2025-04-29 15:12:58,528 ERROR [stderr] (ServerService Thread Pool -- 158) 	at com.sun.faces.lifecycle.LifecycleFactoryImpl.<init>(LifecycleFactoryImpl.java:59)
2025-04-29 15:12:58,529 ERROR [stderr] (ServerService Thread Pool -- 158) 	at sun.reflect.GeneratedConstructorAccessor293.newInstance(Unknown Source)
2025-04-29 15:12:58,529 ERROR [stderr] (ServerService Thread Pool -- 158) 	at sun.reflect.DelegatingConstructorAccessorImpl.newInstance(DelegatingConstructorAccessorImpl.java:45)
2025-04-29 15:12:58,529 ERROR [stderr] (ServerService Thread Pool -- 158) 	at java.lang.reflect.Constructor.newInstance(Constructor.java:423)
2025-04-29 15:12:58,529 ERROR [stderr] (ServerService Thread Pool -- 158) 	at java.lang.Class.newInstance(Class.java:442)
2025-04-29 15:12:58,530 ERROR [stderr] (ServerService Thread Pool -- 158) 	at javax.faces.FactoryFinderInstance.getImplGivenPreviousImpl(FactoryFinderInstance.java:458)
2025-04-29 15:12:58,530 ERROR [stderr] (ServerService Thread Pool -- 158) 	at javax.faces.FactoryFinderInstance.getImplementationInstance(FactoryFinderInstance.java:348)
2025-04-29 15:12:58,530 ERROR [stderr] (ServerService Thread Pool -- 158) 	at javax.faces.FactoryFinderInstance.getFactory(FactoryFinderInstance.java:200)
2025-04-29 15:12:58,530 ERROR [stderr] (ServerService Thread Pool -- 158) 	at javax.faces.FactoryFinder.getFactory(FactoryFinder.java:279)
2025-04-29 15:12:58,531 ERROR [stderr] (ServerService Thread Pool -- 158) 	at com.sun.faces.config.processor.FactoryConfigProcessor.lambda$verifyFactoriesExist$0(FactoryConfigProcessor.java:303)
2025-04-29 15:12:58,531 ERROR [stderr] (ServerService Thread Pool -- 158) 	at java.util.Spliterators$ArraySpliterator.forEachRemaining(Spliterators.java:948)
2025-04-29 15:12:58,531 ERROR [stderr] (ServerService Thread Pool -- 158) 	at java.util.stream.ReferencePipeline$Head.forEach(ReferencePipeline.java:580)
2025-04-29 15:12:58,531 ERROR [stderr] (ServerService Thread Pool -- 158) 	at com.sun.faces.config.processor.FactoryConfigProcessor.verifyFactoriesExist(FactoryConfigProcessor.java:297)
2025-04-29 15:12:58,532 ERROR [stderr] (ServerService Thread Pool -- 158) 	at com.sun.faces.config.processor.FactoryConfigProcessor.process(FactoryConfigProcessor.java:211)
2025-04-29 15:12:58,532 ERROR [stderr] (ServerService Thread Pool -- 158) 	at com.sun.faces.config.ConfigManager.lambda$initialize$0(ConfigManager.java:295)
2025-04-29 15:12:58,532 ERROR [stderr] (ServerService Thread Pool -- 158) 	at java.util.Iterator.forEachRemaining(Iterator.java:116)
2025-04-29 15:12:58,533 ERROR [stderr] (ServerService Thread Pool -- 158) 	at java.util.Spliterators$IteratorSpliterator.forEachRemaining(Spliterators.java:1801)
2025-04-29 15:12:58,533 ERROR [stderr] (ServerService Thread Pool -- 158) 	at java.util.stream.ReferencePipeline$Head.forEach(ReferencePipeline.java:580)
2025-04-29 15:12:58,533 ERROR [stderr] (ServerService Thread Pool -- 158) 	at com.sun.faces.config.ConfigManager.initialize(ConfigManager.java:293)
2025-04-29 15:12:58,534 ERROR [stderr] (ServerService Thread Pool -- 158) 	at com.sun.faces.config.ConfigureListener.contextInitialized(ConfigureListener.java:207)
2025-04-29 15:12:58,534 ERROR [stderr] (ServerService Thread Pool -- 158) 	at io.undertow.servlet.core.ApplicationListeners.contextInitialized(ApplicationListeners.java:187)
2025-04-29 15:12:58,534 ERROR [stderr] (ServerService Thread Pool -- 158) 	at io.undertow.servlet.core.DeploymentManagerImpl$1.call(DeploymentManagerImpl.java:219)
2025-04-29 15:12:58,534 ERROR [stderr] (ServerService Thread Pool -- 158) 	at io.undertow.servlet.core.DeploymentManagerImpl$1.call(DeploymentManagerImpl.java:187)
2025-04-29 15:12:58,535 ERROR [stderr] (ServerService Thread Pool -- 158) 	at io.undertow.servlet.core.ServletRequestContextThreadSetupAction$1.call(ServletRequestContextThreadSetupAction.java:42)
2025-04-29 15:12:58,535 ERROR [stderr] (ServerService Thread Pool -- 158) 	at io.undertow.servlet.core.ContextClassLoaderSetupAction$1.call(ContextClassLoaderSetupAction.java:43)
2025-04-29 15:12:58,535 ERROR [stderr] (ServerService Thread Pool -- 158) 	at org.wildfly.extension.undertow.security.SecurityContextThreadSetupAction.lambda$create$0(SecurityContextThreadSetupAction.java:105)
2025-04-29 15:12:58,535 ERROR [stderr] (ServerService Thread Pool -- 158) 	at org.wildfly.extension.undertow.deployment.UndertowDeploymentInfoService$UndertowThreadSetupAction.lambda$create$0(UndertowDeploymentInfoService.java:1530)
2025-04-29 15:12:58,536 ERROR [stderr] (ServerService Thread Pool -- 158) 	at org.wildfly.extension.undertow.deployment.UndertowDeploymentInfoService$UndertowThreadSetupAction.lambda$create$0(UndertowDeploymentInfoService.java:1530)
2025-04-29 15:12:58,536 ERROR [stderr] (ServerService Thread Pool -- 158) 	at org.wildfly.extension.undertow.deployment.UndertowDeploymentInfoService$UndertowThreadSetupAction.lambda$create$0(UndertowDeploymentInfoService.java:1530)
2025-04-29 15:12:58,536 ERROR [stderr] (ServerService Thread Pool -- 158) 	at org.wildfly.extension.undertow.deployment.UndertowDeploymentInfoService$UndertowThreadSetupAction.lambda$create$0(UndertowDeploymentInfoService.java:1530)
2025-04-29 15:12:58,537 ERROR [stderr] (ServerService Thread Pool -- 158) 	at io.undertow.servlet.core.DeploymentManagerImpl.deploy(DeploymentManagerImpl.java:255)
2025-04-29 15:12:58,537 ERROR [stderr] (ServerService Thread Pool -- 158) 	at org.wildfly.extension.undertow.deployment.UndertowDeploymentService.startContext(UndertowDeploymentService.java:96)
2025-04-29 15:12:58,537 ERROR [stderr] (ServerService Thread Pool -- 158) 	at org.wildfly.extension.undertow.deployment.UndertowDeploymentService$1.run(UndertowDeploymentService.java:78)
2025-04-29 15:12:58,537 ERROR [stderr] (ServerService Thread Pool -- 158) 	at java.util.concurrent.Executors$RunnableAdapter.call(Executors.java:511)
2025-04-29 15:12:58,537 ERROR [stderr] (ServerService Thread Pool -- 158) 	at java.util.concurrent.FutureTask.run(FutureTask.java:266)
2025-04-29 15:12:58,538 ERROR [stderr] (ServerService Thread Pool -- 158) 	at org.jboss.threads.ContextClassLoaderSavingRunnable.run(ContextClassLoaderSavingRunnable.java:35)
2025-04-29 15:12:58,538 ERROR [stderr] (ServerService Thread Pool -- 158) 	at org.jboss.threads.EnhancedQueueExecutor.safeRun(EnhancedQueueExecutor.java:1990)
2025-04-29 15:12:58,538 ERROR [stderr] (ServerService Thread Pool -- 158) 	at org.jboss.threads.EnhancedQueueExecutor$ThreadBody.doRunTask(EnhancedQueueExecutor.java:1486)
2025-04-29 15:12:58,538 ERROR [stderr] (ServerService Thread Pool -- 158) 	at org.jboss.threads.EnhancedQueueExecutor$ThreadBody.run(EnhancedQueueExecutor.java:1377)
2025-04-29 15:12:58,539 ERROR [stderr] (ServerService Thread Pool -- 158) 	at java.lang.Thread.run(Thread.java:748)
2025-04-29 15:12:58,539 ERROR [stderr] (ServerService Thread Pool -- 158) 	at org.jboss.threads.JBossThread.run(JBossThread.java:513)
2025-04-29 15:12:58,542 SEVERE [javax.faces] (ServerService Thread Pool -- 158) 응용 프로그램 시작 시 올바르게 초기화되지 않아 javax.faces.lifecycle.LifecycleFactory 팩토리를 찾지 못했습니다. Attempting to find backup.
2025-04-29 15:12:58,543 ERROR [stderr] (ServerService Thread Pool -- 158) java.lang.IllegalStateException: Could not find backup for factory javax.faces.lifecycle.LifecycleFactory. 
2025-04-29 15:12:58,543 ERROR [stderr] (ServerService Thread Pool -- 158) 	at javax.faces.FactoryFinderInstance.notNullFactory(FactoryFinderInstance.java:524)
2025-04-29 15:12:58,544 ERROR [stderr] (ServerService Thread Pool -- 158) 	at javax.faces.FactoryFinderInstance.getFactory(FactoryFinderInstance.java:207)
2025-04-29 15:12:58,544 ERROR [stderr] (ServerService Thread Pool -- 158) 	at javax.faces.FactoryFinder.getFactory(FactoryFinder.java:279)
2025-04-29 15:12:58,544 ERROR [stderr] (ServerService Thread Pool -- 158) 	at com.sun.faces.config.processor.LifecycleConfigProcessor.process(LifecycleConfigProcessor.java:80)
2025-04-29 15:12:58,544 ERROR [stderr] (ServerService Thread Pool -- 158) 	at com.sun.faces.config.ConfigManager.lambda$initialize$0(ConfigManager.java:295)
2025-04-29 15:12:58,544 ERROR [stderr] (ServerService Thread Pool -- 158) 	at java.util.Iterator.forEachRemaining(Iterator.java:116)
2025-04-29 15:12:58,545 ERROR [stderr] (ServerService Thread Pool -- 158) 	at java.util.Spliterators$IteratorSpliterator.forEachRemaining(Spliterators.java:1801)
2025-04-29 15:12:58,545 ERROR [stderr] (ServerService Thread Pool -- 158) 	at java.util.stream.ReferencePipeline$Head.forEach(ReferencePipeline.java:580)
2025-04-29 15:12:58,545 ERROR [stderr] (ServerService Thread Pool -- 158) 	at com.sun.faces.config.ConfigManager.initialize(ConfigManager.java:293)
2025-04-29 15:12:58,545 ERROR [stderr] (ServerService Thread Pool -- 158) 	at com.sun.faces.config.ConfigureListener.contextInitialized(ConfigureListener.java:207)
2025-04-29 15:12:58,545 ERROR [stderr] (ServerService Thread Pool -- 158) 	at io.undertow.servlet.core.ApplicationListeners.contextInitialized(ApplicationListeners.java:187)
2025-04-29 15:12:58,546 ERROR [stderr] (ServerService Thread Pool -- 158) 	at io.undertow.servlet.core.DeploymentManagerImpl$1.call(DeploymentManagerImpl.java:219)
2025-04-29 15:12:58,546 ERROR [stderr] (ServerService Thread Pool -- 158) 	at io.undertow.servlet.core.DeploymentManagerImpl$1.call(DeploymentManagerImpl.java:187)
2025-04-29 15:12:58,546 ERROR [stderr] (ServerService Thread Pool -- 158) 	at io.undertow.servlet.core.ServletRequestContextThreadSetupAction$1.call(ServletRequestContextThreadSetupAction.java:42)
2025-04-29 15:12:58,546 ERROR [stderr] (ServerService Thread Pool -- 158) 	at io.undertow.servlet.core.ContextClassLoaderSetupAction$1.call(ContextClassLoaderSetupAction.java:43)
2025-04-29 15:12:58,546 ERROR [stderr] (ServerService Thread Pool -- 158) 	at org.wildfly.extension.undertow.security.SecurityContextThreadSetupAction.lambda$create$0(SecurityContextThreadSetupAction.java:105)
2025-04-29 15:12:58,547 ERROR [stderr] (ServerService Thread Pool -- 158) 	at org.wildfly.extension.undertow.deployment.UndertowDeploymentInfoService$UndertowThreadSetupAction.lambda$create$0(UndertowDeploymentInfoService.java:1530)
2025-04-29 15:12:58,547 ERROR [stderr] (ServerService Thread Pool -- 158) 	at org.wildfly.extension.undertow.deployment.UndertowDeploymentInfoService$UndertowThreadSetupAction.lambda$create$0(UndertowDeploymentInfoService.java:1530)
2025-04-29 15:12:58,547 ERROR [stderr] (ServerService Thread Pool -- 158) 	at org.wildfly.extension.undertow.deployment.UndertowDeploymentInfoService$UndertowThreadSetupAction.lambda$create$0(UndertowDeploymentInfoService.java:1530)
2025-04-29 15:12:58,547 ERROR [stderr] (ServerService Thread Pool -- 158) 	at org.wildfly.extension.undertow.deployment.UndertowDeploymentInfoService$UndertowThreadSetupAction.lambda$create$0(UndertowDeploymentInfoService.java:1530)
2025-04-29 15:12:58,548 ERROR [stderr] (ServerService Thread Pool -- 158) 	at io.undertow.servlet.core.DeploymentManagerImpl.deploy(DeploymentManagerImpl.java:255)
2025-04-29 15:12:58,548 ERROR [stderr] (ServerService Thread Pool -- 158) 	at org.wildfly.extension.undertow.deployment.UndertowDeploymentService.startContext(UndertowDeploymentService.java:96)
2025-04-29 15:12:58,548 ERROR [stderr] (ServerService Thread Pool -- 158) 	at org.wildfly.extension.undertow.deployment.UndertowDeploymentService$1.run(UndertowDeploymentService.java:78)
2025-04-29 15:12:58,549 ERROR [stderr] (ServerService Thread Pool -- 158) 	at java.util.concurrent.Executors$RunnableAdapter.call(Executors.java:511)
2025-04-29 15:12:58,550 ERROR [stderr] (ServerService Thread Pool -- 158) 	at java.util.concurrent.FutureTask.run(FutureTask.java:266)
2025-04-29 15:12:58,550 ERROR [stderr] (ServerService Thread Pool -- 158) 	at org.jboss.threads.ContextClassLoaderSavingRunnable.run(ContextClassLoaderSavingRunnable.java:35)
2025-04-29 15:12:58,550 ERROR [stderr] (ServerService Thread Pool -- 158) 	at org.jboss.threads.EnhancedQueueExecutor.safeRun(EnhancedQueueExecutor.java:1990)
2025-04-29 15:12:58,551 ERROR [stderr] (ServerService Thread Pool -- 158) 	at org.jboss.threads.EnhancedQueueExecutor$ThreadBody.doRunTask(EnhancedQueueExecutor.java:1486)
2025-04-29 15:12:58,551 ERROR [stderr] (ServerService Thread Pool -- 158) 	at org.jboss.threads.EnhancedQueueExecutor$ThreadBody.run(EnhancedQueueExecutor.java:1377)
2025-04-29 15:12:58,551 ERROR [stderr] (ServerService Thread Pool -- 158) 	at java.lang.Thread.run(Thread.java:748)
2025-04-29 15:12:58,551 ERROR [stderr] (ServerService Thread Pool -- 158) 	at org.jboss.threads.JBossThread.run(JBossThread.java:513)
2025-04-29 15:12:58,554 ERROR [stderr] (ServerService Thread Pool -- 158) javax.faces.FacesException: Unable to find CDI BeanManager
2025-04-29 15:12:58,554 ERROR [stderr] (ServerService Thread Pool -- 158) 	at com.sun.faces.application.applicationimpl.Version.isJsf23(Version.java:62)
2025-04-29 15:12:58,555 ERROR [stderr] (ServerService Thread Pool -- 158) 	at com.sun.faces.application.applicationimpl.ExpressionLanguage.addELResolver(ExpressionLanguage.java:140)
2025-04-29 15:12:58,555 ERROR [stderr] (ServerService Thread Pool -- 158) 	at com.sun.faces.application.ApplicationImpl.addELResolver(ApplicationImpl.java:221)
2025-04-29 15:12:58,555 ERROR [stderr] (ServerService Thread Pool -- 158) 	at org.jboss.as.jsf.injection.weld.WeldApplication.<init>(WeldApplication.java:60)
2025-04-29 15:12:58,556 ERROR [stderr] (ServerService Thread Pool -- 158) 	at org.jboss.as.jsf.injection.weld.WeldApplicationFactory.getApplication(WeldApplicationFactory.java:52)
2025-04-29 15:12:58,556 ERROR [stderr] (ServerService Thread Pool -- 158) 	at com.sun.faces.application.InjectionApplicationFactory.getApplication(InjectionApplicationFactory.java:61)
2025-04-29 15:12:58,556 ERROR [stderr] (ServerService Thread Pool -- 158) 	at com.sun.faces.config.processor.AbstractConfigProcessor.getApplication(AbstractConfigProcessor.java:113)
2025-04-29 15:12:58,556 ERROR [stderr] (ServerService Thread Pool -- 158) 	at com.sun.faces.config.processor.ApplicationConfigProcessor.process(ApplicationConfigProcessor.java:242)
2025-04-29 15:12:58,557 ERROR [stderr] (ServerService Thread Pool -- 158) 	at com.sun.faces.config.ConfigManager.lambda$initialize$0(ConfigManager.java:295)
2025-04-29 15:12:58,557 ERROR [stderr] (ServerService Thread Pool -- 158) 	at java.util.Iterator.forEachRemaining(Iterator.java:116)
2025-04-29 15:12:58,557 ERROR [stderr] (ServerService Thread Pool -- 158) 	at java.util.Spliterators$IteratorSpliterator.forEachRemaining(Spliterators.java:1801)
2025-04-29 15:12:58,558 ERROR [stderr] (ServerService Thread Pool -- 158) 	at java.util.stream.ReferencePipeline$Head.forEach(ReferencePipeline.java:580)
2025-04-29 15:12:58,558 ERROR [stderr] (ServerService Thread Pool -- 158) 	at com.sun.faces.config.ConfigManager.initialize(ConfigManager.java:293)
2025-04-29 15:12:58,558 ERROR [stderr] (ServerService Thread Pool -- 158) 	at com.sun.faces.config.ConfigureListener.contextInitialized(ConfigureListener.java:207)
2025-04-29 15:12:58,558 ERROR [stderr] (ServerService Thread Pool -- 158) 	at io.undertow.servlet.core.ApplicationListeners.contextInitialized(ApplicationListeners.java:187)
2025-04-29 15:12:58,559 ERROR [stderr] (ServerService Thread Pool -- 158) 	at io.undertow.servlet.core.DeploymentManagerImpl$1.call(DeploymentManagerImpl.java:219)
2025-04-29 15:12:58,559 ERROR [stderr] (ServerService Thread Pool -- 158) 	at io.undertow.servlet.core.DeploymentManagerImpl$1.call(DeploymentManagerImpl.java:187)
2025-04-29 15:12:58,559 ERROR [stderr] (ServerService Thread Pool -- 158) 	at io.undertow.servlet.core.ServletRequestContextThreadSetupAction$1.call(ServletRequestContextThreadSetupAction.java:42)
2025-04-29 15:12:58,560 ERROR [stderr] (ServerService Thread Pool -- 158) 	at io.undertow.servlet.core.ContextClassLoaderSetupAction$1.call(ContextClassLoaderSetupAction.java:43)
2025-04-29 15:12:58,560 ERROR [stderr] (ServerService Thread Pool -- 158) 	at org.wildfly.extension.undertow.security.SecurityContextThreadSetupAction.lambda$create$0(SecurityContextThreadSetupAction.java:105)
2025-04-29 15:12:58,560 ERROR [stderr] (ServerService Thread Pool -- 158) 	at org.wildfly.extension.undertow.deployment.UndertowDeploymentInfoService$UndertowThreadSetupAction.lambda$create$0(UndertowDeploymentInfoService.java:1530)
2025-04-29 15:12:58,561 ERROR [stderr] (ServerService Thread Pool -- 158) 	at org.wildfly.extension.undertow.deployment.UndertowDeploymentInfoService$UndertowThreadSetupAction.lambda$create$0(UndertowDeploymentInfoService.java:1530)
2025-04-29 15:12:58,561 ERROR [stderr] (ServerService Thread Pool -- 158) 	at org.wildfly.extension.undertow.deployment.UndertowDeploymentInfoService$UndertowThreadSetupAction.lambda$create$0(UndertowDeploymentInfoService.java:1530)
2025-04-29 15:12:58,561 ERROR [stderr] (ServerService Thread Pool -- 158) 	at org.wildfly.extension.undertow.deployment.UndertowDeploymentInfoService$UndertowThreadSetupAction.lambda$create$0(UndertowDeploymentInfoService.java:1530)
2025-04-29 15:12:58,561 ERROR [stderr] (ServerService Thread Pool -- 158) 	at io.undertow.servlet.core.DeploymentManagerImpl.deploy(DeploymentManagerImpl.java:255)
2025-04-29 15:12:58,562 ERROR [stderr] (ServerService Thread Pool -- 158) 	at org.wildfly.extension.undertow.deployment.UndertowDeploymentService.startContext(UndertowDeploymentService.java:96)
2025-04-29 15:12:58,562 ERROR [stderr] (ServerService Thread Pool -- 158) 	at org.wildfly.extension.undertow.deployment.UndertowDeploymentService$1.run(UndertowDeploymentService.java:78)
2025-04-29 15:12:58,562 ERROR [stderr] (ServerService Thread Pool -- 158) 	at java.util.concurrent.Executors$RunnableAdapter.call(Executors.java:511)
2025-04-29 15:12:58,562 ERROR [stderr] (ServerService Thread Pool -- 158) 	at java.util.concurrent.FutureTask.run(FutureTask.java:266)
2025-04-29 15:12:58,562 ERROR [stderr] (ServerService Thread Pool -- 158) 	at org.jboss.threads.ContextClassLoaderSavingRunnable.run(ContextClassLoaderSavingRunnable.java:35)
2025-04-29 15:12:58,563 ERROR [stderr] (ServerService Thread Pool -- 158) 	at org.jboss.threads.EnhancedQueueExecutor.safeRun(EnhancedQueueExecutor.java:1990)
2025-04-29 15:12:58,563 ERROR [stderr] (ServerService Thread Pool -- 158) 	at org.jboss.threads.EnhancedQueueExecutor$ThreadBody.doRunTask(EnhancedQueueExecutor.java:1486)
2025-04-29 15:12:58,563 ERROR [stderr] (ServerService Thread Pool -- 158) 	at org.jboss.threads.EnhancedQueueExecutor$ThreadBody.run(EnhancedQueueExecutor.java:1377)
2025-04-29 15:12:58,563 ERROR [stderr] (ServerService Thread Pool -- 158) 	at java.lang.Thread.run(Thread.java:748)
2025-04-29 15:12:58,563 ERROR [stderr] (ServerService Thread Pool -- 158) 	at org.jboss.threads.JBossThread.run(JBossThread.java:513)
2025-04-29 15:12:58,568 ERROR [stderr] (ServerService Thread Pool -- 158) javax.faces.FacesException: Unable to find CDI BeanManager
2025-04-29 15:12:58,568 ERROR [stderr] (ServerService Thread Pool -- 158) 	at com.sun.faces.application.applicationimpl.Version.isJsf23(Version.java:62)
2025-04-29 15:12:58,568 ERROR [stderr] (ServerService Thread Pool -- 158) 	at com.sun.faces.application.applicationimpl.ExpressionLanguage.addELResolver(ExpressionLanguage.java:140)
2025-04-29 15:12:58,569 ERROR [stderr] (ServerService Thread Pool -- 158) 	at com.sun.faces.application.ApplicationImpl.addELResolver(ApplicationImpl.java:221)
2025-04-29 15:12:58,569 ERROR [stderr] (ServerService Thread Pool -- 158) 	at org.jboss.as.jsf.injection.weld.WeldApplication.<init>(WeldApplication.java:60)
2025-04-29 15:12:58,569 ERROR [stderr] (ServerService Thread Pool -- 158) 	at org.jboss.as.jsf.injection.weld.WeldApplicationFactory.getApplication(WeldApplicationFactory.java:52)
2025-04-29 15:12:58,570 ERROR [stderr] (ServerService Thread Pool -- 158) 	at com.sun.faces.application.InjectionApplicationFactory.getApplication(InjectionApplicationFactory.java:61)
2025-04-29 15:12:58,570 ERROR [stderr] (ServerService Thread Pool -- 158) 	at com.sun.faces.config.processor.AbstractConfigProcessor.getApplication(AbstractConfigProcessor.java:113)
2025-04-29 15:12:58,570 ERROR [stderr] (ServerService Thread Pool -- 158) 	at com.sun.faces.config.processor.ComponentConfigProcessor.addComponents(ComponentConfigProcessor.java:106)
2025-04-29 15:12:58,571 ERROR [stderr] (ServerService Thread Pool -- 158) 	at com.sun.faces.config.processor.ComponentConfigProcessor.process(ComponentConfigProcessor.java:96)
2025-04-29 15:12:58,571 ERROR [stderr] (ServerService Thread Pool -- 158) 	at com.sun.faces.config.ConfigManager.lambda$initialize$1(ConfigManager.java:325)
2025-04-29 15:12:58,571 ERROR [stderr] (ServerService Thread Pool -- 158) 	at java.util.Iterator.forEachRemaining(Iterator.java:116)
2025-04-29 15:12:58,571 ERROR [stderr] (ServerService Thread Pool -- 158) 	at java.util.Spliterators$IteratorSpliterator.forEachRemaining(Spliterators.java:1801)
2025-04-29 15:12:58,572 ERROR [stderr] (ServerService Thread Pool -- 158) 	at java.util.stream.ReferencePipeline$Head.forEach(ReferencePipeline.java:580)
2025-04-29 15:12:58,572 ERROR [stderr] (ServerService Thread Pool -- 158) 	at com.sun.faces.config.ConfigManager.initialize(ConfigManager.java:308)
2025-04-29 15:12:58,572 ERROR [stderr] (ServerService Thread Pool -- 158) 	at com.sun.faces.config.ConfigureListener.contextInitialized(ConfigureListener.java:207)
2025-04-29 15:12:58,572 ERROR [stderr] (ServerService Thread Pool -- 158) 	at io.undertow.servlet.core.ApplicationListeners.contextInitialized(ApplicationListeners.java:187)
2025-04-29 15:12:58,573 ERROR [stderr] (ServerService Thread Pool -- 158) 	at io.undertow.servlet.core.DeploymentManagerImpl$1.call(DeploymentManagerImpl.java:219)
2025-04-29 15:12:58,573 ERROR [stderr] (ServerService Thread Pool -- 158) 	at io.undertow.servlet.core.DeploymentManagerImpl$1.call(DeploymentManagerImpl.java:187)
2025-04-29 15:12:58,573 ERROR [stderr] (ServerService Thread Pool -- 158) 	at io.undertow.servlet.core.ServletRequestContextThreadSetupAction$1.call(ServletRequestContextThreadSetupAction.java:42)
2025-04-29 15:12:58,574 ERROR [stderr] (ServerService Thread Pool -- 158) 	at io.undertow.servlet.core.ContextClassLoaderSetupAction$1.call(ContextClassLoaderSetupAction.java:43)
2025-04-29 15:12:58,574 ERROR [stderr] (ServerService Thread Pool -- 158) 	at org.wildfly.extension.undertow.security.SecurityContextThreadSetupAction.lambda$create$0(SecurityContextThreadSetupAction.java:105)
2025-04-29 15:12:58,574 ERROR [stderr] (ServerService Thread Pool -- 158) 	at org.wildfly.extension.undertow.deployment.UndertowDeploymentInfoService$UndertowThreadSetupAction.lambda$create$0(UndertowDeploymentInfoService.java:1530)
2025-04-29 15:12:58,574 ERROR [stderr] (ServerService Thread Pool -- 158) 	at org.wildfly.extension.undertow.deployment.UndertowDeploymentInfoService$UndertowThreadSetupAction.lambda$create$0(UndertowDeploymentInfoService.java:1530)
2025-04-29 15:12:58,575 ERROR [stderr] (ServerService Thread Pool -- 158) 	at org.wildfly.extension.undertow.deployment.UndertowDeploymentInfoService$UndertowThreadSetupAction.lambda$create$0(UndertowDeploymentInfoService.java:1530)
2025-04-29 15:12:58,575 ERROR [stderr] (ServerService Thread Pool -- 158) 	at org.wildfly.extension.undertow.deployment.UndertowDeploymentInfoService$UndertowThreadSetupAction.lambda$create$0(UndertowDeploymentInfoService.java:1530)
2025-04-29 15:12:58,575 ERROR [stderr] (ServerService Thread Pool -- 158) 	at io.undertow.servlet.core.DeploymentManagerImpl.deploy(DeploymentManagerImpl.java:255)
2025-04-29 15:12:58,575 ERROR [stderr] (ServerService Thread Pool -- 158) 	at org.wildfly.extension.undertow.deployment.UndertowDeploymentService.startContext(UndertowDeploymentService.java:96)
2025-04-29 15:12:58,576 ERROR [stderr] (ServerService Thread Pool -- 158) 	at org.wildfly.extension.undertow.deployment.UndertowDeploymentService$1.run(UndertowDeploymentService.java:78)
2025-04-29 15:12:58,576 ERROR [stderr] (ServerService Thread Pool -- 158) 	at java.util.concurrent.Executors$RunnableAdapter.call(Executors.java:511)
2025-04-29 15:12:58,576 ERROR [stderr] (ServerService Thread Pool -- 158) 	at java.util.concurrent.FutureTask.run(FutureTask.java:266)
2025-04-29 15:12:58,576 ERROR [stderr] (ServerService Thread Pool -- 158) 	at org.jboss.threads.ContextClassLoaderSavingRunnable.run(ContextClassLoaderSavingRunnable.java:35)
2025-04-29 15:12:58,576 ERROR [stderr] (ServerService Thread Pool -- 158) 	at org.jboss.threads.EnhancedQueueExecutor.safeRun(EnhancedQueueExecutor.java:1990)
2025-04-29 15:12:58,577 ERROR [stderr] (ServerService Thread Pool -- 158) 	at org.jboss.threads.EnhancedQueueExecutor$ThreadBody.doRunTask(EnhancedQueueExecutor.java:1486)
2025-04-29 15:12:58,577 ERROR [stderr] (ServerService Thread Pool -- 158) 	at org.jboss.threads.EnhancedQueueExecutor$ThreadBody.run(EnhancedQueueExecutor.java:1377)
2025-04-29 15:12:58,577 ERROR [stderr] (ServerService Thread Pool -- 158) 	at java.lang.Thread.run(Thread.java:748)
2025-04-29 15:12:58,577 ERROR [stderr] (ServerService Thread Pool -- 158) 	at org.jboss.threads.JBossThread.run(JBossThread.java:513)
2025-04-29 15:12:58,580 ERROR [stderr] (ServerService Thread Pool -- 158) javax.faces.FacesException: Unable to find CDI BeanManager
2025-04-29 15:12:58,581 ERROR [stderr] (ServerService Thread Pool -- 158) 	at com.sun.faces.application.applicationimpl.Version.isJsf23(Version.java:62)
2025-04-29 15:12:58,581 ERROR [stderr] (ServerService Thread Pool -- 158) 	at com.sun.faces.application.applicationimpl.ExpressionLanguage.addELResolver(ExpressionLanguage.java:140)
2025-04-29 15:12:58,581 ERROR [stderr] (ServerService Thread Pool -- 158) 	at com.sun.faces.application.ApplicationImpl.addELResolver(ApplicationImpl.java:221)
2025-04-29 15:12:58,582 ERROR [stderr] (ServerService Thread Pool -- 158) 	at org.jboss.as.jsf.injection.weld.WeldApplication.<init>(WeldApplication.java:60)
2025-04-29 15:12:58,582 ERROR [stderr] (ServerService Thread Pool -- 158) 	at org.jboss.as.jsf.injection.weld.WeldApplicationFactory.getApplication(WeldApplicationFactory.java:52)
2025-04-29 15:12:58,582 ERROR [stderr] (ServerService Thread Pool -- 158) 	at com.sun.faces.application.InjectionApplicationFactory.getApplication(InjectionApplicationFactory.java:61)
2025-04-29 15:12:58,583 ERROR [stderr] (ServerService Thread Pool -- 158) 	at com.sun.faces.config.processor.AbstractConfigProcessor.getApplication(AbstractConfigProcessor.java:113)
2025-04-29 15:12:58,583 ERROR [stderr] (ServerService Thread Pool -- 158) 	at com.sun.faces.config.processor.ConverterConfigProcessor.addConverters(ConverterConfigProcessor.java:103)
2025-04-29 15:12:58,583 ERROR [stderr] (ServerService Thread Pool -- 158) 	at com.sun.faces.config.processor.ConverterConfigProcessor.process(ConverterConfigProcessor.java:93)
2025-04-29 15:12:58,584 ERROR [stderr] (ServerService Thread Pool -- 158) 	at com.sun.faces.config.ConfigManager.lambda$initialize$1(ConfigManager.java:325)
2025-04-29 15:12:58,584 ERROR [stderr] (ServerService Thread Pool -- 158) 	at java.util.Iterator.forEachRemaining(Iterator.java:116)
2025-04-29 15:12:58,584 ERROR [stderr] (ServerService Thread Pool -- 158) 	at java.util.Spliterators$IteratorSpliterator.forEachRemaining(Spliterators.java:1801)
2025-04-29 15:12:58,585 ERROR [stderr] (ServerService Thread Pool -- 158) 	at java.util.stream.ReferencePipeline$Head.forEach(ReferencePipeline.java:580)
2025-04-29 15:12:58,585 ERROR [stderr] (ServerService Thread Pool -- 158) 	at com.sun.faces.config.ConfigManager.initialize(ConfigManager.java:308)
2025-04-29 15:12:58,585 ERROR [stderr] (ServerService Thread Pool -- 158) 	at com.sun.faces.config.ConfigureListener.contextInitialized(ConfigureListener.java:207)
2025-04-29 15:12:58,585 ERROR [stderr] (ServerService Thread Pool -- 158) 	at io.undertow.servlet.core.ApplicationListeners.contextInitialized(ApplicationListeners.java:187)
2025-04-29 15:12:58,586 ERROR [stderr] (ServerService Thread Pool -- 158) 	at io.undertow.servlet.core.DeploymentManagerImpl$1.call(DeploymentManagerImpl.java:219)
2025-04-29 15:12:58,586 ERROR [stderr] (ServerService Thread Pool -- 158) 	at io.undertow.servlet.core.DeploymentManagerImpl$1.call(DeploymentManagerImpl.java:187)
2025-04-29 15:12:58,586 ERROR [stderr] (ServerService Thread Pool -- 158) 	at io.undertow.servlet.core.ServletRequestContextThreadSetupAction$1.call(ServletRequestContextThreadSetupAction.java:42)
2025-04-29 15:12:58,587 ERROR [stderr] (ServerService Thread Pool -- 158) 	at io.undertow.servlet.core.ContextClassLoaderSetupAction$1.call(ContextClassLoaderSetupAction.java:43)
2025-04-29 15:12:58,587 ERROR [stderr] (ServerService Thread Pool -- 158) 	at org.wildfly.extension.undertow.security.SecurityContextThreadSetupAction.lambda$create$0(SecurityContextThreadSetupAction.java:105)
2025-04-29 15:12:58,587 ERROR [stderr] (ServerService Thread Pool -- 158) 	at org.wildfly.extension.undertow.deployment.UndertowDeploymentInfoService$UndertowThreadSetupAction.lambda$create$0(UndertowDeploymentInfoService.java:1530)
2025-04-29 15:12:58,588 ERROR [stderr] (ServerService Thread Pool -- 158) 	at org.wildfly.extension.undertow.deployment.UndertowDeploymentInfoService$UndertowThreadSetupAction.lambda$create$0(UndertowDeploymentInfoService.java:1530)
2025-04-29 15:12:58,588 ERROR [stderr] (ServerService Thread Pool -- 158) 	at org.wildfly.extension.undertow.deployment.UndertowDeploymentInfoService$UndertowThreadSetupAction.lambda$create$0(UndertowDeploymentInfoService.java:1530)
2025-04-29 15:12:58,588 ERROR [stderr] (ServerService Thread Pool -- 158) 	at org.wildfly.extension.undertow.deployment.UndertowDeploymentInfoService$UndertowThreadSetupAction.lambda$create$0(UndertowDeploymentInfoService.java:1530)
2025-04-29 15:12:58,589 ERROR [stderr] (ServerService Thread Pool -- 158) 	at io.undertow.servlet.core.DeploymentManagerImpl.deploy(DeploymentManagerImpl.java:255)
2025-04-29 15:12:58,589 ERROR [stderr] (ServerService Thread Pool -- 158) 	at org.wildfly.extension.undertow.deployment.UndertowDeploymentService.startContext(UndertowDeploymentService.java:96)
2025-04-29 15:12:58,589 ERROR [stderr] (ServerService Thread Pool -- 158) 	at org.wildfly.extension.undertow.deployment.UndertowDeploymentService$1.run(UndertowDeploymentService.java:78)
2025-04-29 15:12:58,589 ERROR [stderr] (ServerService Thread Pool -- 158) 	at java.util.concurrent.Executors$RunnableAdapter.call(Executors.java:511)
2025-04-29 15:12:58,590 ERROR [stderr] (ServerService Thread Pool -- 158) 	at java.util.concurrent.FutureTask.run(FutureTask.java:266)
2025-04-29 15:12:58,590 ERROR [stderr] (ServerService Thread Pool -- 158) 	at org.jboss.threads.ContextClassLoaderSavingRunnable.run(ContextClassLoaderSavingRunnable.java:35)
2025-04-29 15:12:58,590 ERROR [stderr] (ServerService Thread Pool -- 158) 	at org.jboss.threads.EnhancedQueueExecutor.safeRun(EnhancedQueueExecutor.java:1990)
2025-04-29 15:12:58,590 ERROR [stderr] (ServerService Thread Pool -- 158) 	at org.jboss.threads.EnhancedQueueExecutor$ThreadBody.doRunTask(EnhancedQueueExecutor.java:1486)
2025-04-29 15:12:58,590 ERROR [stderr] (ServerService Thread Pool -- 158) 	at org.jboss.threads.EnhancedQueueExecutor$ThreadBody.run(EnhancedQueueExecutor.java:1377)
2025-04-29 15:12:58,591 ERROR [stderr] (ServerService Thread Pool -- 158) 	at java.lang.Thread.run(Thread.java:748)
2025-04-29 15:12:58,591 ERROR [stderr] (ServerService Thread Pool -- 158) 	at org.jboss.threads.JBossThread.run(JBossThread.java:513)
2025-04-29 15:12:58,594 ERROR [stderr] (ServerService Thread Pool -- 158) javax.faces.FacesException: Unable to find CDI BeanManager
2025-04-29 15:12:58,594 ERROR [stderr] (ServerService Thread Pool -- 158) 	at com.sun.faces.application.applicationimpl.Version.isJsf23(Version.java:62)
2025-04-29 15:12:58,594 ERROR [stderr] (ServerService Thread Pool -- 158) 	at com.sun.faces.application.applicationimpl.ExpressionLanguage.addELResolver(ExpressionLanguage.java:140)
2025-04-29 15:12:58,594 ERROR [stderr] (ServerService Thread Pool -- 158) 	at com.sun.faces.application.ApplicationImpl.addELResolver(ApplicationImpl.java:221)
2025-04-29 15:12:58,595 ERROR [stderr] (ServerService Thread Pool -- 158) 	at org.jboss.as.jsf.injection.weld.WeldApplication.<init>(WeldApplication.java:60)
2025-04-29 15:12:58,595 ERROR [stderr] (ServerService Thread Pool -- 158) 	at org.jboss.as.jsf.injection.weld.WeldApplicationFactory.getApplication(WeldApplicationFactory.java:52)
2025-04-29 15:12:58,595 ERROR [stderr] (ServerService Thread Pool -- 158) 	at com.sun.faces.application.InjectionApplicationFactory.getApplication(InjectionApplicationFactory.java:61)
2025-04-29 15:12:58,595 ERROR [stderr] (ServerService Thread Pool -- 158) 	at com.sun.faces.config.processor.AbstractConfigProcessor.getApplication(AbstractConfigProcessor.java:113)
2025-04-29 15:12:58,596 ERROR [stderr] (ServerService Thread Pool -- 158) 	at com.sun.faces.config.processor.ValidatorConfigProcessor.addValidators(ValidatorConfigProcessor.java:129)
2025-04-29 15:12:58,596 ERROR [stderr] (ServerService Thread Pool -- 158) 	at com.sun.faces.config.processor.ValidatorConfigProcessor.process(ValidatorConfigProcessor.java:97)
2025-04-29 15:12:58,596 ERROR [stderr] (ServerService Thread Pool -- 158) 	at com.sun.faces.config.ConfigManager.lambda$initialize$1(ConfigManager.java:325)
2025-04-29 15:12:58,596 ERROR [stderr] (ServerService Thread Pool -- 158) 	at java.util.Iterator.forEachRemaining(Iterator.java:116)
2025-04-29 15:12:58,597 ERROR [stderr] (ServerService Thread Pool -- 158) 	at java.util.Spliterators$IteratorSpliterator.forEachRemaining(Spliterators.java:1801)
2025-04-29 15:12:58,597 ERROR [stderr] (ServerService Thread Pool -- 158) 	at java.util.stream.ReferencePipeline$Head.forEach(ReferencePipeline.java:580)
2025-04-29 15:12:58,597 ERROR [stderr] (ServerService Thread Pool -- 158) 	at com.sun.faces.config.ConfigManager.initialize(ConfigManager.java:308)
2025-04-29 15:12:58,597 ERROR [stderr] (ServerService Thread Pool -- 158) 	at com.sun.faces.config.ConfigureListener.contextInitialized(ConfigureListener.java:207)
2025-04-29 15:12:58,597 ERROR [stderr] (ServerService Thread Pool -- 158) 	at io.undertow.servlet.core.ApplicationListeners.contextInitialized(ApplicationListeners.java:187)
2025-04-29 15:12:58,597 ERROR [stderr] (ServerService Thread Pool -- 158) 	at io.undertow.servlet.core.DeploymentManagerImpl$1.call(DeploymentManagerImpl.java:219)
2025-04-29 15:12:58,598 ERROR [stderr] (ServerService Thread Pool -- 158) 	at io.undertow.servlet.core.DeploymentManagerImpl$1.call(DeploymentManagerImpl.java:187)
2025-04-29 15:12:58,598 ERROR [stderr] (ServerService Thread Pool -- 158) 	at io.undertow.servlet.core.ServletRequestContextThreadSetupAction$1.call(ServletRequestContextThreadSetupAction.java:42)
2025-04-29 15:12:58,598 ERROR [stderr] (ServerService Thread Pool -- 158) 	at io.undertow.servlet.core.ContextClassLoaderSetupAction$1.call(ContextClassLoaderSetupAction.java:43)
2025-04-29 15:12:58,598 ERROR [stderr] (ServerService Thread Pool -- 158) 	at org.wildfly.extension.undertow.security.SecurityContextThreadSetupAction.lambda$create$0(SecurityContextThreadSetupAction.java:105)
2025-04-29 15:12:58,599 ERROR [stderr] (ServerService Thread Pool -- 158) 	at org.wildfly.extension.undertow.deployment.UndertowDeploymentInfoService$UndertowThreadSetupAction.lambda$create$0(UndertowDeploymentInfoService.java:1530)
2025-04-29 15:12:58,599 ERROR [stderr] (ServerService Thread Pool -- 158) 	at org.wildfly.extension.undertow.deployment.UndertowDeploymentInfoService$UndertowThreadSetupAction.lambda$create$0(UndertowDeploymentInfoService.java:1530)
2025-04-29 15:12:58,599 ERROR [stderr] (ServerService Thread Pool -- 158) 	at org.wildfly.extension.undertow.deployment.UndertowDeploymentInfoService$UndertowThreadSetupAction.lambda$create$0(UndertowDeploymentInfoService.java:1530)
2025-04-29 15:12:58,600 ERROR [stderr] (ServerService Thread Pool -- 158) 	at org.wildfly.extension.undertow.deployment.UndertowDeploymentInfoService$UndertowThreadSetupAction.lambda$create$0(UndertowDeploymentInfoService.java:1530)
2025-04-29 15:12:58,600 ERROR [stderr] (ServerService Thread Pool -- 158) 	at io.undertow.servlet.core.DeploymentManagerImpl.deploy(DeploymentManagerImpl.java:255)
2025-04-29 15:12:58,601 ERROR [stderr] (ServerService Thread Pool -- 158) 	at org.wildfly.extension.undertow.deployment.UndertowDeploymentService.startContext(UndertowDeploymentService.java:96)
2025-04-29 15:12:58,601 ERROR [stderr] (ServerService Thread Pool -- 158) 	at org.wildfly.extension.undertow.deployment.UndertowDeploymentService$1.run(UndertowDeploymentService.java:78)
2025-04-29 15:12:58,601 ERROR [stderr] (ServerService Thread Pool -- 158) 	at java.util.concurrent.Executors$RunnableAdapter.call(Executors.java:511)
2025-04-29 15:12:58,601 ERROR [stderr] (ServerService Thread Pool -- 158) 	at java.util.concurrent.FutureTask.run(FutureTask.java:266)
2025-04-29 15:12:58,602 ERROR [stderr] (ServerService Thread Pool -- 158) 	at org.jboss.threads.ContextClassLoaderSavingRunnable.run(ContextClassLoaderSavingRunnable.java:35)
2025-04-29 15:12:58,602 ERROR [stderr] (ServerService Thread Pool -- 158) 	at org.jboss.threads.EnhancedQueueExecutor.safeRun(EnhancedQueueExecutor.java:1990)
2025-04-29 15:12:58,602 ERROR [stderr] (ServerService Thread Pool -- 158) 	at org.jboss.threads.EnhancedQueueExecutor$ThreadBody.doRunTask(EnhancedQueueExecutor.java:1486)
2025-04-29 15:12:58,602 ERROR [stderr] (ServerService Thread Pool -- 158) 	at org.jboss.threads.EnhancedQueueExecutor$ThreadBody.run(EnhancedQueueExecutor.java:1377)
2025-04-29 15:12:58,602 ERROR [stderr] (ServerService Thread Pool -- 158) 	at java.lang.Thread.run(Thread.java:748)
2025-04-29 15:12:58,603 ERROR [stderr] (ServerService Thread Pool -- 158) 	at org.jboss.threads.JBossThread.run(JBossThread.java:513)
2025-04-29 15:12:58,606 ERROR [stderr] (ServerService Thread Pool -- 158) javax.faces.FacesException: Unable to find CDI BeanManager
2025-04-29 15:12:58,607 ERROR [stderr] (ServerService Thread Pool -- 158) 	at com.sun.faces.application.applicationimpl.Version.isJsf23(Version.java:62)
2025-04-29 15:12:58,607 ERROR [stderr] (ServerService Thread Pool -- 158) 	at com.sun.faces.application.applicationimpl.ExpressionLanguage.addELResolver(ExpressionLanguage.java:140)
2025-04-29 15:12:58,607 ERROR [stderr] (ServerService Thread Pool -- 158) 	at com.sun.faces.application.ApplicationImpl.addELResolver(ApplicationImpl.java:221)
2025-04-29 15:12:58,608 ERROR [stderr] (ServerService Thread Pool -- 158) 	at org.jboss.as.jsf.injection.weld.WeldApplication.<init>(WeldApplication.java:60)
2025-04-29 15:12:58,608 ERROR [stderr] (ServerService Thread Pool -- 158) 	at org.jboss.as.jsf.injection.weld.WeldApplicationFactory.getApplication(WeldApplicationFactory.java:52)
2025-04-29 15:12:58,608 ERROR [stderr] (ServerService Thread Pool -- 158) 	at com.sun.faces.application.InjectionApplicationFactory.getApplication(InjectionApplicationFactory.java:61)
2025-04-29 15:12:58,608 ERROR [stderr] (ServerService Thread Pool -- 158) 	at com.sun.faces.config.processor.AbstractConfigProcessor.getApplication(AbstractConfigProcessor.java:113)
2025-04-29 15:12:58,609 ERROR [stderr] (ServerService Thread Pool -- 158) 	at com.sun.faces.config.processor.NavigationConfigProcessor.process(NavigationConfigProcessor.java:184)
2025-04-29 15:12:58,609 ERROR [stderr] (ServerService Thread Pool -- 158) 	at com.sun.faces.config.ConfigManager.lambda$initialize$1(ConfigManager.java:325)
2025-04-29 15:12:58,610 ERROR [stderr] (ServerService Thread Pool -- 158) 	at java.util.Iterator.forEachRemaining(Iterator.java:116)
2025-04-29 15:12:58,610 ERROR [stderr] (ServerService Thread Pool -- 158) 	at java.util.Spliterators$IteratorSpliterator.forEachRemaining(Spliterators.java:1801)
2025-04-29 15:12:58,610 ERROR [stderr] (ServerService Thread Pool -- 158) 	at java.util.stream.ReferencePipeline$Head.forEach(ReferencePipeline.java:580)
2025-04-29 15:12:58,610 ERROR [stderr] (ServerService Thread Pool -- 158) 	at com.sun.faces.config.ConfigManager.initialize(ConfigManager.java:308)
2025-04-29 15:12:58,611 ERROR [stderr] (ServerService Thread Pool -- 158) 	at com.sun.faces.config.ConfigureListener.contextInitialized(ConfigureListener.java:207)
2025-04-29 15:12:58,611 ERROR [stderr] (ServerService Thread Pool -- 158) 	at io.undertow.servlet.core.ApplicationListeners.contextInitialized(ApplicationListeners.java:187)
2025-04-29 15:12:58,611 ERROR [stderr] (ServerService Thread Pool -- 158) 	at io.undertow.servlet.core.DeploymentManagerImpl$1.call(DeploymentManagerImpl.java:219)
2025-04-29 15:12:58,612 ERROR [stderr] (ServerService Thread Pool -- 158) 	at io.undertow.servlet.core.DeploymentManagerImpl$1.call(DeploymentManagerImpl.java:187)
2025-04-29 15:12:58,612 ERROR [stderr] (ServerService Thread Pool -- 158) 	at io.undertow.servlet.core.ServletRequestContextThreadSetupAction$1.call(ServletRequestContextThreadSetupAction.java:42)
2025-04-29 15:12:58,612 ERROR [stderr] (ServerService Thread Pool -- 158) 	at io.undertow.servlet.core.ContextClassLoaderSetupAction$1.call(ContextClassLoaderSetupAction.java:43)
2025-04-29 15:12:58,612 ERROR [stderr] (ServerService Thread Pool -- 158) 	at org.wildfly.extension.undertow.security.SecurityContextThreadSetupAction.lambda$create$0(SecurityContextThreadSetupAction.java:105)
2025-04-29 15:12:58,613 ERROR [stderr] (ServerService Thread Pool -- 158) 	at org.wildfly.extension.undertow.deployment.UndertowDeploymentInfoService$UndertowThreadSetupAction.lambda$create$0(UndertowDeploymentInfoService.java:1530)
2025-04-29 15:12:58,613 ERROR [stderr] (ServerService Thread Pool -- 158) 	at org.wildfly.extension.undertow.deployment.UndertowDeploymentInfoService$UndertowThreadSetupAction.lambda$create$0(UndertowDeploymentInfoService.java:1530)
2025-04-29 15:12:58,613 ERROR [stderr] (ServerService Thread Pool -- 158) 	at org.wildfly.extension.undertow.deployment.UndertowDeploymentInfoService$UndertowThreadSetupAction.lambda$create$0(UndertowDeploymentInfoService.java:1530)
2025-04-29 15:12:58,614 ERROR [stderr] (ServerService Thread Pool -- 158) 	at org.wildfly.extension.undertow.deployment.UndertowDeploymentInfoService$UndertowThreadSetupAction.lambda$create$0(UndertowDeploymentInfoService.java:1530)
2025-04-29 15:12:58,614 ERROR [stderr] (ServerService Thread Pool -- 158) 	at io.undertow.servlet.core.DeploymentManagerImpl.deploy(DeploymentManagerImpl.java:255)
2025-04-29 15:12:58,614 ERROR [stderr] (ServerService Thread Pool -- 158) 	at org.wildfly.extension.undertow.deployment.UndertowDeploymentService.startContext(UndertowDeploymentService.java:96)
2025-04-29 15:12:58,615 ERROR [stderr] (ServerService Thread Pool -- 158) 	at org.wildfly.extension.undertow.deployment.UndertowDeploymentService$1.run(UndertowDeploymentService.java:78)
2025-04-29 15:12:58,615 ERROR [stderr] (ServerService Thread Pool -- 158) 	at java.util.concurrent.Executors$RunnableAdapter.call(Executors.java:511)
2025-04-29 15:12:58,615 ERROR [stderr] (ServerService Thread Pool -- 158) 	at java.util.concurrent.FutureTask.run(FutureTask.java:266)
2025-04-29 15:12:58,616 ERROR [stderr] (ServerService Thread Pool -- 158) 	at org.jboss.threads.ContextClassLoaderSavingRunnable.run(ContextClassLoaderSavingRunnable.java:35)
2025-04-29 15:12:58,616 ERROR [stderr] (ServerService Thread Pool -- 158) 	at org.jboss.threads.EnhancedQueueExecutor.safeRun(EnhancedQueueExecutor.java:1990)
2025-04-29 15:12:58,617 ERROR [stderr] (ServerService Thread Pool -- 158) 	at org.jboss.threads.EnhancedQueueExecutor$ThreadBody.doRunTask(EnhancedQueueExecutor.java:1486)
2025-04-29 15:12:58,617 ERROR [stderr] (ServerService Thread Pool -- 158) 	at org.jboss.threads.EnhancedQueueExecutor$ThreadBody.run(EnhancedQueueExecutor.java:1377)
2025-04-29 15:12:58,617 ERROR [stderr] (ServerService Thread Pool -- 158) 	at java.lang.Thread.run(Thread.java:748)
2025-04-29 15:12:58,618 ERROR [stderr] (ServerService Thread Pool -- 158) 	at org.jboss.threads.JBossThread.run(JBossThread.java:513)
2025-04-29 15:12:58,623 ERROR [stderr] (ServerService Thread Pool -- 158) javax.faces.FacesException: Unable to find CDI BeanManager
2025-04-29 15:12:58,623 ERROR [stderr] (ServerService Thread Pool -- 158) 	at com.sun.faces.application.applicationimpl.Version.isJsf23(Version.java:62)
2025-04-29 15:12:58,623 ERROR [stderr] (ServerService Thread Pool -- 158) 	at com.sun.faces.application.applicationimpl.ExpressionLanguage.addELResolver(ExpressionLanguage.java:140)
2025-04-29 15:12:58,624 ERROR [stderr] (ServerService Thread Pool -- 158) 	at com.sun.faces.application.ApplicationImpl.addELResolver(ApplicationImpl.java:221)
2025-04-29 15:12:58,624 ERROR [stderr] (ServerService Thread Pool -- 158) 	at org.jboss.as.jsf.injection.weld.WeldApplication.<init>(WeldApplication.java:60)
2025-04-29 15:12:58,625 ERROR [stderr] (ServerService Thread Pool -- 158) 	at org.jboss.as.jsf.injection.weld.WeldApplicationFactory.getApplication(WeldApplicationFactory.java:52)
2025-04-29 15:12:58,625 ERROR [stderr] (ServerService Thread Pool -- 158) 	at com.sun.faces.application.InjectionApplicationFactory.getApplication(InjectionApplicationFactory.java:61)
2025-04-29 15:12:58,625 ERROR [stderr] (ServerService Thread Pool -- 158) 	at com.sun.faces.config.processor.AbstractConfigProcessor.getApplication(AbstractConfigProcessor.java:113)
2025-04-29 15:12:58,626 ERROR [stderr] (ServerService Thread Pool -- 158) 	at com.sun.faces.config.processor.BehaviorConfigProcessor.addBehaviors(BehaviorConfigProcessor.java:102)
2025-04-29 15:12:58,626 ERROR [stderr] (ServerService Thread Pool -- 158) 	at com.sun.faces.config.processor.BehaviorConfigProcessor.process(BehaviorConfigProcessor.java:92)
2025-04-29 15:12:58,626 ERROR [stderr] (ServerService Thread Pool -- 158) 	at com.sun.faces.config.ConfigManager.lambda$initialize$1(ConfigManager.java:325)
2025-04-29 15:12:58,626 ERROR [stderr] (ServerService Thread Pool -- 158) 	at java.util.Iterator.forEachRemaining(Iterator.java:116)
2025-04-29 15:12:58,627 ERROR [stderr] (ServerService Thread Pool -- 158) 	at java.util.Spliterators$IteratorSpliterator.forEachRemaining(Spliterators.java:1801)
2025-04-29 15:12:58,627 ERROR [stderr] (ServerService Thread Pool -- 158) 	at java.util.stream.ReferencePipeline$Head.forEach(ReferencePipeline.java:580)
2025-04-29 15:12:58,627 ERROR [stderr] (ServerService Thread Pool -- 158) 	at com.sun.faces.config.ConfigManager.initialize(ConfigManager.java:308)
2025-04-29 15:12:58,627 ERROR [stderr] (ServerService Thread Pool -- 158) 	at com.sun.faces.config.ConfigureListener.contextInitialized(ConfigureListener.java:207)
2025-04-29 15:12:58,628 ERROR [stderr] (ServerService Thread Pool -- 158) 	at io.undertow.servlet.core.ApplicationListeners.contextInitialized(ApplicationListeners.java:187)
2025-04-29 15:12:58,628 ERROR [stderr] (ServerService Thread Pool -- 158) 	at io.undertow.servlet.core.DeploymentManagerImpl$1.call(DeploymentManagerImpl.java:219)
2025-04-29 15:12:58,628 ERROR [stderr] (ServerService Thread Pool -- 158) 	at io.undertow.servlet.core.DeploymentManagerImpl$1.call(DeploymentManagerImpl.java:187)
2025-04-29 15:12:58,628 ERROR [stderr] (ServerService Thread Pool -- 158) 	at io.undertow.servlet.core.ServletRequestContextThreadSetupAction$1.call(ServletRequestContextThreadSetupAction.java:42)
2025-04-29 15:12:58,629 ERROR [stderr] (ServerService Thread Pool -- 158) 	at io.undertow.servlet.core.ContextClassLoaderSetupAction$1.call(ContextClassLoaderSetupAction.java:43)
2025-04-29 15:12:58,629 ERROR [stderr] (ServerService Thread Pool -- 158) 	at org.wildfly.extension.undertow.security.SecurityContextThreadSetupAction.lambda$create$0(SecurityContextThreadSetupAction.java:105)
2025-04-29 15:12:58,629 ERROR [stderr] (ServerService Thread Pool -- 158) 	at org.wildfly.extension.undertow.deployment.UndertowDeploymentInfoService$UndertowThreadSetupAction.lambda$create$0(UndertowDeploymentInfoService.java:1530)
2025-04-29 15:12:58,630 ERROR [stderr] (ServerService Thread Pool -- 158) 	at org.wildfly.extension.undertow.deployment.UndertowDeploymentInfoService$UndertowThreadSetupAction.lambda$create$0(UndertowDeploymentInfoService.java:1530)
2025-04-29 15:12:58,630 ERROR [stderr] (ServerService Thread Pool -- 158) 	at org.wildfly.extension.undertow.deployment.UndertowDeploymentInfoService$UndertowThreadSetupAction.lambda$create$0(UndertowDeploymentInfoService.java:1530)
2025-04-29 15:12:58,630 ERROR [stderr] (ServerService Thread Pool -- 158) 	at org.wildfly.extension.undertow.deployment.UndertowDeploymentInfoService$UndertowThreadSetupAction.lambda$create$0(UndertowDeploymentInfoService.java:1530)
2025-04-29 15:12:58,631 ERROR [stderr] (ServerService Thread Pool -- 158) 	at io.undertow.servlet.core.DeploymentManagerImpl.deploy(DeploymentManagerImpl.java:255)
2025-04-29 15:12:58,631 ERROR [stderr] (ServerService Thread Pool -- 158) 	at org.wildfly.extension.undertow.deployment.UndertowDeploymentService.startContext(UndertowDeploymentService.java:96)
2025-04-29 15:12:58,631 ERROR [stderr] (ServerService Thread Pool -- 158) 	at org.wildfly.extension.undertow.deployment.UndertowDeploymentService$1.run(UndertowDeploymentService.java:78)
2025-04-29 15:12:58,631 ERROR [stderr] (ServerService Thread Pool -- 158) 	at java.util.concurrent.Executors$RunnableAdapter.call(Executors.java:511)
2025-04-29 15:12:58,632 ERROR [stderr] (ServerService Thread Pool -- 158) 	at java.util.concurrent.FutureTask.run(FutureTask.java:266)
2025-04-29 15:12:58,632 ERROR [stderr] (ServerService Thread Pool -- 158) 	at org.jboss.threads.ContextClassLoaderSavingRunnable.run(ContextClassLoaderSavingRunnable.java:35)
2025-04-29 15:12:58,632 ERROR [stderr] (ServerService Thread Pool -- 158) 	at org.jboss.threads.EnhancedQueueExecutor.safeRun(EnhancedQueueExecutor.java:1990)
2025-04-29 15:12:58,633 ERROR [stderr] (ServerService Thread Pool -- 158) 	at org.jboss.threads.EnhancedQueueExecutor$ThreadBody.doRunTask(EnhancedQueueExecutor.java:1486)
2025-04-29 15:12:58,633 ERROR [stderr] (ServerService Thread Pool -- 158) 	at org.jboss.threads.EnhancedQueueExecutor$ThreadBody.run(EnhancedQueueExecutor.java:1377)
2025-04-29 15:12:58,634 ERROR [stderr] (ServerService Thread Pool -- 158) 	at java.lang.Thread.run(Thread.java:748)
2025-04-29 15:12:58,634 ERROR [stderr] (ServerService Thread Pool -- 158) 	at org.jboss.threads.JBossThread.run(JBossThread.java:513)
2025-04-29 15:12:58,915 SEVERE [javax.enterprise.resource.webcontainer.jsf.config] (ServerService Thread Pool -- 158) Critical error during deployment: : com.sun.faces.config.ConfigurationException: CONFIGURATION FAILED! null
	at com.sun.faces.config.ConfigManager.initialize(ConfigManager.java:358)
	at com.sun.faces.config.ConfigureListener.contextInitialized(ConfigureListener.java:207)
	at io.undertow.servlet.core.ApplicationListeners.contextInitialized(ApplicationListeners.java:187)
	at io.undertow.servlet.core.DeploymentManagerImpl$1.call(DeploymentManagerImpl.java:219)
	at io.undertow.servlet.core.DeploymentManagerImpl$1.call(DeploymentManagerImpl.java:187)
	at io.undertow.servlet.core.ServletRequestContextThreadSetupAction$1.call(ServletRequestContextThreadSetupAction.java:42)
	at io.undertow.servlet.core.ContextClassLoaderSetupAction$1.call(ContextClassLoaderSetupAction.java:43)
	at org.wildfly.extension.undertow.security.SecurityContextThreadSetupAction.lambda$create$0(SecurityContextThreadSetupAction.java:105)
	at org.wildfly.extension.undertow.deployment.UndertowDeploymentInfoService$UndertowThreadSetupAction.lambda$create$0(UndertowDeploymentInfoService.java:1530)
	at org.wildfly.extension.undertow.deployment.UndertowDeploymentInfoService$UndertowThreadSetupAction.lambda$create$0(UndertowDeploymentInfoService.java:1530)
	at org.wildfly.extension.undertow.deployment.UndertowDeploymentInfoService$UndertowThreadSetupAction.lambda$create$0(UndertowDeploymentInfoService.java:1530)
	at org.wildfly.extension.undertow.deployment.UndertowDeploymentInfoService$UndertowThreadSetupAction.lambda$create$0(UndertowDeploymentInfoService.java:1530)
	at io.undertow.servlet.core.DeploymentManagerImpl.deploy(DeploymentManagerImpl.java:255)
	at org.wildfly.extension.undertow.deployment.UndertowDeploymentService.startContext(UndertowDeploymentService.java:96)
	at org.wildfly.extension.undertow.deployment.UndertowDeploymentService$1.run(UndertowDeploymentService.java:78)
	at java.util.concurrent.Executors$RunnableAdapter.call(Executors.java:511)
	at java.util.concurrent.FutureTask.run(FutureTask.java:266)
	at org.jboss.threads.ContextClassLoaderSavingRunnable.run(ContextClassLoaderSavingRunnable.java:35)
	at org.jboss.threads.EnhancedQueueExecutor.safeRun(EnhancedQueueExecutor.java:1990)
	at org.jboss.threads.EnhancedQueueExecutor$ThreadBody.doRunTask(EnhancedQueueExecutor.java:1486)
	at org.jboss.threads.EnhancedQueueExecutor$ThreadBody.run(EnhancedQueueExecutor.java:1377)
	at java.lang.Thread.run(Thread.java:748)
	at org.jboss.threads.JBossThread.run(JBossThread.java:513)
Caused by: java.lang.NullPointerException
	at com.sun.faces.facelets.impl.DefaultResourceResolver.resolveUrl(DefaultResourceResolver.java:40)
	at com.sun.faces.facelets.impl.DefaultFaceletFactory.init(DefaultFaceletFactory.java:139)
	at com.sun.faces.application.ApplicationAssociate.createFaceletFactory(ApplicationAssociate.java:849)
	at com.sun.faces.application.ApplicationAssociate.initializeFacelets(ApplicationAssociate.java:342)
	at com.sun.faces.application.ApplicationAssociate.getCompiler(ApplicationAssociate.java:420)
	at com.sun.faces.config.processor.FaceletTaglibConfigProcessor.process(FaceletTaglibConfigProcessor.java:217)
	at com.sun.faces.config.ConfigManager.initialize(ConfigManager.java:342)
	... 22 more

2025-04-29 15:12:58,918 ERROR [org.jboss.msc.service.fail] (ServerService Thread Pool -- 158) MSC000001: Failed to start service jboss.deployment.unit."thegreatwall.war".undertow-deployment: org.jboss.msc.service.StartException in service jboss.deployment.unit."thegreatwall.war".undertow-deployment: java.lang.RuntimeException: java.lang.RuntimeException: com.sun.faces.config.ConfigurationException: CONFIGURATION FAILED! null
	at org.wildfly.extension.undertow.deployment.UndertowDeploymentService$1.run(UndertowDeploymentService.java:81)
	at java.util.concurrent.Executors$RunnableAdapter.call(Executors.java:511)
	at java.util.concurrent.FutureTask.run(FutureTask.java:266)
	at org.jboss.threads.ContextClassLoaderSavingRunnable.run(ContextClassLoaderSavingRunnable.java:35)
	at org.jboss.threads.EnhancedQueueExecutor.safeRun(EnhancedQueueExecutor.java:1990)
	at org.jboss.threads.EnhancedQueueExecutor$ThreadBody.doRunTask(EnhancedQueueExecutor.java:1486)
	at org.jboss.threads.EnhancedQueueExecutor$ThreadBody.run(EnhancedQueueExecutor.java:1377)
	at java.lang.Thread.run(Thread.java:748)
	at org.jboss.threads.JBossThread.run(JBossThread.java:513)
Caused by: java.lang.RuntimeException: java.lang.RuntimeException: com.sun.faces.config.ConfigurationException: CONFIGURATION FAILED! null
	at io.undertow.servlet.core.DeploymentManagerImpl.deploy(DeploymentManagerImpl.java:257)
	at org.wildfly.extension.undertow.deployment.UndertowDeploymentService.startContext(UndertowDeploymentService.java:96)
	at org.wildfly.extension.undertow.deployment.UndertowDeploymentService$1.run(UndertowDeploymentService.java:78)
	... 8 more
Caused by: java.lang.RuntimeException: com.sun.faces.config.ConfigurationException: CONFIGURATION FAILED! null
	at com.sun.faces.config.ConfigureListener.contextInitialized(ConfigureListener.java:286)
	at io.undertow.servlet.core.ApplicationListeners.contextInitialized(ApplicationListeners.java:187)
	at io.undertow.servlet.core.DeploymentManagerImpl$1.call(DeploymentManagerImpl.java:219)
	at io.undertow.servlet.core.DeploymentManagerImpl$1.call(DeploymentManagerImpl.java:187)
	at io.undertow.servlet.core.ServletRequestContextThreadSetupAction$1.call(ServletRequestContextThreadSetupAction.java:42)
	at io.undertow.servlet.core.ContextClassLoaderSetupAction$1.call(ContextClassLoaderSetupAction.java:43)
	at org.wildfly.extension.undertow.security.SecurityContextThreadSetupAction.lambda$create$0(SecurityContextThreadSetupAction.java:105)
	at org.wildfly.extension.undertow.deployment.UndertowDeploymentInfoService$UndertowThreadSetupAction.lambda$create$0(UndertowDeploymentInfoService.java:1530)
	at org.wildfly.extension.undertow.deployment.UndertowDeploymentInfoService$UndertowThreadSetupAction.lambda$create$0(UndertowDeploymentInfoService.java:1530)
	at org.wildfly.extension.undertow.deployment.UndertowDeploymentInfoService$UndertowThreadSetupAction.lambda$create$0(UndertowDeploymentInfoService.java:1530)
	at org.wildfly.extension.undertow.deployment.UndertowDeploymentInfoService$UndertowThreadSetupAction.lambda$create$0(UndertowDeploymentInfoService.java:1530)
	at io.undertow.servlet.core.DeploymentManagerImpl.deploy(DeploymentManagerImpl.java:255)
	... 10 more
Caused by: com.sun.faces.config.ConfigurationException: CONFIGURATION FAILED! null
	at com.sun.faces.config.ConfigManager.initialize(ConfigManager.java:358)
	at com.sun.faces.config.ConfigureListener.contextInitialized(ConfigureListener.java:207)
	... 21 more
Caused by: java.lang.NullPointerException
	at com.sun.faces.facelets.impl.DefaultResourceResolver.resolveUrl(DefaultResourceResolver.java:40)
	at com.sun.faces.facelets.impl.DefaultFaceletFactory.init(DefaultFaceletFactory.java:139)
	at com.sun.faces.application.ApplicationAssociate.createFaceletFactory(ApplicationAssociate.java:849)
	at com.sun.faces.application.ApplicationAssociate.initializeFacelets(ApplicationAssociate.java:342)
	at com.sun.faces.application.ApplicationAssociate.getCompiler(ApplicationAssociate.java:420)
	at com.sun.faces.config.processor.FaceletTaglibConfigProcessor.process(FaceletTaglibConfigProcessor.java:217)
	at com.sun.faces.config.ConfigManager.initialize(ConfigManager.java:342)
	... 22 more

2025-04-29 15:12:58,923 ERROR [org.jboss.as.controller.management-operation] (DeploymentScanner-threads - 2) WFLYCTL0013: Operation ("full-replace-deployment") failed - address: ([]) - failure description: {"WFLYCTL0080: Failed services" => {"jboss.deployment.unit.\"thegreatwall.war\".undertow-deployment" => "java.lang.RuntimeException: java.lang.RuntimeException: com.sun.faces.config.ConfigurationException: CONFIGURATION FAILED! null
    Caused by: java.lang.RuntimeException: java.lang.RuntimeException: com.sun.faces.config.ConfigurationException: CONFIGURATION FAILED! null
    Caused by: java.lang.RuntimeException: com.sun.faces.config.ConfigurationException: CONFIGURATION FAILED! null
    Caused by: com.sun.faces.config.ConfigurationException: CONFIGURATION FAILED! null
    Caused by: java.lang.NullPointerException"}}
2025-04-29 15:16:52,091 INFO  [com.thegreatwall.TheGreatWallApplication] (ServerService Thread Pool -- 171) Starting TheGreatWallApplication using Java 1.8.0_181-1-ojdkbuild on DESKTOP-QR3RA1D with PID 26284 (started by nanum in D:\the_great_wall\the_great_wall_ver_1\thegreatwall\jboss\wildfly-23.0.2.Final\bin)
2025-04-29 15:16:52,092 DEBUG [com.thegreatwall.TheGreatWallApplication] (ServerService Thread Pool -- 171) Running with Spring Boot v2.6.5, Spring v5.3.17
2025-04-29 15:16:52,092 INFO  [com.thegreatwall.TheGreatWallApplication] (ServerService Thread Pool -- 171) No active profile set, falling back to 1 default profile: "default"
2025-04-29 15:16:53,160 INFO  [org.springframework.security.web.DefaultSecurityFilterChain] (ServerService Thread Pool -- 171) Will not secure any request
2025-04-29 15:16:53,630 INFO  [com.thegreatwall.TheGreatWallApplication] (ServerService Thread Pool -- 171) Started TheGreatWallApplication in 1.843 seconds (JVM running for 21465.442)
2025-04-29 15:16:54,922 ERROR [org.jboss.msc.service.fail] (ServerService Thread Pool -- 171) MSC000001: Failed to start service jboss.deployment.unit."thegreatwall.war".undertow-deployment: org.jboss.msc.service.StartException in service jboss.deployment.unit."thegreatwall.war".undertow-deployment: java.lang.RuntimeException: java.lang.ClassCastException: org.apache.tomcat.websocket.server.WsServerContainer cannot be cast to io.undertow.websockets.jsr.ServerWebSocketContainer
	at org.wildfly.extension.undertow.deployment.UndertowDeploymentService$1.run(UndertowDeploymentService.java:81)
	at java.util.concurrent.Executors$RunnableAdapter.call(Executors.java:511)
	at java.util.concurrent.FutureTask.run(FutureTask.java:266)
	at org.jboss.threads.ContextClassLoaderSavingRunnable.run(ContextClassLoaderSavingRunnable.java:35)
	at org.jboss.threads.EnhancedQueueExecutor.safeRun(EnhancedQueueExecutor.java:1990)
	at org.jboss.threads.EnhancedQueueExecutor$ThreadBody.doRunTask(EnhancedQueueExecutor.java:1486)
	at org.jboss.threads.EnhancedQueueExecutor$ThreadBody.run(EnhancedQueueExecutor.java:1377)
	at java.lang.Thread.run(Thread.java:748)
	at org.jboss.threads.JBossThread.run(JBossThread.java:513)
Caused by: java.lang.RuntimeException: java.lang.ClassCastException: org.apache.tomcat.websocket.server.WsServerContainer cannot be cast to io.undertow.websockets.jsr.ServerWebSocketContainer
	at io.undertow.servlet.core.DeploymentManagerImpl.deploy(DeploymentManagerImpl.java:257)
	at org.wildfly.extension.undertow.deployment.UndertowDeploymentService.startContext(UndertowDeploymentService.java:96)
	at org.wildfly.extension.undertow.deployment.UndertowDeploymentService$1.run(UndertowDeploymentService.java:78)
	... 8 more
Caused by: java.lang.ClassCastException: org.apache.tomcat.websocket.server.WsServerContainer cannot be cast to io.undertow.websockets.jsr.ServerWebSocketContainer
	at io.undertow.websockets.jsr.Bootstrap$WebSocketListener.contextInitialized(Bootstrap.java:119)
	at io.undertow.servlet.core.ApplicationListeners.contextInitialized(ApplicationListeners.java:187)
	at io.undertow.servlet.core.DeploymentManagerImpl$1.call(DeploymentManagerImpl.java:219)
	at io.undertow.servlet.core.DeploymentManagerImpl$1.call(DeploymentManagerImpl.java:187)
	at io.undertow.servlet.core.ServletRequestContextThreadSetupAction$1.call(ServletRequestContextThreadSetupAction.java:42)
	at io.undertow.servlet.core.ContextClassLoaderSetupAction$1.call(ContextClassLoaderSetupAction.java:43)
	at org.wildfly.extension.undertow.security.SecurityContextThreadSetupAction.lambda$create$0(SecurityContextThreadSetupAction.java:105)
	at org.wildfly.extension.undertow.deployment.UndertowDeploymentInfoService$UndertowThreadSetupAction.lambda$create$0(UndertowDeploymentInfoService.java:1530)
	at org.wildfly.extension.undertow.deployment.UndertowDeploymentInfoService$UndertowThreadSetupAction.lambda$create$0(UndertowDeploymentInfoService.java:1530)
	at org.wildfly.extension.undertow.deployment.UndertowDeploymentInfoService$UndertowThreadSetupAction.lambda$create$0(UndertowDeploymentInfoService.java:1530)
	at org.wildfly.extension.undertow.deployment.UndertowDeploymentInfoService$UndertowThreadSetupAction.lambda$create$0(UndertowDeploymentInfoService.java:1530)
	at io.undertow.servlet.core.DeploymentManagerImpl.deploy(DeploymentManagerImpl.java:255)
	... 10 more

2025-04-29 15:16:54,925 ERROR [org.jboss.as.controller.management-operation] (DeploymentScanner-threads - 2) WFLYCTL0013: Operation ("full-replace-deployment") failed - address: ([]) - failure description: {"WFLYCTL0080: Failed services" => {"jboss.deployment.unit.\"thegreatwall.war\".undertow-deployment" => "java.lang.RuntimeException: java.lang.ClassCastException: org.apache.tomcat.websocket.server.WsServerContainer cannot be cast to io.undertow.websockets.jsr.ServerWebSocketContainer
    Caused by: java.lang.RuntimeException: java.lang.ClassCastException: org.apache.tomcat.websocket.server.WsServerContainer cannot be cast to io.undertow.websockets.jsr.ServerWebSocketContainer
    Caused by: java.lang.ClassCastException: org.apache.tomcat.websocket.server.WsServerContainer cannot be cast to io.undertow.websockets.jsr.ServerWebSocketContainer"}}
2025-04-29 15:17:47,751 INFO  [com.thegreatwall.TheGreatWallApplication] (ServerService Thread Pool -- 187) Starting TheGreatWallApplication using Java 1.8.0_181-1-ojdkbuild on DESKTOP-QR3RA1D with PID 26284 (started by nanum in D:\the_great_wall\the_great_wall_ver_1\thegreatwall\jboss\wildfly-23.0.2.Final\bin)
2025-04-29 15:17:47,752 DEBUG [com.thegreatwall.TheGreatWallApplication] (ServerService Thread Pool -- 187) Running with Spring Boot v2.6.5, Spring v5.3.17
2025-04-29 15:17:47,753 INFO  [com.thegreatwall.TheGreatWallApplication] (ServerService Thread Pool -- 187) No active profile set, falling back to 1 default profile: "default"
2025-04-29 15:17:47,896 ERROR [org.springframework.boot.SpringApplication] (ServerService Thread Pool -- 187) Application run failed: org.springframework.beans.factory.BeanDefinitionStoreException: Failed to parse configuration class [com.thegreatwall.TheGreatWallApplication]; nested exception is java.io.FileNotFoundException: class path resource [org/springframework/web/servlet/config/annotation/WebMvcConfigurer.class] cannot be opened because it does not exist
	at org.springframework.context.annotation.ConfigurationClassParser.parse(ConfigurationClassParser.java:189)
	at org.springframework.context.annotation.ConfigurationClassPostProcessor.processConfigBeanDefinitions(ConfigurationClassPostProcessor.java:331)
	at org.springframework.context.annotation.ConfigurationClassPostProcessor.postProcessBeanDefinitionRegistry(ConfigurationClassPostProcessor.java:247)
	at org.springframework.context.support.PostProcessorRegistrationDelegate.invokeBeanDefinitionRegistryPostProcessors(PostProcessorRegistrationDelegate.java:311)
	at org.springframework.context.support.PostProcessorRegistrationDelegate.invokeBeanFactoryPostProcessors(PostProcessorRegistrationDelegate.java:112)
	at org.springframework.context.support.AbstractApplicationContext.invokeBeanFactoryPostProcessors(AbstractApplicationContext.java:746)
	at org.springframework.context.support.AbstractApplicationContext.refresh(AbstractApplicationContext.java:564)
	at org.springframework.boot.web.servlet.context.ServletWebServerApplicationContext.refresh(ServletWebServerApplicationContext.java:145)
	at org.springframework.boot.SpringApplication.refresh(SpringApplication.java:740)
	at org.springframework.boot.SpringApplication.refreshContext(SpringApplication.java:415)
	at org.springframework.boot.SpringApplication.run(SpringApplication.java:303)
	at org.springframework.boot.web.servlet.support.SpringBootServletInitializer.run(SpringBootServletInitializer.java:175)
	at org.springframework.boot.web.servlet.support.SpringBootServletInitializer.createRootApplicationContext(SpringBootServletInitializer.java:155)
	at org.springframework.boot.web.servlet.support.SpringBootServletInitializer.onStartup(SpringBootServletInitializer.java:97)
	at org.springframework.web.SpringServletContainerInitializer.onStartup(SpringServletContainerInitializer.java:174)
	at io.undertow.servlet.core.DeploymentManagerImpl$1.call(DeploymentManagerImpl.java:204)
	at io.undertow.servlet.core.DeploymentManagerImpl$1.call(DeploymentManagerImpl.java:187)
	at io.undertow.servlet.core.ServletRequestContextThreadSetupAction$1.call(ServletRequestContextThreadSetupAction.java:42)
	at io.undertow.servlet.core.ContextClassLoaderSetupAction$1.call(ContextClassLoaderSetupAction.java:43)
	at org.wildfly.extension.undertow.security.SecurityContextThreadSetupAction.lambda$create$0(SecurityContextThreadSetupAction.java:105)
	at org.wildfly.extension.undertow.deployment.UndertowDeploymentInfoService$UndertowThreadSetupAction.lambda$create$0(UndertowDeploymentInfoService.java:1530)
	at org.wildfly.extension.undertow.deployment.UndertowDeploymentInfoService$UndertowThreadSetupAction.lambda$create$0(UndertowDeploymentInfoService.java:1530)
	at org.wildfly.extension.undertow.deployment.UndertowDeploymentInfoService$UndertowThreadSetupAction.lambda$create$0(UndertowDeploymentInfoService.java:1530)
	at org.wildfly.extension.undertow.deployment.UndertowDeploymentInfoService$UndertowThreadSetupAction.lambda$create$0(UndertowDeploymentInfoService.java:1530)
	at io.undertow.servlet.core.DeploymentManagerImpl.deploy(DeploymentManagerImpl.java:255)
	at org.wildfly.extension.undertow.deployment.UndertowDeploymentService.startContext(UndertowDeploymentService.java:96)
	at org.wildfly.extension.undertow.deployment.UndertowDeploymentService$1.run(UndertowDeploymentService.java:78)
	at java.util.concurrent.Executors$RunnableAdapter.call(Executors.java:511)
	at java.util.concurrent.FutureTask.run(FutureTask.java:266)
	at org.jboss.threads.ContextClassLoaderSavingRunnable.run(ContextClassLoaderSavingRunnable.java:35)
	at org.jboss.threads.EnhancedQueueExecutor.safeRun(EnhancedQueueExecutor.java:1990)
	at org.jboss.threads.EnhancedQueueExecutor$ThreadBody.doRunTask(EnhancedQueueExecutor.java:1486)
	at org.jboss.threads.EnhancedQueueExecutor$ThreadBody.run(EnhancedQueueExecutor.java:1377)
	at java.lang.Thread.run(Thread.java:748)
	at org.jboss.threads.JBossThread.run(JBossThread.java:513)
Caused by: java.io.FileNotFoundException: class path resource [org/springframework/web/servlet/config/annotation/WebMvcConfigurer.class] cannot be opened because it does not exist
	at org.springframework.core.io.ClassPathResource.getInputStream(ClassPathResource.java:199)
	at org.springframework.core.type.classreading.SimpleMetadataReader.getClassReader(SimpleMetadataReader.java:55)
	at org.springframework.core.type.classreading.SimpleMetadataReader.<init>(SimpleMetadataReader.java:49)
	at org.springframework.core.type.classreading.SimpleMetadataReaderFactory.getMetadataReader(SimpleMetadataReaderFactory.java:103)
	at org.springframework.boot.type.classreading.ConcurrentReferenceCachingMetadataReaderFactory.createMetadataReader(ConcurrentReferenceCachingMetadataReaderFactory.java:86)
	at org.springframework.boot.type.classreading.ConcurrentReferenceCachingMetadataReaderFactory.getMetadataReader(ConcurrentReferenceCachingMetadataReaderFactory.java:73)
	at org.springframework.core.type.classreading.SimpleMetadataReaderFactory.getMetadataReader(SimpleMetadataReaderFactory.java:81)
	at org.springframework.context.annotation.ConfigurationClassParser.asSourceClass(ConfigurationClassParser.java:696)
	at org.springframework.context.annotation.ConfigurationClassParser$SourceClass.getInterfaces(ConfigurationClassParser.java:1024)
	at org.springframework.context.annotation.ConfigurationClassParser.processInterfaces(ConfigurationClassParser.java:386)
	at org.springframework.context.annotation.ConfigurationClassParser.doProcessConfigurationClass(ConfigurationClassParser.java:332)
	at org.springframework.context.annotation.ConfigurationClassParser.processConfigurationClass(ConfigurationClassParser.java:250)
	at org.springframework.context.annotation.ConfigurationClassParser.parse(ConfigurationClassParser.java:199)
	at org.springframework.context.annotation.ConfigurationClassParser.doProcessConfigurationClass(ConfigurationClassParser.java:304)
	at org.springframework.context.annotation.ConfigurationClassParser.processConfigurationClass(ConfigurationClassParser.java:250)
	at org.springframework.context.annotation.ConfigurationClassParser.parse(ConfigurationClassParser.java:207)
	at org.springframework.context.annotation.ConfigurationClassParser.parse(ConfigurationClassParser.java:175)
	... 34 more

2025-04-29 15:17:47,906 ERROR [org.jboss.msc.service.fail] (ServerService Thread Pool -- 187) MSC000001: Failed to start service jboss.deployment.unit."thegreatwall.war".undertow-deployment: org.jboss.msc.service.StartException in service jboss.deployment.unit."thegreatwall.war".undertow-deployment: java.lang.RuntimeException: org.springframework.beans.factory.BeanDefinitionStoreException: Failed to parse configuration class [com.thegreatwall.TheGreatWallApplication]; nested exception is java.io.FileNotFoundException: class path resource [org/springframework/web/servlet/config/annotation/WebMvcConfigurer.class] cannot be opened because it does not exist
	at org.wildfly.extension.undertow.deployment.UndertowDeploymentService$1.run(UndertowDeploymentService.java:81)
	at java.util.concurrent.Executors$RunnableAdapter.call(Executors.java:511)
	at java.util.concurrent.FutureTask.run(FutureTask.java:266)
	at org.jboss.threads.ContextClassLoaderSavingRunnable.run(ContextClassLoaderSavingRunnable.java:35)
	at org.jboss.threads.EnhancedQueueExecutor.safeRun(EnhancedQueueExecutor.java:1990)
	at org.jboss.threads.EnhancedQueueExecutor$ThreadBody.doRunTask(EnhancedQueueExecutor.java:1486)
	at org.jboss.threads.EnhancedQueueExecutor$ThreadBody.run(EnhancedQueueExecutor.java:1377)
	at java.lang.Thread.run(Thread.java:748)
	at org.jboss.threads.JBossThread.run(JBossThread.java:513)
Caused by: java.lang.RuntimeException: org.springframework.beans.factory.BeanDefinitionStoreException: Failed to parse configuration class [com.thegreatwall.TheGreatWallApplication]; nested exception is java.io.FileNotFoundException: class path resource [org/springframework/web/servlet/config/annotation/WebMvcConfigurer.class] cannot be opened because it does not exist
	at io.undertow.servlet.core.DeploymentManagerImpl.deploy(DeploymentManagerImpl.java:257)
	at org.wildfly.extension.undertow.deployment.UndertowDeploymentService.startContext(UndertowDeploymentService.java:96)
	at org.wildfly.extension.undertow.deployment.UndertowDeploymentService$1.run(UndertowDeploymentService.java:78)
	... 8 more
Caused by: org.springframework.beans.factory.BeanDefinitionStoreException: Failed to parse configuration class [com.thegreatwall.TheGreatWallApplication]; nested exception is java.io.FileNotFoundException: class path resource [org/springframework/web/servlet/config/annotation/WebMvcConfigurer.class] cannot be opened because it does not exist
	at org.springframework.context.annotation.ConfigurationClassParser.parse(ConfigurationClassParser.java:189)
	at org.springframework.context.annotation.ConfigurationClassPostProcessor.processConfigBeanDefinitions(ConfigurationClassPostProcessor.java:331)
	at org.springframework.context.annotation.ConfigurationClassPostProcessor.postProcessBeanDefinitionRegistry(ConfigurationClassPostProcessor.java:247)
	at org.springframework.context.support.PostProcessorRegistrationDelegate.invokeBeanDefinitionRegistryPostProcessors(PostProcessorRegistrationDelegate.java:311)
	at org.springframework.context.support.PostProcessorRegistrationDelegate.invokeBeanFactoryPostProcessors(PostProcessorRegistrationDelegate.java:112)
	at org.springframework.context.support.AbstractApplicationContext.invokeBeanFactoryPostProcessors(AbstractApplicationContext.java:746)
	at org.springframework.context.support.AbstractApplicationContext.refresh(AbstractApplicationContext.java:564)
	at org.springframework.boot.web.servlet.context.ServletWebServerApplicationContext.refresh(ServletWebServerApplicationContext.java:145)
	at org.springframework.boot.SpringApplication.refresh(SpringApplication.java:740)
	at org.springframework.boot.SpringApplication.refreshContext(SpringApplication.java:415)
	at org.springframework.boot.SpringApplication.run(SpringApplication.java:303)
	at org.springframework.boot.web.servlet.support.SpringBootServletInitializer.run(SpringBootServletInitializer.java:175)
	at org.springframework.boot.web.servlet.support.SpringBootServletInitializer.createRootApplicationContext(SpringBootServletInitializer.java:155)
	at org.springframework.boot.web.servlet.support.SpringBootServletInitializer.onStartup(SpringBootServletInitializer.java:97)
	at org.springframework.web.SpringServletContainerInitializer.onStartup(SpringServletContainerInitializer.java:174)
	at io.undertow.servlet.core.DeploymentManagerImpl$1.call(DeploymentManagerImpl.java:204)
	at io.undertow.servlet.core.DeploymentManagerImpl$1.call(DeploymentManagerImpl.java:187)
	at io.undertow.servlet.core.ServletRequestContextThreadSetupAction$1.call(ServletRequestContextThreadSetupAction.java:42)
	at io.undertow.servlet.core.ContextClassLoaderSetupAction$1.call(ContextClassLoaderSetupAction.java:43)
	at org.wildfly.extension.undertow.security.SecurityContextThreadSetupAction.lambda$create$0(SecurityContextThreadSetupAction.java:105)
	at org.wildfly.extension.undertow.deployment.UndertowDeploymentInfoService$UndertowThreadSetupAction.lambda$create$0(UndertowDeploymentInfoService.java:1530)
	at org.wildfly.extension.undertow.deployment.UndertowDeploymentInfoService$UndertowThreadSetupAction.lambda$create$0(UndertowDeploymentInfoService.java:1530)
	at org.wildfly.extension.undertow.deployment.UndertowDeploymentInfoService$UndertowThreadSetupAction.lambda$create$0(UndertowDeploymentInfoService.java:1530)
	at org.wildfly.extension.undertow.deployment.UndertowDeploymentInfoService$UndertowThreadSetupAction.lambda$create$0(UndertowDeploymentInfoService.java:1530)
	at io.undertow.servlet.core.DeploymentManagerImpl.deploy(DeploymentManagerImpl.java:255)
	... 10 more
Caused by: java.io.FileNotFoundException: class path resource [org/springframework/web/servlet/config/annotation/WebMvcConfigurer.class] cannot be opened because it does not exist
	at org.springframework.core.io.ClassPathResource.getInputStream(ClassPathResource.java:199)
	at org.springframework.core.type.classreading.SimpleMetadataReader.getClassReader(SimpleMetadataReader.java:55)
	at org.springframework.core.type.classreading.SimpleMetadataReader.<init>(SimpleMetadataReader.java:49)
	at org.springframework.core.type.classreading.SimpleMetadataReaderFactory.getMetadataReader(SimpleMetadataReaderFactory.java:103)
	at org.springframework.boot.type.classreading.ConcurrentReferenceCachingMetadataReaderFactory.createMetadataReader(ConcurrentReferenceCachingMetadataReaderFactory.java:86)
	at org.springframework.boot.type.classreading.ConcurrentReferenceCachingMetadataReaderFactory.getMetadataReader(ConcurrentReferenceCachingMetadataReaderFactory.java:73)
	at org.springframework.core.type.classreading.SimpleMetadataReaderFactory.getMetadataReader(SimpleMetadataReaderFactory.java:81)
	at org.springframework.context.annotation.ConfigurationClassParser.asSourceClass(ConfigurationClassParser.java:696)
	at org.springframework.context.annotation.ConfigurationClassParser$SourceClass.getInterfaces(ConfigurationClassParser.java:1024)
	at org.springframework.context.annotation.ConfigurationClassParser.processInterfaces(ConfigurationClassParser.java:386)
	at org.springframework.context.annotation.ConfigurationClassParser.doProcessConfigurationClass(ConfigurationClassParser.java:332)
	at org.springframework.context.annotation.ConfigurationClassParser.processConfigurationClass(ConfigurationClassParser.java:250)
	at org.springframework.context.annotation.ConfigurationClassParser.parse(ConfigurationClassParser.java:199)
	at org.springframework.context.annotation.ConfigurationClassParser.doProcessConfigurationClass(ConfigurationClassParser.java:304)
	at org.springframework.context.annotation.ConfigurationClassParser.processConfigurationClass(ConfigurationClassParser.java:250)
	at org.springframework.context.annotation.ConfigurationClassParser.parse(ConfigurationClassParser.java:207)
	at org.springframework.context.annotation.ConfigurationClassParser.parse(ConfigurationClassParser.java:175)
	... 34 more

2025-04-29 15:17:47,916 ERROR [org.jboss.as.controller.management-operation] (DeploymentScanner-threads - 2) WFLYCTL0013: Operation ("full-replace-deployment") failed - address: ([]) - failure description: {"WFLYCTL0080: Failed services" => {"jboss.deployment.unit.\"thegreatwall.war\".undertow-deployment" => "java.lang.RuntimeException: org.springframework.beans.factory.BeanDefinitionStoreException: Failed to parse configuration class [com.thegreatwall.TheGreatWallApplication]; nested exception is java.io.FileNotFoundException: class path resource [org/springframework/web/servlet/config/annotation/WebMvcConfigurer.class] cannot be opened because it does not exist
    Caused by: java.lang.RuntimeException: org.springframework.beans.factory.BeanDefinitionStoreException: Failed to parse configuration class [com.thegreatwall.TheGreatWallApplication]; nested exception is java.io.FileNotFoundException: class path resource [org/springframework/web/servlet/config/annotation/WebMvcConfigurer.class] cannot be opened because it does not exist
    Caused by: org.springframework.beans.factory.BeanDefinitionStoreException: Failed to parse configuration class [com.thegreatwall.TheGreatWallApplication]; nested exception is java.io.FileNotFoundException: class path resource [org/springframework/web/servlet/config/annotation/WebMvcConfigurer.class] cannot be opened because it does not exist
    Caused by: java.io.FileNotFoundException: class path resource [org/springframework/web/servlet/config/annotation/WebMvcConfigurer.class] cannot be opened because it does not exist"}}
2025-04-29 15:18:11,940 INFO  [org.jboss.modules] (main) JBoss Modules version 1.11.0.Final
2025-04-29 15:18:13,405 INFO  [org.jboss.msc] (main) JBoss MSC version 1.4.12.Final
2025-04-29 15:18:13,419 INFO  [org.jboss.threads] (main) JBoss Threads version 2.4.0.Final
2025-04-29 15:18:13,563 INFO  [org.jboss.as] (MSC service thread 1-2) WFLYSRV0049: WildFly Full 23.0.2.Final (WildFly Core 15.0.1.Final) starting
2025-04-29 15:18:13,565 DEBUG [org.jboss.as.config] (MSC service thread 1-2) Configured system properties:
	awt.toolkit = sun.awt.windows.WToolkit
	file.encoding = MS949
	file.encoding.pkg = sun.io
	file.separator = \
	java.awt.graphicsenv = sun.awt.Win32GraphicsEnvironment
	java.awt.headless = true
	java.awt.printerjob = sun.awt.windows.WPrinterJob
	java.class.path = D:\the_great_wall\the_great_wall_ver_1\thegreatwall\jboss\wildfly-23.0.2.Final\jboss-modules.jar
	java.class.version = 52.0
	java.endorsed.dirs = C:\NANUM\java\openjdk8.0_181(x64)\jre\lib\endorsed
	java.ext.dirs = C:\NANUM\java\openjdk8.0_181(x64)\jre\lib\ext;C:\WINDOWS\Sun\Java\lib\ext
	java.home = C:\NANUM\java\openjdk8.0_181(x64)\jre
	java.io.tmpdir = C:\Users\nanum\AppData\Local\Temp\
	java.library.path = C:\NANUM\java\openjdk8.0_181(x64)\bin;C:\WINDOWS\Sun\Java\bin;C:\WINDOWS\system32;C:\WINDOWS;C:\Program Files\Common Files\Oracle\Java\javapath;C:\Program Files (x86)\Common Files\Oracle\Java\javapath;D:\WINDOWS.X64_193000_db_home\bin;C:\Program Files\Python39\Scripts\;C:\Program Files\Python39\;C:\ProgramData\Oracle\Java\javapath;C:\WINDOWS\system32;C:\WINDOWS;C:\WINDOWS\System32\Wbem;C:\WINDOWS\System32\WindowsPowerShell\v1.0\;C:\WINDOWS\System32\OpenSSH\;C:\Program Files\Intel\WiFi\bin\;C:\Program Files\Common Files\Intel\WirelessCommon\;C:\Program Files (x86)\Intel\Intel(R) Management Engine Components\DAL;C:\Program Files\Intel\Intel(R) Management Engine Components\DAL;C:\Program Files\Git\cmd;C:\Program Files\mingw-w64\x86_64-8.1.0-posix-seh-rt_v6-rev0\mingw64\bin;C:\Apache24\bin;C:\Program Files\MongoDB\Server\4.2\bin;C:\Users\nanum\AppData\Roaming\npm;C:\Program Files\TortoiseSVN\bin;C:\Program Files\OpenVPN\bin;C:\Program Files\Wondershare\Wondershare DemoCreator (Korean);C:\Users\nanum\AppData\Roaming\nvm;C:\Program Files\nodejs;C:\Users\nanum\.cargo\bin;C:\Program Files\MySQL\MySQL Shell 8.0\bin\;C:\Users\nanum\AppData\Local\Programs\Python\Python37\Scripts\;C:\Users\nanum\AppData\Local\Programs\Python\Python37\;C:\Users\nanum\AppData\Local\Microsoft\WindowsApps;C:\Program Files\Bandizip\;C:\Users\nanum\AppData\Local\Programs\Fiddler;C:\Users\nanum\AppData\Local\Microsoft\WindowsApps;C:\NANUM\java\jdk1.8.0_112\bin;C:\NANUM\PORTAL\maven\bin;C:\NANUM\java\openjdk8.0_181(x64)\bin;C:\Microsoft VS Code\bin;C:\Users\nanum\AppData\Roaming\npm;C:\Users\nanum\AppData\Roaming\nvm;C:\Program Files\nodejs;C:\Users\nanum\AppData\Local\Google\Cloud SDK\google-cloud-sdk\bin;.
	java.net.preferIPv4Stack = true
	java.runtime.name = OpenJDK Runtime Environment
	java.runtime.version = 1.8.0_181-1-ojdkbuild-b13
	java.specification.name = Java Platform API Specification
	java.specification.vendor = Oracle Corporation
	java.specification.version = 1.8
	java.util.logging.manager = org.jboss.logmanager.LogManager
	java.vendor = Oracle Corporation
	java.vendor.url = http://java.oracle.com/
	java.vendor.url.bug = http://bugreport.sun.com/bugreport/
	java.version = 1.8.0_181-1-ojdkbuild
	java.vm.info = mixed mode
	java.vm.name = OpenJDK 64-Bit Server VM
	java.vm.specification.name = Java Virtual Machine Specification
	java.vm.specification.vendor = Oracle Corporation
	java.vm.specification.version = 1.8
	java.vm.vendor = Oracle Corporation
	java.vm.version = 25.181-b13
	javax.management.builder.initial = org.jboss.as.jmx.PluggableMBeanServerBuilder
	jboss.home.dir = D:\the_great_wall\the_great_wall_ver_1\thegreatwall\jboss\wildfly-23.0.2.Final
	jboss.host.name = desktop-qr3ra1d
	jboss.modules.dir = D:\the_great_wall\the_great_wall_ver_1\thegreatwall\jboss\wildfly-23.0.2.Final\modules
	jboss.modules.system.pkgs = org.jboss.byteman
	jboss.node.name = desktop-qr3ra1d
	jboss.qualified.host.name = desktop-qr3ra1d
	jboss.server.base.dir = D:\the_great_wall\the_great_wall_ver_1\thegreatwall\jboss\wildfly-23.0.2.Final\standalone
	jboss.server.config.dir = D:\the_great_wall\the_great_wall_ver_1\thegreatwall\jboss\wildfly-23.0.2.Final\standalone\configuration
	jboss.server.data.dir = D:\the_great_wall\the_great_wall_ver_1\thegreatwall\jboss\wildfly-23.0.2.Final\standalone\data
	jboss.server.deploy.dir = D:\the_great_wall\the_great_wall_ver_1\thegreatwall\jboss\wildfly-23.0.2.Final\standalone\data\content
	jboss.server.log.dir = D:\the_great_wall\the_great_wall_ver_1\thegreatwall\jboss\wildfly-23.0.2.Final\standalone\log
	jboss.server.name = desktop-qr3ra1d
	jboss.server.persist.config = true
	jboss.server.temp.dir = D:\the_great_wall\the_great_wall_ver_1\thegreatwall\jboss\wildfly-23.0.2.Final\standalone\tmp
	line.separator = 

	logging.configuration = file:D:\the_great_wall\the_great_wall_ver_1\thegreatwall\jboss\wildfly-23.0.2.Final\standalone\configuration/logging.properties
	module.path = D:\the_great_wall\the_great_wall_ver_1\thegreatwall\jboss\wildfly-23.0.2.Final\modules
	org.jboss.boot.log.file = D:\the_great_wall\the_great_wall_ver_1\thegreatwall\jboss\wildfly-23.0.2.Final\standalone\log\server.log
	org.jboss.resolver.warning = true
	os.arch = amd64
	os.name = Windows 10
	os.version = 10.0
	path.separator = ;
	program.name = standalone.bat
	sun.arch.data.model = 64
	sun.boot.class.path = C:\NANUM\java\openjdk8.0_181(x64)\jre\lib\resources.jar;C:\NANUM\java\openjdk8.0_181(x64)\jre\lib\rt.jar;C:\NANUM\java\openjdk8.0_181(x64)\jre\lib\sunrsasign.jar;C:\NANUM\java\openjdk8.0_181(x64)\jre\lib\jsse.jar;C:\NANUM\java\openjdk8.0_181(x64)\jre\lib\jce.jar;C:\NANUM\java\openjdk8.0_181(x64)\jre\lib\charsets.jar;C:\NANUM\java\openjdk8.0_181(x64)\jre\lib\jfr.jar;C:\NANUM\java\openjdk8.0_181(x64)\jre\classes
	sun.boot.library.path = C:\NANUM\java\openjdk8.0_181(x64)\jre\bin
	sun.cpu.endian = little
	sun.cpu.isalist = amd64
	sun.desktop = windows
	sun.io.unicode.encoding = UnicodeLittle
	sun.java.command = D:\the_great_wall\the_great_wall_ver_1\thegreatwall\jboss\wildfly-23.0.2.Final\jboss-modules.jar -mp D:\the_great_wall\the_great_wall_ver_1\thegreatwall\jboss\wildfly-23.0.2.Final\modules org.jboss.as.standalone -Djboss.home.dir=D:\the_great_wall\the_great_wall_ver_1\thegreatwall\jboss\wildfly-23.0.2.Final
	sun.java.launcher = SUN_STANDARD
	sun.jnu.encoding = MS949
	sun.management.compiler = HotSpot 64-Bit Tiered Compilers
	sun.os.patch.level = 
	sun.stderr.encoding = ms949
	sun.stdout.encoding = ms949
	user.country = KR
	user.dir = D:\the_great_wall\the_great_wall_ver_1\thegreatwall\jboss\wildfly-23.0.2.Final\bin
	user.home = C:\Users\nanum
	user.language = ko
	user.name = nanum
	user.script = 
	user.timezone = Asia/Seoul
	user.variant = 
2025-04-29 15:18:13,567 DEBUG [org.jboss.as.config] (MSC service thread 1-2) VM Arguments: -Dprogram.name=standalone.bat -Xms64M -Xmx512M -XX:MetaspaceSize=96M -XX:MaxMetaspaceSize=256m -Djava.net.preferIPv4Stack=true -Djboss.modules.system.pkgs=org.jboss.byteman -Djava.awt.headless=true -Dorg.jboss.boot.log.file=D:\the_great_wall\the_great_wall_ver_1\thegreatwall\jboss\wildfly-23.0.2.Final\standalone\log\server.log -Dlogging.configuration=file:D:\the_great_wall\the_great_wall_ver_1\thegreatwall\jboss\wildfly-23.0.2.Final\standalone\configuration/logging.properties 
2025-04-29 15:18:14,975 INFO  [org.wildfly.security] (ServerService Thread Pool -- 28) ELY00001: WildFly Elytron version 1.15.3.Final
2025-04-29 15:18:16,949 INFO  [org.jboss.as.controller.management-deprecated] (ServerService Thread Pool -- 33) WFLYCTL0033: Extension 'security' is deprecated and may not be supported in future versions
2025-04-29 15:18:17,805 INFO  [org.jboss.as.controller.management-deprecated] (Controller Boot Thread) WFLYCTL0028: Attribute 'security-realm' in the resource at address '/core-service=management/management-interface=http-interface' is deprecated, and may be removed in a future version. See the attribute description in the output of the read-resource-description operation to learn more about the deprecation.
2025-04-29 15:18:17,824 INFO  [org.jboss.as.controller.management-deprecated] (ServerService Thread Pool -- 17) WFLYCTL0028: Attribute 'security-realm' in the resource at address '/subsystem=undertow/server=default-server/https-listener=https' is deprecated, and may be removed in a future version. See the attribute description in the output of the read-resource-description operation to learn more about the deprecation.
2025-04-29 15:18:17,850 INFO  [org.jboss.as.server.deployment.scanner] (DeploymentScanner-threads - 1) WFLYDS0015: Re-attempting failed deployment thegreatwall.war
2025-04-29 15:18:21,448 INFO  [org.jboss.as.server] (Controller Boot Thread) WFLYSRV0039: Creating http management service using socket-binding (management-http)
2025-04-29 15:18:21,472 INFO  [org.xnio] (MSC service thread 1-4) XNIO version 3.8.4.Final
2025-04-29 15:18:21,485 INFO  [org.xnio.nio] (MSC service thread 1-4) XNIO NIO Implementation Version 3.8.4.Final
2025-04-29 15:18:21,548 INFO  [org.jboss.as.clustering.infinispan] (ServerService Thread Pool -- 53) WFLYCLINF0001: Activating Infinispan subsystem.
2025-04-29 15:18:21,582 INFO  [org.jboss.as.security] (ServerService Thread Pool -- 72) WFLYSEC0002: Activating Security Subsystem
2025-04-29 15:18:21,590 INFO  [org.jboss.as.naming] (ServerService Thread Pool -- 66) WFLYNAM0001: Activating Naming Subsystem
2025-04-29 15:18:21,578 WARN  [org.jboss.as.txn] (ServerService Thread Pool -- 74) WFLYTX0013: The node-identifier attribute on the /subsystem=transactions is set to the default value. This is a danger for environments running multiple servers. Please make sure the attribute value is unique.
2025-04-29 15:18:21,633 INFO  [org.wildfly.extension.microprofile.jwt.smallrye._private] (ServerService Thread Pool -- 64) WFLYJWT0001: Activating WildFly MicroProfile JWT Subsystem
2025-04-29 15:18:21,661 INFO  [org.wildfly.extension.microprofile.config.smallrye._private] (ServerService Thread Pool -- 63) WFLYCONF0001: Activating WildFly MicroProfile Config Subsystem
2025-04-29 15:18:21,665 INFO  [org.jboss.as.webservices] (ServerService Thread Pool -- 76) WFLYWS0002: Activating WebServices Extension
2025-04-29 15:18:21,680 INFO  [org.wildfly.extension.microprofile.opentracing] (ServerService Thread Pool -- 65) WFLYTRACEXT0001: Activating MicroProfile OpenTracing Subsystem
2025-04-29 15:18:21,679 INFO  [org.wildfly.extension.health] (ServerService Thread Pool -- 52) WFLYHEALTH0001: Activating Base Health Subsystem
2025-04-29 15:18:21,712 INFO  [org.jboss.as.security] (MSC service thread 1-6) WFLYSEC0001: Current PicketBox version=5.0.3.Final-redhat-00007
2025-04-29 15:18:21,735 INFO  [org.wildfly.extension.metrics] (ServerService Thread Pool -- 62) WFLYMETRICS0001: Activating Base Metrics Subsystem
2025-04-29 15:18:21,740 INFO  [org.wildfly.extension.io] (ServerService Thread Pool -- 54) WFLYIO001: Worker 'default' has auto-configured to 16 IO threads with 128 max task threads based on your 8 available processors
2025-04-29 15:18:21,750 INFO  [org.jboss.as.jsf] (ServerService Thread Pool -- 60) WFLYJSF0007: Activated the following Jakarta Server Faces Implementations: [main]
2025-04-29 15:18:21,759 INFO  [org.jboss.as.connector] (MSC service thread 1-5) WFLYJCA0009: Starting Jakarta Connectors Subsystem (WildFly/IronJacamar 1.4.27.Final)
2025-04-29 15:18:21,932 INFO  [org.jboss.as.naming] (MSC service thread 1-7) WFLYNAM0003: Starting Naming Service
2025-04-29 15:18:21,978 INFO  [org.jboss.as.connector.subsystems.datasources] (ServerService Thread Pool -- 44) WFLYJCA0004: Deploying JDBC-compliant driver class org.h2.Driver (version 1.4)
2025-04-29 15:18:21,993 INFO  [org.jboss.as.mail.extension] (MSC service thread 1-7) WFLYMAIL0001: Bound mail session [java:jboss/mail/Default]
2025-04-29 15:18:22,000 INFO  [org.jboss.as.connector.deployers.jdbc] (MSC service thread 1-7) WFLYJCA0018: Started Driver service with driver-name = h2
2025-04-29 15:18:22,107 INFO  [org.jboss.remoting] (MSC service thread 1-3) JBoss Remoting version 5.0.20.Final
2025-04-29 15:18:22,121 WARN  [org.wildfly.extension.elytron] (MSC service thread 1-4) WFLYELY00023: KeyStore file 'D:\the_great_wall\the_great_wall_ver_1\thegreatwall\jboss\wildfly-23.0.2.Final\standalone\configuration\application.keystore' does not exist. Used blank.
2025-04-29 15:18:22,270 WARN  [org.wildfly.extension.elytron] (MSC service thread 1-8) WFLYELY01084: KeyStore D:\the_great_wall\the_great_wall_ver_1\thegreatwall\jboss\wildfly-23.0.2.Final\standalone\configuration\application.keystore not found, it will be auto generated on first use with a self-signed certificate for host localhost
2025-04-29 15:18:22,337 INFO  [org.wildfly.extension.undertow] (MSC service thread 1-4) WFLYUT0003: Undertow 2.2.5.Final starting
2025-04-29 15:18:22,365 INFO  [org.jboss.as.ejb3] (MSC service thread 1-8) WFLYEJB0482: Strict pool mdb-strict-max-pool is using a max instance size of 32 (per class), which is derived from the number of CPUs on this host.
2025-04-29 15:18:22,374 INFO  [org.jboss.as.ejb3] (MSC service thread 1-3) WFLYEJB0481: Strict pool slsb-strict-max-pool is using a max instance size of 128 (per class), which is derived from thread worker pool sizing.
2025-04-29 15:18:22,402 INFO  [org.jboss.as.jaxrs] (ServerService Thread Pool -- 55) WFLYRS0016: RESTEasy version 3.15.1.Final
2025-04-29 15:18:22,581 INFO  [org.wildfly.extension.undertow] (ServerService Thread Pool -- 75) WFLYUT0014: Creating file handler for path 'D:\the_great_wall\the_great_wall_ver_1\thegreatwall\jboss\wildfly-23.0.2.Final/welcome-content' with options [directory-listing: 'false', follow-symlink: 'false', case-sensitive: 'true', safe-symlink-paths: '[]']
2025-04-29 15:18:22,659 INFO  [org.wildfly.extension.undertow] (MSC service thread 1-4) WFLYUT0012: Started server default-server.
2025-04-29 15:18:22,708 INFO  [org.wildfly.extension.undertow] (MSC service thread 1-7) Queuing requests.
2025-04-29 15:18:22,720 INFO  [org.wildfly.extension.undertow] (MSC service thread 1-7) WFLYUT0018: Host default-host starting
2025-04-29 15:18:24,939 INFO  [org.jboss.as.patching] (MSC service thread 1-7) WFLYPAT0050: WildFly Full cumulative patch ID is: base, one-off patches include: none
2025-04-29 15:18:24,964 WARN  [org.jboss.as.domain.management.security] (MSC service thread 1-7) WFLYDM0111: Keystore D:\the_great_wall\the_great_wall_ver_1\thegreatwall\jboss\wildfly-23.0.2.Final\standalone\configuration\application.keystore not found, it will be auto generated on first use with a self signed certificate for host localhost
2025-04-29 15:18:24,968 INFO  [org.jboss.as.server.deployment.scanner] (MSC service thread 1-3) WFLYDS0013: Started FileSystemDeploymentService for directory D:\the_great_wall\the_great_wall_ver_1\thegreatwall\jboss\wildfly-23.0.2.Final\standalone\deployments
2025-04-29 15:18:24,986 INFO  [org.jboss.as.server.deployment] (MSC service thread 1-6) WFLYSRV0027: Starting deployment of "thegreatwall.war" (runtime-name: "thegreatwall.war")
2025-04-29 15:18:29,154 INFO  [org.wildfly.extension.undertow] (MSC service thread 1-6) WFLYUT0006: Undertow HTTP listener default listening on 127.0.0.1:8080
2025-04-29 15:18:29,157 INFO  [org.jboss.as.ejb3] (MSC service thread 1-4) WFLYEJB0493: Jakarta Enterprise Beans subsystem suspension complete
2025-04-29 15:18:29,179 INFO  [org.wildfly.extension.undertow] (MSC service thread 1-7) WFLYUT0006: Undertow HTTPS listener https listening on 127.0.0.1:8443
2025-04-29 15:18:29,394 INFO  [org.jboss.as.connector.subsystems.datasources] (MSC service thread 1-6) WFLYJCA0001: Bound data source [java:jboss/datasources/ExampleDS]
2025-04-29 15:18:29,973 INFO  [org.jboss.ws.common.management] (MSC service thread 1-7) JBWS022052: Starting JBossWS 5.4.3.Final (Apache CXF 3.3.10) 
2025-04-29 15:18:31,594 WARN  [org.jboss.as.ee] (MSC service thread 1-7) WFLYEE0007: Not installing optional component org.springframework.http.server.reactive.ServletHttpHandlerAdapter$HttpHandlerAsyncListener due to an exception (enable DEBUG log level to see the cause)
2025-04-29 15:18:31,604 WARN  [org.jboss.as.ee] (MSC service thread 1-7) WFLYEE0007: Not installing optional component org.springframework.http.server.ServletServerHttpAsyncRequestControl due to an exception (enable DEBUG log level to see the cause)
2025-04-29 15:18:31,606 WARN  [org.jboss.as.ee] (MSC service thread 1-7) WFLYEE0007: Not installing optional component org.springframework.http.server.reactive.ServletServerHttpResponse$ResponseAsyncListener due to an exception (enable DEBUG log level to see the cause)
2025-04-29 15:18:31,611 WARN  [org.jboss.as.ee] (MSC service thread 1-7) WFLYEE0007: Not installing optional component org.springframework.web.context.request.async.StandardServletAsyncWebRequest due to an exception (enable DEBUG log level to see the cause)
2025-04-29 15:18:31,614 WARN  [org.jboss.as.ee] (MSC service thread 1-7) WFLYEE0007: Not installing optional component org.springframework.http.server.reactive.ServletServerHttpRequest$RequestAsyncListener due to an exception (enable DEBUG log level to see the cause)
2025-04-29 15:18:32,246 INFO  [org.infinispan.CONTAINER] (ServerService Thread Pool -- 79) ISPN000128: Infinispan version: Infinispan 'Corona Extra' 11.0.9.Final
2025-04-29 15:18:32,289 INFO  [org.infinispan.CONFIG] (MSC service thread 1-2) ISPN000152: Passivation configured without an eviction policy being selected. Only manually evicted entities will be passivated.
2025-04-29 15:18:32,291 INFO  [org.infinispan.CONFIG] (MSC service thread 1-2) ISPN000152: Passivation configured without an eviction policy being selected. Only manually evicted entities will be passivated.
2025-04-29 15:18:32,381 INFO  [org.infinispan.PERSISTENCE] (ServerService Thread Pool -- 79) ISPN000556: Starting user marshaller 'org.wildfly.clustering.infinispan.spi.marshalling.InfinispanProtoStreamMarshaller'
2025-04-29 15:18:32,599 INFO  [org.jboss.as.clustering.infinispan] (ServerService Thread Pool -- 79) WFLYCLINF0002: Started http-remoting-connector cache from ejb container
2025-04-29 15:18:32,719 INFO  [io.undertow.servlet] (ServerService Thread Pool -- 81) 2 Spring WebApplicationInitializers detected on classpath
2025-04-29 15:18:33,242 INFO  [com.thegreatwall.TheGreatWallApplication] (ServerService Thread Pool -- 81) Starting TheGreatWallApplication using Java 1.8.0_181-1-ojdkbuild on DESKTOP-QR3RA1D with PID 16380 (started by nanum in D:\the_great_wall\the_great_wall_ver_1\thegreatwall\jboss\wildfly-23.0.2.Final\bin)
2025-04-29 15:18:33,243 DEBUG [com.thegreatwall.TheGreatWallApplication] (ServerService Thread Pool -- 81) Running with Spring Boot v2.6.5, Spring v5.3.17
2025-04-29 15:18:33,244 INFO  [com.thegreatwall.TheGreatWallApplication] (ServerService Thread Pool -- 81) No active profile set, falling back to 1 default profile: "default"
2025-04-29 15:18:33,672 ERROR [org.springframework.boot.SpringApplication] (ServerService Thread Pool -- 81) Application run failed: org.springframework.beans.factory.BeanDefinitionStoreException: Failed to parse configuration class [com.thegreatwall.TheGreatWallApplication]; nested exception is java.io.FileNotFoundException: class path resource [org/springframework/web/servlet/config/annotation/WebMvcConfigurer.class] cannot be opened because it does not exist
	at org.springframework.context.annotation.ConfigurationClassParser.parse(ConfigurationClassParser.java:189)
	at org.springframework.context.annotation.ConfigurationClassPostProcessor.processConfigBeanDefinitions(ConfigurationClassPostProcessor.java:331)
	at org.springframework.context.annotation.ConfigurationClassPostProcessor.postProcessBeanDefinitionRegistry(ConfigurationClassPostProcessor.java:247)
	at org.springframework.context.support.PostProcessorRegistrationDelegate.invokeBeanDefinitionRegistryPostProcessors(PostProcessorRegistrationDelegate.java:311)
	at org.springframework.context.support.PostProcessorRegistrationDelegate.invokeBeanFactoryPostProcessors(PostProcessorRegistrationDelegate.java:112)
	at org.springframework.context.support.AbstractApplicationContext.invokeBeanFactoryPostProcessors(AbstractApplicationContext.java:746)
	at org.springframework.context.support.AbstractApplicationContext.refresh(AbstractApplicationContext.java:564)
	at org.springframework.boot.web.servlet.context.ServletWebServerApplicationContext.refresh(ServletWebServerApplicationContext.java:145)
	at org.springframework.boot.SpringApplication.refresh(SpringApplication.java:740)
	at org.springframework.boot.SpringApplication.refreshContext(SpringApplication.java:415)
	at org.springframework.boot.SpringApplication.run(SpringApplication.java:303)
	at org.springframework.boot.web.servlet.support.SpringBootServletInitializer.run(SpringBootServletInitializer.java:175)
	at org.springframework.boot.web.servlet.support.SpringBootServletInitializer.createRootApplicationContext(SpringBootServletInitializer.java:155)
	at org.springframework.boot.web.servlet.support.SpringBootServletInitializer.onStartup(SpringBootServletInitializer.java:97)
	at org.springframework.web.SpringServletContainerInitializer.onStartup(SpringServletContainerInitializer.java:174)
	at io.undertow.servlet.core.DeploymentManagerImpl$1.call(DeploymentManagerImpl.java:204)
	at io.undertow.servlet.core.DeploymentManagerImpl$1.call(DeploymentManagerImpl.java:187)
	at io.undertow.servlet.core.ServletRequestContextThreadSetupAction$1.call(ServletRequestContextThreadSetupAction.java:42)
	at io.undertow.servlet.core.ContextClassLoaderSetupAction$1.call(ContextClassLoaderSetupAction.java:43)
	at org.wildfly.extension.undertow.security.SecurityContextThreadSetupAction.lambda$create$0(SecurityContextThreadSetupAction.java:105)
	at org.wildfly.extension.undertow.deployment.UndertowDeploymentInfoService$UndertowThreadSetupAction.lambda$create$0(UndertowDeploymentInfoService.java:1530)
	at org.wildfly.extension.undertow.deployment.UndertowDeploymentInfoService$UndertowThreadSetupAction.lambda$create$0(UndertowDeploymentInfoService.java:1530)
	at org.wildfly.extension.undertow.deployment.UndertowDeploymentInfoService$UndertowThreadSetupAction.lambda$create$0(UndertowDeploymentInfoService.java:1530)
	at org.wildfly.extension.undertow.deployment.UndertowDeploymentInfoService$UndertowThreadSetupAction.lambda$create$0(UndertowDeploymentInfoService.java:1530)
	at io.undertow.servlet.core.DeploymentManagerImpl.deploy(DeploymentManagerImpl.java:255)
	at org.wildfly.extension.undertow.deployment.UndertowDeploymentService.startContext(UndertowDeploymentService.java:96)
	at org.wildfly.extension.undertow.deployment.UndertowDeploymentService$1.run(UndertowDeploymentService.java:78)
	at java.util.concurrent.Executors$RunnableAdapter.call(Executors.java:511)
	at java.util.concurrent.FutureTask.run(FutureTask.java:266)
	at org.jboss.threads.ContextClassLoaderSavingRunnable.run(ContextClassLoaderSavingRunnable.java:35)
	at org.jboss.threads.EnhancedQueueExecutor.safeRun(EnhancedQueueExecutor.java:1990)
	at org.jboss.threads.EnhancedQueueExecutor$ThreadBody.doRunTask(EnhancedQueueExecutor.java:1486)
	at org.jboss.threads.EnhancedQueueExecutor$ThreadBody.run(EnhancedQueueExecutor.java:1377)
	at java.lang.Thread.run(Thread.java:748)
	at org.jboss.threads.JBossThread.run(JBossThread.java:513)
Caused by: java.io.FileNotFoundException: class path resource [org/springframework/web/servlet/config/annotation/WebMvcConfigurer.class] cannot be opened because it does not exist
	at org.springframework.core.io.ClassPathResource.getInputStream(ClassPathResource.java:199)
	at org.springframework.core.type.classreading.SimpleMetadataReader.getClassReader(SimpleMetadataReader.java:55)
	at org.springframework.core.type.classreading.SimpleMetadataReader.<init>(SimpleMetadataReader.java:49)
	at org.springframework.core.type.classreading.SimpleMetadataReaderFactory.getMetadataReader(SimpleMetadataReaderFactory.java:103)
	at org.springframework.boot.type.classreading.ConcurrentReferenceCachingMetadataReaderFactory.createMetadataReader(ConcurrentReferenceCachingMetadataReaderFactory.java:86)
	at org.springframework.boot.type.classreading.ConcurrentReferenceCachingMetadataReaderFactory.getMetadataReader(ConcurrentReferenceCachingMetadataReaderFactory.java:73)
	at org.springframework.core.type.classreading.SimpleMetadataReaderFactory.getMetadataReader(SimpleMetadataReaderFactory.java:81)
	at org.springframework.context.annotation.ConfigurationClassParser.asSourceClass(ConfigurationClassParser.java:696)
	at org.springframework.context.annotation.ConfigurationClassParser$SourceClass.getInterfaces(ConfigurationClassParser.java:1024)
	at org.springframework.context.annotation.ConfigurationClassParser.processInterfaces(ConfigurationClassParser.java:386)
	at org.springframework.context.annotation.ConfigurationClassParser.doProcessConfigurationClass(ConfigurationClassParser.java:332)
	at org.springframework.context.annotation.ConfigurationClassParser.processConfigurationClass(ConfigurationClassParser.java:250)
	at org.springframework.context.annotation.ConfigurationClassParser.parse(ConfigurationClassParser.java:199)
	at org.springframework.context.annotation.ConfigurationClassParser.doProcessConfigurationClass(ConfigurationClassParser.java:304)
	at org.springframework.context.annotation.ConfigurationClassParser.processConfigurationClass(ConfigurationClassParser.java:250)
	at org.springframework.context.annotation.ConfigurationClassParser.parse(ConfigurationClassParser.java:207)
	at org.springframework.context.annotation.ConfigurationClassParser.parse(ConfigurationClassParser.java:175)
	... 34 more

2025-04-29 15:18:33,688 ERROR [org.jboss.msc.service.fail] (ServerService Thread Pool -- 81) MSC000001: Failed to start service jboss.deployment.unit."thegreatwall.war".undertow-deployment: org.jboss.msc.service.StartException in service jboss.deployment.unit."thegreatwall.war".undertow-deployment: java.lang.RuntimeException: org.springframework.beans.factory.BeanDefinitionStoreException: Failed to parse configuration class [com.thegreatwall.TheGreatWallApplication]; nested exception is java.io.FileNotFoundException: class path resource [org/springframework/web/servlet/config/annotation/WebMvcConfigurer.class] cannot be opened because it does not exist
	at org.wildfly.extension.undertow.deployment.UndertowDeploymentService$1.run(UndertowDeploymentService.java:81)
	at java.util.concurrent.Executors$RunnableAdapter.call(Executors.java:511)
	at java.util.concurrent.FutureTask.run(FutureTask.java:266)
	at org.jboss.threads.ContextClassLoaderSavingRunnable.run(ContextClassLoaderSavingRunnable.java:35)
	at org.jboss.threads.EnhancedQueueExecutor.safeRun(EnhancedQueueExecutor.java:1990)
	at org.jboss.threads.EnhancedQueueExecutor$ThreadBody.doRunTask(EnhancedQueueExecutor.java:1486)
	at org.jboss.threads.EnhancedQueueExecutor$ThreadBody.run(EnhancedQueueExecutor.java:1377)
	at java.lang.Thread.run(Thread.java:748)
	at org.jboss.threads.JBossThread.run(JBossThread.java:513)
Caused by: java.lang.RuntimeException: org.springframework.beans.factory.BeanDefinitionStoreException: Failed to parse configuration class [com.thegreatwall.TheGreatWallApplication]; nested exception is java.io.FileNotFoundException: class path resource [org/springframework/web/servlet/config/annotation/WebMvcConfigurer.class] cannot be opened because it does not exist
	at io.undertow.servlet.core.DeploymentManagerImpl.deploy(DeploymentManagerImpl.java:257)
	at org.wildfly.extension.undertow.deployment.UndertowDeploymentService.startContext(UndertowDeploymentService.java:96)
	at org.wildfly.extension.undertow.deployment.UndertowDeploymentService$1.run(UndertowDeploymentService.java:78)
	... 8 more
Caused by: org.springframework.beans.factory.BeanDefinitionStoreException: Failed to parse configuration class [com.thegreatwall.TheGreatWallApplication]; nested exception is java.io.FileNotFoundException: class path resource [org/springframework/web/servlet/config/annotation/WebMvcConfigurer.class] cannot be opened because it does not exist
	at org.springframework.context.annotation.ConfigurationClassParser.parse(ConfigurationClassParser.java:189)
	at org.springframework.context.annotation.ConfigurationClassPostProcessor.processConfigBeanDefinitions(ConfigurationClassPostProcessor.java:331)
	at org.springframework.context.annotation.ConfigurationClassPostProcessor.postProcessBeanDefinitionRegistry(ConfigurationClassPostProcessor.java:247)
	at org.springframework.context.support.PostProcessorRegistrationDelegate.invokeBeanDefinitionRegistryPostProcessors(PostProcessorRegistrationDelegate.java:311)
	at org.springframework.context.support.PostProcessorRegistrationDelegate.invokeBeanFactoryPostProcessors(PostProcessorRegistrationDelegate.java:112)
	at org.springframework.context.support.AbstractApplicationContext.invokeBeanFactoryPostProcessors(AbstractApplicationContext.java:746)
	at org.springframework.context.support.AbstractApplicationContext.refresh(AbstractApplicationContext.java:564)
	at org.springframework.boot.web.servlet.context.ServletWebServerApplicationContext.refresh(ServletWebServerApplicationContext.java:145)
	at org.springframework.boot.SpringApplication.refresh(SpringApplication.java:740)
	at org.springframework.boot.SpringApplication.refreshContext(SpringApplication.java:415)
	at org.springframework.boot.SpringApplication.run(SpringApplication.java:303)
	at org.springframework.boot.web.servlet.support.SpringBootServletInitializer.run(SpringBootServletInitializer.java:175)
	at org.springframework.boot.web.servlet.support.SpringBootServletInitializer.createRootApplicationContext(SpringBootServletInitializer.java:155)
	at org.springframework.boot.web.servlet.support.SpringBootServletInitializer.onStartup(SpringBootServletInitializer.java:97)
	at org.springframework.web.SpringServletContainerInitializer.onStartup(SpringServletContainerInitializer.java:174)
	at io.undertow.servlet.core.DeploymentManagerImpl$1.call(DeploymentManagerImpl.java:204)
	at io.undertow.servlet.core.DeploymentManagerImpl$1.call(DeploymentManagerImpl.java:187)
	at io.undertow.servlet.core.ServletRequestContextThreadSetupAction$1.call(ServletRequestContextThreadSetupAction.java:42)
	at io.undertow.servlet.core.ContextClassLoaderSetupAction$1.call(ContextClassLoaderSetupAction.java:43)
	at org.wildfly.extension.undertow.security.SecurityContextThreadSetupAction.lambda$create$0(SecurityContextThreadSetupAction.java:105)
	at org.wildfly.extension.undertow.deployment.UndertowDeploymentInfoService$UndertowThreadSetupAction.lambda$create$0(UndertowDeploymentInfoService.java:1530)
	at org.wildfly.extension.undertow.deployment.UndertowDeploymentInfoService$UndertowThreadSetupAction.lambda$create$0(UndertowDeploymentInfoService.java:1530)
	at org.wildfly.extension.undertow.deployment.UndertowDeploymentInfoService$UndertowThreadSetupAction.lambda$create$0(UndertowDeploymentInfoService.java:1530)
	at org.wildfly.extension.undertow.deployment.UndertowDeploymentInfoService$UndertowThreadSetupAction.lambda$create$0(UndertowDeploymentInfoService.java:1530)
	at io.undertow.servlet.core.DeploymentManagerImpl.deploy(DeploymentManagerImpl.java:255)
	... 10 more
Caused by: java.io.FileNotFoundException: class path resource [org/springframework/web/servlet/config/annotation/WebMvcConfigurer.class] cannot be opened because it does not exist
	at org.springframework.core.io.ClassPathResource.getInputStream(ClassPathResource.java:199)
	at org.springframework.core.type.classreading.SimpleMetadataReader.getClassReader(SimpleMetadataReader.java:55)
	at org.springframework.core.type.classreading.SimpleMetadataReader.<init>(SimpleMetadataReader.java:49)
	at org.springframework.core.type.classreading.SimpleMetadataReaderFactory.getMetadataReader(SimpleMetadataReaderFactory.java:103)
	at org.springframework.boot.type.classreading.ConcurrentReferenceCachingMetadataReaderFactory.createMetadataReader(ConcurrentReferenceCachingMetadataReaderFactory.java:86)
	at org.springframework.boot.type.classreading.ConcurrentReferenceCachingMetadataReaderFactory.getMetadataReader(ConcurrentReferenceCachingMetadataReaderFactory.java:73)
	at org.springframework.core.type.classreading.SimpleMetadataReaderFactory.getMetadataReader(SimpleMetadataReaderFactory.java:81)
	at org.springframework.context.annotation.ConfigurationClassParser.asSourceClass(ConfigurationClassParser.java:696)
	at org.springframework.context.annotation.ConfigurationClassParser$SourceClass.getInterfaces(ConfigurationClassParser.java:1024)
	at org.springframework.context.annotation.ConfigurationClassParser.processInterfaces(ConfigurationClassParser.java:386)
	at org.springframework.context.annotation.ConfigurationClassParser.doProcessConfigurationClass(ConfigurationClassParser.java:332)
	at org.springframework.context.annotation.ConfigurationClassParser.processConfigurationClass(ConfigurationClassParser.java:250)
	at org.springframework.context.annotation.ConfigurationClassParser.parse(ConfigurationClassParser.java:199)
	at org.springframework.context.annotation.ConfigurationClassParser.doProcessConfigurationClass(ConfigurationClassParser.java:304)
	at org.springframework.context.annotation.ConfigurationClassParser.processConfigurationClass(ConfigurationClassParser.java:250)
	at org.springframework.context.annotation.ConfigurationClassParser.parse(ConfigurationClassParser.java:207)
	at org.springframework.context.annotation.ConfigurationClassParser.parse(ConfigurationClassParser.java:175)
	... 34 more

2025-04-29 15:18:33,710 ERROR [org.jboss.as.controller.management-operation] (Controller Boot Thread) WFLYCTL0013: Operation ("deploy") failed - address: ([("deployment" => "thegreatwall.war")]) - failure description: {"WFLYCTL0080: Failed services" => {"jboss.deployment.unit.\"thegreatwall.war\".undertow-deployment" => "java.lang.RuntimeException: org.springframework.beans.factory.BeanDefinitionStoreException: Failed to parse configuration class [com.thegreatwall.TheGreatWallApplication]; nested exception is java.io.FileNotFoundException: class path resource [org/springframework/web/servlet/config/annotation/WebMvcConfigurer.class] cannot be opened because it does not exist
    Caused by: java.lang.RuntimeException: org.springframework.beans.factory.BeanDefinitionStoreException: Failed to parse configuration class [com.thegreatwall.TheGreatWallApplication]; nested exception is java.io.FileNotFoundException: class path resource [org/springframework/web/servlet/config/annotation/WebMvcConfigurer.class] cannot be opened because it does not exist
    Caused by: org.springframework.beans.factory.BeanDefinitionStoreException: Failed to parse configuration class [com.thegreatwall.TheGreatWallApplication]; nested exception is java.io.FileNotFoundException: class path resource [org/springframework/web/servlet/config/annotation/WebMvcConfigurer.class] cannot be opened because it does not exist
    Caused by: java.io.FileNotFoundException: class path resource [org/springframework/web/servlet/config/annotation/WebMvcConfigurer.class] cannot be opened because it does not exist"}}
2025-04-29 15:18:34,416 ERROR [org.jboss.as] (Controller Boot Thread) WFLYSRV0026: WildFly Full 23.0.2.Final (WildFly Core 15.0.1.Final) started (with errors) in 24195ms - Started 424 of 630 services (3 services failed or missing dependencies, 349 services are lazy, passive or on-demand)
2025-04-29 15:21:02,793 INFO  [com.thegreatwall.TheGreatWallApplication] (ServerService Thread Pool -- 85) Starting TheGreatWallApplication using Java 1.8.0_181-1-ojdkbuild on DESKTOP-QR3RA1D with PID 16380 (started by nanum in D:\the_great_wall\the_great_wall_ver_1\thegreatwall\jboss\wildfly-23.0.2.Final\bin)
2025-04-29 15:21:03,206 DEBUG [com.thegreatwall.TheGreatWallApplication] (ServerService Thread Pool -- 85) Running with Spring Boot v2.6.5, Spring v5.3.17
2025-04-29 15:21:03,207 INFO  [com.thegreatwall.TheGreatWallApplication] (ServerService Thread Pool -- 85) No active profile set, falling back to 1 default profile: "default"
2025-04-29 15:21:04,342 INFO  [org.springframework.security.web.DefaultSecurityFilterChain] (ServerService Thread Pool -- 85) Will not secure any request
2025-04-29 15:21:04,557 INFO  [com.thegreatwall.TheGreatWallApplication] (ServerService Thread Pool -- 85) Started TheGreatWallApplication in 2.161 seconds (JVM running for 174.451)
2025-04-29 16:12:55,852 INFO  [com.thegreatwall.TheGreatWallApplication] (ServerService Thread Pool -- 87) Starting TheGreatWallApplication using Java 1.8.0_181-1-ojdkbuild on DESKTOP-QR3RA1D with PID 16380 (started by nanum in D:\the_great_wall\the_great_wall_ver_1\thegreatwall\jboss\wildfly-23.0.2.Final\bin)
2025-04-29 16:12:55,854 DEBUG [com.thegreatwall.TheGreatWallApplication] (ServerService Thread Pool -- 87) Running with Spring Boot v2.6.5, Spring v5.3.17
2025-04-29 16:12:55,855 INFO  [com.thegreatwall.TheGreatWallApplication] (ServerService Thread Pool -- 87) No active profile set, falling back to 1 default profile: "default"
2025-04-29 16:12:57,215 INFO  [org.springframework.security.web.DefaultSecurityFilterChain] (ServerService Thread Pool -- 87) Will not secure any request
2025-04-29 16:12:57,416 INFO  [com.thegreatwall.TheGreatWallApplication] (ServerService Thread Pool -- 87) Started TheGreatWallApplication in 2.087 seconds (JVM running for 3287.31)
2025-04-29 16:18:38,672 INFO  [com.thegreatwall.TheGreatWallApplication] (ServerService Thread Pool -- 87) Starting TheGreatWallApplication using Java 1.8.0_181-1-ojdkbuild on DESKTOP-QR3RA1D with PID 16380 (started by nanum in D:\the_great_wall\the_great_wall_ver_1\thegreatwall\jboss\wildfly-23.0.2.Final\bin)
2025-04-29 16:18:38,673 DEBUG [com.thegreatwall.TheGreatWallApplication] (ServerService Thread Pool -- 87) Running with Spring Boot v2.6.5, Spring v5.3.17
2025-04-29 16:18:38,674 INFO  [com.thegreatwall.TheGreatWallApplication] (ServerService Thread Pool -- 87) No active profile set, falling back to 1 default profile: "default"
2025-04-29 16:18:39,797 INFO  [org.springframework.security.web.DefaultSecurityFilterChain] (ServerService Thread Pool -- 87) Will not secure any request
2025-04-29 16:18:40,161 INFO  [com.thegreatwall.TheGreatWallApplication] (ServerService Thread Pool -- 87) Started TheGreatWallApplication in 1.899 seconds (JVM running for 3630.055)
2025-04-29 17:13:27,181 INFO  [org.jboss.modules] (main) JBoss Modules version 1.11.0.Final
2025-04-29 17:13:27,775 INFO  [org.jboss.msc] (main) JBoss MSC version 1.4.12.Final
2025-04-29 17:13:27,786 INFO  [org.jboss.threads] (main) JBoss Threads version 2.4.0.Final
2025-04-29 17:13:27,913 INFO  [org.jboss.as] (MSC service thread 1-2) WFLYSRV0049: WildFly Full 23.0.2.Final (WildFly Core 15.0.1.Final) starting
2025-04-29 17:13:27,915 DEBUG [org.jboss.as.config] (MSC service thread 1-2) Configured system properties:
	awt.toolkit = sun.awt.windows.WToolkit
	file.encoding = MS949
	file.encoding.pkg = sun.io
	file.separator = \
	java.awt.graphicsenv = sun.awt.Win32GraphicsEnvironment
	java.awt.headless = true
	java.awt.printerjob = sun.awt.windows.WPrinterJob
	java.class.path = D:\the_great_wall\the_great_wall_ver_1\thegreatwall\jboss\wildfly-23.0.2.Final\jboss-modules.jar
	java.class.version = 52.0
	java.endorsed.dirs = C:\NANUM\java\openjdk8.0_181(x64)\jre\lib\endorsed
	java.ext.dirs = C:\NANUM\java\openjdk8.0_181(x64)\jre\lib\ext;C:\WINDOWS\Sun\Java\lib\ext
	java.home = C:\NANUM\java\openjdk8.0_181(x64)\jre
	java.io.tmpdir = C:\Users\nanum\AppData\Local\Temp\
	java.library.path = C:\NANUM\java\openjdk8.0_181(x64)\bin;C:\WINDOWS\Sun\Java\bin;C:\WINDOWS\system32;C:\WINDOWS;C:\Program Files\Common Files\Oracle\Java\javapath;C:\Program Files (x86)\Common Files\Oracle\Java\javapath;D:\WINDOWS.X64_193000_db_home\bin;C:\Program Files\Python39\Scripts\;C:\Program Files\Python39\;C:\ProgramData\Oracle\Java\javapath;C:\WINDOWS\system32;C:\WINDOWS;C:\WINDOWS\System32\Wbem;C:\WINDOWS\System32\WindowsPowerShell\v1.0\;C:\WINDOWS\System32\OpenSSH\;C:\Program Files\Intel\WiFi\bin\;C:\Program Files\Common Files\Intel\WirelessCommon\;C:\Program Files (x86)\Intel\Intel(R) Management Engine Components\DAL;C:\Program Files\Intel\Intel(R) Management Engine Components\DAL;C:\Program Files\Git\cmd;C:\Program Files\mingw-w64\x86_64-8.1.0-posix-seh-rt_v6-rev0\mingw64\bin;C:\Apache24\bin;C:\Program Files\MongoDB\Server\4.2\bin;C:\Users\nanum\AppData\Roaming\npm;C:\Program Files\TortoiseSVN\bin;C:\Program Files\OpenVPN\bin;C:\Program Files\Wondershare\Wondershare DemoCreator (Korean);C:\Users\nanum\AppData\Roaming\nvm;C:\Program Files\nodejs;C:\Users\nanum\.cargo\bin;C:\Program Files\MySQL\MySQL Shell 8.0\bin\;C:\Users\nanum\AppData\Local\Programs\Python\Python37\Scripts\;C:\Users\nanum\AppData\Local\Programs\Python\Python37\;C:\Users\nanum\AppData\Local\Microsoft\WindowsApps;C:\Program Files\Bandizip\;C:\Users\nanum\AppData\Local\Programs\Fiddler;C:\Users\nanum\AppData\Local\Microsoft\WindowsApps;C:\NANUM\java\jdk1.8.0_112\bin;C:\NANUM\PORTAL\maven\bin;C:\NANUM\java\openjdk8.0_181(x64)\bin;C:\Microsoft VS Code\bin;C:\Users\nanum\AppData\Roaming\npm;C:\Users\nanum\AppData\Roaming\nvm;C:\Program Files\nodejs;C:\Users\nanum\AppData\Local\Google\Cloud SDK\google-cloud-sdk\bin;.
	java.net.preferIPv4Stack = true
	java.runtime.name = OpenJDK Runtime Environment
	java.runtime.version = 1.8.0_181-1-ojdkbuild-b13
	java.specification.name = Java Platform API Specification
	java.specification.vendor = Oracle Corporation
	java.specification.version = 1.8
	java.util.logging.manager = org.jboss.logmanager.LogManager
	java.vendor = Oracle Corporation
	java.vendor.url = http://java.oracle.com/
	java.vendor.url.bug = http://bugreport.sun.com/bugreport/
	java.version = 1.8.0_181-1-ojdkbuild
	java.vm.info = mixed mode
	java.vm.name = OpenJDK 64-Bit Server VM
	java.vm.specification.name = Java Virtual Machine Specification
	java.vm.specification.vendor = Oracle Corporation
	java.vm.specification.version = 1.8
	java.vm.vendor = Oracle Corporation
	java.vm.version = 25.181-b13
	javax.management.builder.initial = org.jboss.as.jmx.PluggableMBeanServerBuilder
	jboss.home.dir = D:\the_great_wall\the_great_wall_ver_1\thegreatwall\jboss\wildfly-23.0.2.Final
	jboss.host.name = desktop-qr3ra1d
	jboss.modules.dir = D:\the_great_wall\the_great_wall_ver_1\thegreatwall\jboss\wildfly-23.0.2.Final\modules
	jboss.modules.system.pkgs = org.jboss.byteman
	jboss.node.name = desktop-qr3ra1d
	jboss.qualified.host.name = desktop-qr3ra1d
	jboss.server.base.dir = D:\the_great_wall\the_great_wall_ver_1\thegreatwall\jboss\wildfly-23.0.2.Final\standalone
	jboss.server.config.dir = D:\the_great_wall\the_great_wall_ver_1\thegreatwall\jboss\wildfly-23.0.2.Final\standalone\configuration
	jboss.server.data.dir = D:\the_great_wall\the_great_wall_ver_1\thegreatwall\jboss\wildfly-23.0.2.Final\standalone\data
	jboss.server.deploy.dir = D:\the_great_wall\the_great_wall_ver_1\thegreatwall\jboss\wildfly-23.0.2.Final\standalone\data\content
	jboss.server.log.dir = D:\the_great_wall\the_great_wall_ver_1\thegreatwall\jboss\wildfly-23.0.2.Final\standalone\log
	jboss.server.name = desktop-qr3ra1d
	jboss.server.persist.config = true
	jboss.server.temp.dir = D:\the_great_wall\the_great_wall_ver_1\thegreatwall\jboss\wildfly-23.0.2.Final\standalone\tmp
	line.separator = 

	logging.configuration = file:D:\the_great_wall\the_great_wall_ver_1\thegreatwall\jboss\wildfly-23.0.2.Final\standalone\configuration/logging.properties
	module.path = D:\the_great_wall\the_great_wall_ver_1\thegreatwall\jboss\wildfly-23.0.2.Final\modules
	org.jboss.boot.log.file = D:\the_great_wall\the_great_wall_ver_1\thegreatwall\jboss\wildfly-23.0.2.Final\standalone\log\server.log
	org.jboss.resolver.warning = true
	os.arch = amd64
	os.name = Windows 10
	os.version = 10.0
	path.separator = ;
	program.name = standalone.bat
	sun.arch.data.model = 64
	sun.boot.class.path = C:\NANUM\java\openjdk8.0_181(x64)\jre\lib\resources.jar;C:\NANUM\java\openjdk8.0_181(x64)\jre\lib\rt.jar;C:\NANUM\java\openjdk8.0_181(x64)\jre\lib\sunrsasign.jar;C:\NANUM\java\openjdk8.0_181(x64)\jre\lib\jsse.jar;C:\NANUM\java\openjdk8.0_181(x64)\jre\lib\jce.jar;C:\NANUM\java\openjdk8.0_181(x64)\jre\lib\charsets.jar;C:\NANUM\java\openjdk8.0_181(x64)\jre\lib\jfr.jar;C:\NANUM\java\openjdk8.0_181(x64)\jre\classes
	sun.boot.library.path = C:\NANUM\java\openjdk8.0_181(x64)\jre\bin
	sun.cpu.endian = little
	sun.cpu.isalist = amd64
	sun.desktop = windows
	sun.io.unicode.encoding = UnicodeLittle
	sun.java.command = D:\the_great_wall\the_great_wall_ver_1\thegreatwall\jboss\wildfly-23.0.2.Final\jboss-modules.jar -mp D:\the_great_wall\the_great_wall_ver_1\thegreatwall\jboss\wildfly-23.0.2.Final\modules org.jboss.as.standalone -Djboss.home.dir=D:\the_great_wall\the_great_wall_ver_1\thegreatwall\jboss\wildfly-23.0.2.Final
	sun.java.launcher = SUN_STANDARD
	sun.jnu.encoding = MS949
	sun.management.compiler = HotSpot 64-Bit Tiered Compilers
	sun.os.patch.level = 
	sun.stderr.encoding = ms949
	sun.stdout.encoding = ms949
	user.country = KR
	user.dir = D:\the_great_wall\the_great_wall_ver_1\thegreatwall\jboss\wildfly-23.0.2.Final\bin
	user.home = C:\Users\nanum
	user.language = ko
	user.name = nanum
	user.script = 
	user.timezone = Asia/Seoul
	user.variant = 
2025-04-29 17:13:27,916 DEBUG [org.jboss.as.config] (MSC service thread 1-2) VM Arguments: -Dprogram.name=standalone.bat -Xms64M -Xmx512M -XX:MetaspaceSize=96M -XX:MaxMetaspaceSize=256m -Djava.net.preferIPv4Stack=true -Djboss.modules.system.pkgs=org.jboss.byteman -Djava.awt.headless=true -Dorg.jboss.boot.log.file=D:\the_great_wall\the_great_wall_ver_1\thegreatwall\jboss\wildfly-23.0.2.Final\standalone\log\server.log -Dlogging.configuration=file:D:\the_great_wall\the_great_wall_ver_1\thegreatwall\jboss\wildfly-23.0.2.Final\standalone\configuration/logging.properties 
2025-04-29 17:13:28,761 INFO  [org.wildfly.security] (ServerService Thread Pool -- 28) ELY00001: WildFly Elytron version 1.15.3.Final
2025-04-29 17:13:29,131 INFO  [org.jboss.as.controller.management-deprecated] (ServerService Thread Pool -- 20) WFLYCTL0033: Extension 'security' is deprecated and may not be supported in future versions
2025-04-29 17:13:29,434 INFO  [org.jboss.as.controller.management-deprecated] (Controller Boot Thread) WFLYCTL0028: Attribute 'security-realm' in the resource at address '/core-service=management/management-interface=http-interface' is deprecated, and may be removed in a future version. See the attribute description in the output of the read-resource-description operation to learn more about the deprecation.
2025-04-29 17:13:29,488 INFO  [org.jboss.as.controller.management-deprecated] (ServerService Thread Pool -- 8) WFLYCTL0028: Attribute 'security-realm' in the resource at address '/subsystem=undertow/server=default-server/https-listener=https' is deprecated, and may be removed in a future version. See the attribute description in the output of the read-resource-description operation to learn more about the deprecation.
2025-04-29 17:13:32,552 INFO  [org.jboss.as.repository] (ServerService Thread Pool -- 19) WFLYDR0001: Content added at location D:\the_great_wall\the_great_wall_ver_1\thegreatwall\jboss\wildfly-23.0.2.Final\standalone\data\content\01\c8cd6f6e1a0806a96bb93b30df6770dc18a829\content
2025-04-29 17:13:32,582 INFO  [org.jboss.as.server] (Controller Boot Thread) WFLYSRV0039: Creating http management service using socket-binding (management-http)
2025-04-29 17:13:32,604 INFO  [org.xnio] (MSC service thread 1-8) XNIO version 3.8.4.Final
2025-04-29 17:13:32,617 INFO  [org.xnio.nio] (MSC service thread 1-8) XNIO NIO Implementation Version 3.8.4.Final
2025-04-29 17:13:32,687 INFO  [org.wildfly.extension.microprofile.config.smallrye._private] (ServerService Thread Pool -- 63) WFLYCONF0001: Activating WildFly MicroProfile Config Subsystem
2025-04-29 17:13:32,687 INFO  [org.jboss.as.security] (ServerService Thread Pool -- 72) WFLYSEC0002: Activating Security Subsystem
2025-04-29 17:13:32,704 INFO  [org.jboss.as.clustering.infinispan] (ServerService Thread Pool -- 53) WFLYCLINF0001: Activating Infinispan subsystem.
2025-04-29 17:13:32,708 WARN  [org.jboss.as.txn] (ServerService Thread Pool -- 74) WFLYTX0013: The node-identifier attribute on the /subsystem=transactions is set to the default value. This is a danger for environments running multiple servers. Please make sure the attribute value is unique.
2025-04-29 17:13:32,715 INFO  [org.jboss.as.jaxrs] (ServerService Thread Pool -- 55) WFLYRS0016: RESTEasy version 3.15.1.Final
2025-04-29 17:13:32,721 INFO  [org.jboss.as.security] (MSC service thread 1-5) WFLYSEC0001: Current PicketBox version=5.0.3.Final-redhat-00007
2025-04-29 17:13:32,770 INFO  [org.jboss.as.naming] (ServerService Thread Pool -- 66) WFLYNAM0001: Activating Naming Subsystem
2025-04-29 17:13:32,773 INFO  [org.wildfly.extension.microprofile.jwt.smallrye._private] (ServerService Thread Pool -- 64) WFLYJWT0001: Activating WildFly MicroProfile JWT Subsystem
2025-04-29 17:13:32,776 INFO  [org.wildfly.extension.health] (ServerService Thread Pool -- 52) WFLYHEALTH0001: Activating Base Health Subsystem
2025-04-29 17:13:32,773 INFO  [org.wildfly.extension.metrics] (ServerService Thread Pool -- 62) WFLYMETRICS0001: Activating Base Metrics Subsystem
2025-04-29 17:13:32,772 INFO  [org.jboss.as.webservices] (ServerService Thread Pool -- 76) WFLYWS0002: Activating WebServices Extension
2025-04-29 17:13:32,795 INFO  [org.jboss.as.connector] (MSC service thread 1-6) WFLYJCA0009: Starting Jakarta Connectors Subsystem (WildFly/IronJacamar 1.4.27.Final)
2025-04-29 17:13:32,800 INFO  [org.jboss.as.jsf] (ServerService Thread Pool -- 60) WFLYJSF0007: Activated the following Jakarta Server Faces Implementations: [main]
2025-04-29 17:13:32,841 ERROR [org.jboss.as.controller.management-operation] (ServerService Thread Pool -- 44) WFLYCTL0013: Operation ("add") failed - address: ([
    ("subsystem" => "datasources"),
    ("jdbc-driver" => "postgresql")
]) - failure description: "WFLYJCA0041: Failed to load module for driver [org.postgresql]"
2025-04-29 17:13:32,841 INFO  [org.wildfly.extension.microprofile.opentracing] (ServerService Thread Pool -- 65) WFLYTRACEXT0001: Activating MicroProfile OpenTracing Subsystem
2025-04-29 17:13:32,861 INFO  [org.wildfly.extension.io] (ServerService Thread Pool -- 54) WFLYIO001: Worker 'default' has auto-configured to 16 IO threads with 128 max task threads based on your 8 available processors
2025-04-29 17:13:32,869 INFO  [org.wildfly.extension.undertow] (MSC service thread 1-6) WFLYUT0003: Undertow 2.2.5.Final starting
2025-04-29 17:13:33,017 INFO  [org.jboss.as.naming] (MSC service thread 1-4) WFLYNAM0003: Starting Naming Service
2025-04-29 17:13:33,057 INFO  [org.jboss.as.mail.extension] (MSC service thread 1-3) WFLYMAIL0001: Bound mail session [java:jboss/mail/Default]
2025-04-29 17:13:33,167 WARN  [org.wildfly.extension.elytron] (MSC service thread 1-3) WFLYELY00023: KeyStore file 'D:\the_great_wall\the_great_wall_ver_1\thegreatwall\jboss\wildfly-23.0.2.Final\standalone\configuration\application.keystore' does not exist. Used blank.
2025-04-29 17:13:33,244 INFO  [org.wildfly.extension.undertow] (ServerService Thread Pool -- 75) WFLYUT0014: Creating file handler for path 'D:\the_great_wall\the_great_wall_ver_1\thegreatwall\jboss\wildfly-23.0.2.Final/welcome-content' with options [directory-listing: 'false', follow-symlink: 'false', case-sensitive: 'true', safe-symlink-paths: '[]']
2025-04-29 17:13:33,243 INFO  [org.jboss.remoting] (MSC service thread 1-3) JBoss Remoting version 5.0.20.Final
2025-04-29 17:13:33,299 WARN  [org.wildfly.extension.elytron] (MSC service thread 1-2) WFLYELY01084: KeyStore D:\the_great_wall\the_great_wall_ver_1\thegreatwall\jboss\wildfly-23.0.2.Final\standalone\configuration\application.keystore not found, it will be auto generated on first use with a self-signed certificate for host localhost
2025-04-29 17:13:33,332 INFO  [org.jboss.as.ejb3] (MSC service thread 1-8) WFLYEJB0481: Strict pool slsb-strict-max-pool is using a max instance size of 128 (per class), which is derived from thread worker pool sizing.
2025-04-29 17:13:33,340 INFO  [org.jboss.as.ejb3] (MSC service thread 1-4) WFLYEJB0482: Strict pool mdb-strict-max-pool is using a max instance size of 32 (per class), which is derived from the number of CPUs on this host.
2025-04-29 17:13:33,504 INFO  [org.wildfly.extension.undertow] (MSC service thread 1-2) WFLYUT0012: Started server default-server.
2025-04-29 17:13:33,516 INFO  [org.wildfly.extension.undertow] (MSC service thread 1-3) Queuing requests.
2025-04-29 17:13:33,519 INFO  [org.wildfly.extension.undertow] (MSC service thread 1-3) WFLYUT0018: Host default-host starting
2025-04-29 17:13:33,824 INFO  [org.jboss.as.patching] (MSC service thread 1-3) WFLYPAT0050: WildFly Full cumulative patch ID is: base, one-off patches include: none
2025-04-29 17:13:33,847 WARN  [org.jboss.as.domain.management.security] (MSC service thread 1-4) WFLYDM0111: Keystore D:\the_great_wall\the_great_wall_ver_1\thegreatwall\jboss\wildfly-23.0.2.Final\standalone\configuration\application.keystore not found, it will be auto generated on first use with a self signed certificate for host localhost
2025-04-29 17:13:33,853 INFO  [org.jboss.as.server.deployment.scanner] (MSC service thread 1-6) WFLYDS0013: Started FileSystemDeploymentService for directory D:\the_great_wall\the_great_wall_ver_1\thegreatwall\jboss\wildfly-23.0.2.Final\standalone\deployments
2025-04-29 17:13:33,872 INFO  [org.jboss.as.server.deployment] (MSC service thread 1-2) WFLYSRV0027: Starting deployment of "thegreatwall.war" (runtime-name: "thegreatwall.war")
2025-04-29 17:13:38,662 INFO  [org.wildfly.extension.undertow] (MSC service thread 1-8) WFLYUT0006: Undertow HTTP listener default listening on 127.0.0.1:8080
2025-04-29 17:13:38,671 INFO  [org.wildfly.extension.undertow] (MSC service thread 1-5) WFLYUT0006: Undertow HTTPS listener https listening on 127.0.0.1:8443
2025-04-29 17:13:38,734 INFO  [org.jboss.as.ejb3] (MSC service thread 1-4) WFLYEJB0493: Jakarta Enterprise Beans subsystem suspension complete
2025-04-29 17:13:38,808 INFO  [org.jboss.ws.common.management] (MSC service thread 1-3) JBWS022052: Starting JBossWS 5.4.3.Final (Apache CXF 3.3.10) 
2025-04-29 17:13:40,012 WARN  [org.jboss.as.ee] (MSC service thread 1-4) WFLYEE0007: Not installing optional component org.springframework.http.server.reactive.ServletHttpHandlerAdapter$HttpHandlerAsyncListener due to an exception (enable DEBUG log level to see the cause)
2025-04-29 17:13:40,026 WARN  [org.jboss.as.ee] (MSC service thread 1-4) WFLYEE0007: Not installing optional component org.springframework.http.server.ServletServerHttpAsyncRequestControl due to an exception (enable DEBUG log level to see the cause)
2025-04-29 17:13:40,029 WARN  [org.jboss.as.ee] (MSC service thread 1-4) WFLYEE0007: Not installing optional component org.springframework.http.server.reactive.ServletServerHttpResponse$ResponseAsyncListener due to an exception (enable DEBUG log level to see the cause)
2025-04-29 17:13:40,035 WARN  [org.jboss.as.ee] (MSC service thread 1-4) WFLYEE0007: Not installing optional component org.springframework.web.context.request.async.StandardServletAsyncWebRequest due to an exception (enable DEBUG log level to see the cause)
2025-04-29 17:13:40,037 WARN  [org.jboss.as.ee] (MSC service thread 1-4) WFLYEE0007: Not installing optional component org.springframework.http.server.reactive.ServletServerHttpRequest$RequestAsyncListener due to an exception (enable DEBUG log level to see the cause)
2025-04-29 17:13:40,294 INFO  [org.jboss.as.connector.deployers.jdbc] (MSC service thread 1-4) WFLYJCA0005: Deploying non-JDBC-compliant driver class org.postgresql.Driver (version 42.2)
2025-04-29 17:13:40,439 INFO  [org.jboss.as.connector.deployers.jdbc] (MSC service thread 1-2) WFLYJCA0018: Started Driver service with driver-name = thegreatwall.war_org.postgresql.Driver_42_2
2025-04-29 17:13:40,878 INFO  [org.infinispan.CONTAINER] (ServerService Thread Pool -- 78) ISPN000128: Infinispan version: Infinispan 'Corona Extra' 11.0.9.Final
2025-04-29 17:13:40,991 INFO  [org.infinispan.CONFIG] (MSC service thread 1-1) ISPN000152: Passivation configured without an eviction policy being selected. Only manually evicted entities will be passivated.
2025-04-29 17:13:40,996 INFO  [org.infinispan.CONFIG] (MSC service thread 1-1) ISPN000152: Passivation configured without an eviction policy being selected. Only manually evicted entities will be passivated.
2025-04-29 17:13:41,142 INFO  [org.infinispan.PERSISTENCE] (ServerService Thread Pool -- 78) ISPN000556: Starting user marshaller 'org.wildfly.clustering.infinispan.spi.marshalling.InfinispanProtoStreamMarshaller'
2025-04-29 17:13:41,464 INFO  [org.jboss.as.clustering.infinispan] (ServerService Thread Pool -- 78) WFLYCLINF0002: Started http-remoting-connector cache from ejb container
2025-04-29 17:13:41,526 ERROR [org.jboss.as.controller.management-operation] (Controller Boot Thread) WFLYCTL0013: Operation ("deploy") failed - address: ([("deployment" => "thegreatwall.war")]) - failure description: {
    "WFLYCTL0412: Required services that are not installed:" => ["jboss.naming.context.java.jboss.datasources.ExampleDS"],
    "WFLYCTL0180: Services with missing/unavailable dependencies" => ["jboss.naming.context.java.module.thegreatwall.thegreatwall.DefaultDataSource is missing [jboss.naming.context.java.jboss.datasources.ExampleDS]"]
}
2025-04-29 17:13:41,597 ERROR [org.jboss.as.controller.management-operation] (Controller Boot Thread) WFLYCTL0013: Operation ("add") failed - address: ([
    ("subsystem" => "datasources"),
    ("data-source" => "PostgreSQLPool")
]) - failure description: {
    "WFLYCTL0412: Required services that are not installed:" => ["jboss.jdbc-driver.postgresql"],
    "WFLYCTL0180: Services with missing/unavailable dependencies" => [
        "org.wildfly.data-source.PostgreSQLPool is missing [jboss.jdbc-driver.postgresql]",
        "jboss.driver-demander.java:jboss/datasources/PostgreSQLDS is missing [jboss.jdbc-driver.postgresql]"
    ]
}
2025-04-29 17:13:41,600 ERROR [org.jboss.as.controller.management-operation] (Controller Boot Thread) WFLYCTL0013: Operation ("add") failed - address: ([
    ("subsystem" => "datasources"),
    ("data-source" => "PostgreSQLPool")
]) - failure description: {
    "WFLYCTL0412: Required services that are not installed:" => [
        "jboss.jdbc-driver.postgresql",
        "jboss.jdbc-driver.postgresql"
    ],
    "WFLYCTL0180: Services with missing/unavailable dependencies" => [
        "org.wildfly.data-source.PostgreSQLPool is missing [jboss.jdbc-driver.postgresql]",
        "jboss.driver-demander.java:jboss/datasources/PostgreSQLDS is missing [jboss.jdbc-driver.postgresql]",
        "org.wildfly.data-source.PostgreSQLPool is missing [jboss.jdbc-driver.postgresql]"
    ]
}
2025-04-29 17:13:41,611 INFO  [org.jboss.as.server] (ServerService Thread Pool -- 45) WFLYSRV0010: Deployed "thegreatwall.war" (runtime-name : "thegreatwall.war")
2025-04-29 17:13:41,617 INFO  [org.jboss.as.controller] (Controller Boot Thread) WFLYCTL0183: Service status report
WFLYCTL0184:    New missing/unsatisfied dependencies:
      service jboss.jdbc-driver.postgresql (missing) dependents: [service org.wildfly.data-source.PostgreSQLPool, service jboss.driver-demander.java:jboss/datasources/PostgreSQLDS] 
      service jboss.naming.context.java.jboss.datasources.ExampleDS (missing) dependents: [service jboss.naming.context.java.module.thegreatwall.thegreatwall.DefaultDataSource] 
WFLYCTL0448: 10 additional services are down due to their dependencies being missing or failed
2025-04-29 17:13:41,718 INFO  [org.jboss.as.server] (Controller Boot Thread) WFLYSRV0212: Resuming server
2025-04-29 17:13:41,721 ERROR [org.jboss.as] (Controller Boot Thread) WFLYSRV0026: WildFly Full 23.0.2.Final (WildFly Core 15.0.1.Final) started (with errors) in 15256ms - Started 412 of 629 services (13 services failed or missing dependencies, 349 services are lazy, passive or on-demand)
2025-04-29 17:13:41,724 INFO  [org.jboss.as] (Controller Boot Thread) WFLYSRV0060: Http management interface listening on http://127.0.0.1:9990/management
2025-04-29 17:13:41,725 INFO  [org.jboss.as] (Controller Boot Thread) WFLYSRV0051: Admin console listening on http://127.0.0.1:9990
2025-04-29 17:13:53,580 INFO  [org.jboss.as.server] (Thread-2) WFLYSRV0272: Suspending server
2025-04-29 17:13:53,583 INFO  [org.jboss.as.ejb3] (Thread-2) WFLYEJB0493: Jakarta Enterprise Beans subsystem suspension complete
2025-04-29 17:13:53,585 INFO  [org.jboss.as.server] (Thread-2) WFLYSRV0220: Server shutdown has been requested via an OS signal
2025-04-29 17:13:53,593 INFO  [org.jboss.as.connector.deployers.jdbc] (MSC service thread 1-2) WFLYJCA0019: Stopped Driver service with driver-name = thegreatwall.war_org.postgresql.Driver_42_2
2025-04-29 17:13:53,621 INFO  [org.jboss.as.mail.extension] (MSC service thread 1-2) WFLYMAIL0002: Unbound mail session [java:jboss/mail/Default]
2025-04-29 17:13:53,622 INFO  [org.wildfly.extension.undertow] (MSC service thread 1-3) WFLYUT0019: Host default-host stopping
2025-04-29 17:13:53,681 INFO  [org.wildfly.extension.undertow] (MSC service thread 1-1) WFLYUT0008: Undertow HTTPS listener https suspending
2025-04-29 17:13:53,682 INFO  [org.wildfly.extension.undertow] (MSC service thread 1-7) WFLYUT0008: Undertow HTTP listener default suspending
2025-04-29 17:13:53,683 INFO  [org.wildfly.extension.undertow] (MSC service thread 1-1) WFLYUT0007: Undertow HTTPS listener https stopped, was bound to 127.0.0.1:8443
2025-04-29 17:13:53,684 INFO  [org.wildfly.extension.undertow] (MSC service thread 1-7) WFLYUT0007: Undertow HTTP listener default stopped, was bound to 127.0.0.1:8080
2025-04-29 17:13:53,689 INFO  [org.wildfly.extension.undertow] (MSC service thread 1-1) WFLYUT0004: Undertow 2.2.5.Final stopping
2025-04-29 17:13:53,748 INFO  [org.jboss.as.clustering.infinispan] (ServerService Thread Pool -- 78) WFLYCLINF0003: Stopped http-remoting-connector cache from ejb container
2025-04-29 17:13:53,750 INFO  [org.infinispan.manager.DefaultCacheManager] (ServerService Thread Pool -- 78) Stopping cache manager null on null
2025-04-29 17:13:53,905 INFO  [org.jboss.as.server.deployment] (MSC service thread 1-6) WFLYSRV0028: Stopped deployment thegreatwall.war (runtime-name: thegreatwall.war) in 314ms
2025-04-29 17:13:53,934 INFO  [org.jboss.as] (MSC service thread 1-4) WFLYSRV0050: WildFly Full 23.0.2.Final (WildFly Core 15.0.1.Final) stopped in 344ms
2025-04-29 17:20:40,930 INFO  [org.jboss.modules] (main) JBoss Modules version 1.11.0.Final
2025-04-29 17:20:41,414 INFO  [org.jboss.msc] (main) JBoss MSC version 1.4.12.Final
2025-04-29 17:20:41,424 INFO  [org.jboss.threads] (main) JBoss Threads version 2.4.0.Final
2025-04-29 17:20:41,527 INFO  [org.jboss.as] (MSC service thread 1-2) WFLYSRV0049: WildFly Full 23.0.2.Final (WildFly Core 15.0.1.Final) starting
2025-04-29 17:20:41,529 DEBUG [org.jboss.as.config] (MSC service thread 1-2) Configured system properties:
	awt.toolkit = sun.awt.windows.WToolkit
	file.encoding = MS949
	file.encoding.pkg = sun.io
	file.separator = \
	java.awt.graphicsenv = sun.awt.Win32GraphicsEnvironment
	java.awt.headless = true
	java.awt.printerjob = sun.awt.windows.WPrinterJob
	java.class.path = D:\the_great_wall\the_great_wall_ver_1\thegreatwall\jboss\wildfly-23.0.2.Final\jboss-modules.jar
	java.class.version = 52.0
	java.endorsed.dirs = C:\NANUM\java\openjdk8.0_181(x64)\jre\lib\endorsed
	java.ext.dirs = C:\NANUM\java\openjdk8.0_181(x64)\jre\lib\ext;C:\WINDOWS\Sun\Java\lib\ext
	java.home = C:\NANUM\java\openjdk8.0_181(x64)\jre
	java.io.tmpdir = C:\Users\nanum\AppData\Local\Temp\
	java.library.path = C:\NANUM\java\openjdk8.0_181(x64)\bin;C:\WINDOWS\Sun\Java\bin;C:\WINDOWS\system32;C:\WINDOWS;C:\Program Files\Common Files\Oracle\Java\javapath;C:\Program Files (x86)\Common Files\Oracle\Java\javapath;D:\WINDOWS.X64_193000_db_home\bin;C:\Program Files\Python39\Scripts\;C:\Program Files\Python39\;C:\ProgramData\Oracle\Java\javapath;C:\WINDOWS\system32;C:\WINDOWS;C:\WINDOWS\System32\Wbem;C:\WINDOWS\System32\WindowsPowerShell\v1.0\;C:\WINDOWS\System32\OpenSSH\;C:\Program Files\Intel\WiFi\bin\;C:\Program Files\Common Files\Intel\WirelessCommon\;C:\Program Files (x86)\Intel\Intel(R) Management Engine Components\DAL;C:\Program Files\Intel\Intel(R) Management Engine Components\DAL;C:\Program Files\Git\cmd;C:\Program Files\mingw-w64\x86_64-8.1.0-posix-seh-rt_v6-rev0\mingw64\bin;C:\Apache24\bin;C:\Program Files\MongoDB\Server\4.2\bin;C:\Users\nanum\AppData\Roaming\npm;C:\Program Files\TortoiseSVN\bin;C:\Program Files\OpenVPN\bin;C:\Program Files\Wondershare\Wondershare DemoCreator (Korean);C:\Users\nanum\AppData\Roaming\nvm;C:\Program Files\nodejs;C:\Users\nanum\.cargo\bin;C:\Program Files\MySQL\MySQL Shell 8.0\bin\;C:\Users\nanum\AppData\Local\Programs\Python\Python37\Scripts\;C:\Users\nanum\AppData\Local\Programs\Python\Python37\;C:\Users\nanum\AppData\Local\Microsoft\WindowsApps;C:\Program Files\Bandizip\;C:\Users\nanum\AppData\Local\Programs\Fiddler;C:\Users\nanum\AppData\Local\Microsoft\WindowsApps;C:\NANUM\java\jdk1.8.0_112\bin;C:\NANUM\PORTAL\maven\bin;C:\NANUM\java\openjdk8.0_181(x64)\bin;C:\Microsoft VS Code\bin;C:\Users\nanum\AppData\Roaming\npm;C:\Users\nanum\AppData\Roaming\nvm;C:\Program Files\nodejs;C:\Users\nanum\AppData\Local\Google\Cloud SDK\google-cloud-sdk\bin;.
	java.net.preferIPv4Stack = true
	java.runtime.name = OpenJDK Runtime Environment
	java.runtime.version = 1.8.0_181-1-ojdkbuild-b13
	java.specification.name = Java Platform API Specification
	java.specification.vendor = Oracle Corporation
	java.specification.version = 1.8
	java.util.logging.manager = org.jboss.logmanager.LogManager
	java.vendor = Oracle Corporation
	java.vendor.url = http://java.oracle.com/
	java.vendor.url.bug = http://bugreport.sun.com/bugreport/
	java.version = 1.8.0_181-1-ojdkbuild
	java.vm.info = mixed mode
	java.vm.name = OpenJDK 64-Bit Server VM
	java.vm.specification.name = Java Virtual Machine Specification
	java.vm.specification.vendor = Oracle Corporation
	java.vm.specification.version = 1.8
	java.vm.vendor = Oracle Corporation
	java.vm.version = 25.181-b13
	javax.management.builder.initial = org.jboss.as.jmx.PluggableMBeanServerBuilder
	jboss.home.dir = D:\the_great_wall\the_great_wall_ver_1\thegreatwall\jboss\wildfly-23.0.2.Final
	jboss.host.name = desktop-qr3ra1d
	jboss.modules.dir = D:\the_great_wall\the_great_wall_ver_1\thegreatwall\jboss\wildfly-23.0.2.Final\modules
	jboss.modules.system.pkgs = org.jboss.byteman
	jboss.node.name = desktop-qr3ra1d
	jboss.qualified.host.name = desktop-qr3ra1d
	jboss.server.base.dir = D:\the_great_wall\the_great_wall_ver_1\thegreatwall\jboss\wildfly-23.0.2.Final\standalone
	jboss.server.config.dir = D:\the_great_wall\the_great_wall_ver_1\thegreatwall\jboss\wildfly-23.0.2.Final\standalone\configuration
	jboss.server.data.dir = D:\the_great_wall\the_great_wall_ver_1\thegreatwall\jboss\wildfly-23.0.2.Final\standalone\data
	jboss.server.deploy.dir = D:\the_great_wall\the_great_wall_ver_1\thegreatwall\jboss\wildfly-23.0.2.Final\standalone\data\content
	jboss.server.log.dir = D:\the_great_wall\the_great_wall_ver_1\thegreatwall\jboss\wildfly-23.0.2.Final\standalone\log
	jboss.server.name = desktop-qr3ra1d
	jboss.server.persist.config = true
	jboss.server.temp.dir = D:\the_great_wall\the_great_wall_ver_1\thegreatwall\jboss\wildfly-23.0.2.Final\standalone\tmp
	line.separator = 

	logging.configuration = file:D:\the_great_wall\the_great_wall_ver_1\thegreatwall\jboss\wildfly-23.0.2.Final\standalone\configuration/logging.properties
	module.path = D:\the_great_wall\the_great_wall_ver_1\thegreatwall\jboss\wildfly-23.0.2.Final\modules
	org.jboss.boot.log.file = D:\the_great_wall\the_great_wall_ver_1\thegreatwall\jboss\wildfly-23.0.2.Final\standalone\log\server.log
	org.jboss.resolver.warning = true
	os.arch = amd64
	os.name = Windows 10
	os.version = 10.0
	path.separator = ;
	program.name = standalone.bat
	sun.arch.data.model = 64
	sun.boot.class.path = C:\NANUM\java\openjdk8.0_181(x64)\jre\lib\resources.jar;C:\NANUM\java\openjdk8.0_181(x64)\jre\lib\rt.jar;C:\NANUM\java\openjdk8.0_181(x64)\jre\lib\sunrsasign.jar;C:\NANUM\java\openjdk8.0_181(x64)\jre\lib\jsse.jar;C:\NANUM\java\openjdk8.0_181(x64)\jre\lib\jce.jar;C:\NANUM\java\openjdk8.0_181(x64)\jre\lib\charsets.jar;C:\NANUM\java\openjdk8.0_181(x64)\jre\lib\jfr.jar;C:\NANUM\java\openjdk8.0_181(x64)\jre\classes
	sun.boot.library.path = C:\NANUM\java\openjdk8.0_181(x64)\jre\bin
	sun.cpu.endian = little
	sun.cpu.isalist = amd64
	sun.desktop = windows
	sun.io.unicode.encoding = UnicodeLittle
	sun.java.command = D:\the_great_wall\the_great_wall_ver_1\thegreatwall\jboss\wildfly-23.0.2.Final\jboss-modules.jar -mp D:\the_great_wall\the_great_wall_ver_1\thegreatwall\jboss\wildfly-23.0.2.Final\modules org.jboss.as.standalone -Djboss.home.dir=D:\the_great_wall\the_great_wall_ver_1\thegreatwall\jboss\wildfly-23.0.2.Final
	sun.java.launcher = SUN_STANDARD
	sun.jnu.encoding = MS949
	sun.management.compiler = HotSpot 64-Bit Tiered Compilers
	sun.os.patch.level = 
	sun.stderr.encoding = ms949
	sun.stdout.encoding = ms949
	user.country = KR
	user.dir = D:\the_great_wall\the_great_wall_ver_1\thegreatwall\jboss\wildfly-23.0.2.Final\bin
	user.home = C:\Users\nanum
	user.language = ko
	user.name = nanum
	user.script = 
	user.timezone = Asia/Seoul
	user.variant = 
2025-04-29 17:20:41,530 DEBUG [org.jboss.as.config] (MSC service thread 1-2) VM Arguments: -Dprogram.name=standalone.bat -Xms64M -Xmx512M -XX:MetaspaceSize=96M -XX:MaxMetaspaceSize=256m -Djava.net.preferIPv4Stack=true -Djboss.modules.system.pkgs=org.jboss.byteman -Djava.awt.headless=true -Dorg.jboss.boot.log.file=D:\the_great_wall\the_great_wall_ver_1\thegreatwall\jboss\wildfly-23.0.2.Final\standalone\log\server.log -Dlogging.configuration=file:D:\the_great_wall\the_great_wall_ver_1\thegreatwall\jboss\wildfly-23.0.2.Final\standalone\configuration/logging.properties 
2025-04-29 17:20:42,412 INFO  [org.wildfly.security] (ServerService Thread Pool -- 28) ELY00001: WildFly Elytron version 1.15.3.Final
2025-04-29 17:20:43,026 INFO  [org.jboss.as.controller.management-deprecated] (ServerService Thread Pool -- 11) WFLYCTL0033: Extension 'security' is deprecated and may not be supported in future versions
2025-04-29 17:20:43,410 INFO  [org.jboss.as.controller.management-deprecated] (Controller Boot Thread) WFLYCTL0028: Attribute 'security-realm' in the resource at address '/core-service=management/management-interface=http-interface' is deprecated, and may be removed in a future version. See the attribute description in the output of the read-resource-description operation to learn more about the deprecation.
2025-04-29 17:20:43,459 INFO  [org.jboss.as.controller.management-deprecated] (ServerService Thread Pool -- 15) WFLYCTL0028: Attribute 'security-realm' in the resource at address '/subsystem=undertow/server=default-server/https-listener=https' is deprecated, and may be removed in a future version. See the attribute description in the output of the read-resource-description operation to learn more about the deprecation.
2025-04-29 17:20:46,681 INFO  [org.jboss.as.repository] (ServerService Thread Pool -- 11) WFLYDR0001: Content added at location D:\the_great_wall\the_great_wall_ver_1\thegreatwall\jboss\wildfly-23.0.2.Final\standalone\data\content\1f\95fbae14e62de9b5f21af32c9ee9241406aa4e\content
2025-04-29 17:20:46,702 INFO  [org.jboss.as.server] (Controller Boot Thread) WFLYSRV0039: Creating http management service using socket-binding (management-http)
2025-04-29 17:20:46,718 INFO  [org.xnio] (MSC service thread 1-8) XNIO version 3.8.4.Final
2025-04-29 17:20:46,728 INFO  [org.xnio.nio] (MSC service thread 1-8) XNIO NIO Implementation Version 3.8.4.Final
2025-04-29 17:20:46,769 WARN  [org.jboss.as.txn] (ServerService Thread Pool -- 74) WFLYTX0013: The node-identifier attribute on the /subsystem=transactions is set to the default value. This is a danger for environments running multiple servers. Please make sure the attribute value is unique.
2025-04-29 17:20:46,771 INFO  [org.jboss.as.clustering.infinispan] (ServerService Thread Pool -- 53) WFLYCLINF0001: Activating Infinispan subsystem.
2025-04-29 17:20:46,771 INFO  [org.wildfly.extension.microprofile.config.smallrye._private] (ServerService Thread Pool -- 63) WFLYCONF0001: Activating WildFly MicroProfile Config Subsystem
2025-04-29 17:20:46,785 INFO  [org.jboss.as.webservices] (ServerService Thread Pool -- 76) WFLYWS0002: Activating WebServices Extension
2025-04-29 17:20:46,786 INFO  [org.jboss.as.naming] (ServerService Thread Pool -- 66) WFLYNAM0001: Activating Naming Subsystem
2025-04-29 17:20:46,786 INFO  [org.jboss.as.jaxrs] (ServerService Thread Pool -- 55) WFLYRS0016: RESTEasy version 3.15.1.Final
2025-04-29 17:20:46,803 INFO  [org.wildfly.extension.microprofile.jwt.smallrye._private] (ServerService Thread Pool -- 64) WFLYJWT0001: Activating WildFly MicroProfile JWT Subsystem
2025-04-29 17:20:46,817 INFO  [org.jboss.as.jsf] (ServerService Thread Pool -- 60) WFLYJSF0007: Activated the following Jakarta Server Faces Implementations: [main]
2025-04-29 17:20:46,810 INFO  [org.jboss.as.security] (ServerService Thread Pool -- 72) WFLYSEC0002: Activating Security Subsystem
2025-04-29 17:20:46,825 INFO  [org.wildfly.extension.io] (ServerService Thread Pool -- 54) WFLYIO001: Worker 'default' has auto-configured to 16 IO threads with 128 max task threads based on your 8 available processors
2025-04-29 17:20:46,839 INFO  [org.wildfly.extension.metrics] (ServerService Thread Pool -- 62) WFLYMETRICS0001: Activating Base Metrics Subsystem
2025-04-29 17:20:46,845 INFO  [org.wildfly.extension.health] (ServerService Thread Pool -- 52) WFLYHEALTH0001: Activating Base Health Subsystem
2025-04-29 17:20:46,846 INFO  [org.wildfly.extension.microprofile.opentracing] (ServerService Thread Pool -- 65) WFLYTRACEXT0001: Activating MicroProfile OpenTracing Subsystem
2025-04-29 17:20:46,852 INFO  [org.jboss.as.connector] (MSC service thread 1-6) WFLYJCA0009: Starting Jakarta Connectors Subsystem (WildFly/IronJacamar 1.4.27.Final)
2025-04-29 17:20:46,861 INFO  [org.jboss.as.security] (MSC service thread 1-7) WFLYSEC0001: Current PicketBox version=5.0.3.Final-redhat-00007
2025-04-29 17:20:46,969 INFO  [org.jboss.as.connector.subsystems.datasources] (ServerService Thread Pool -- 44) WFLYJCA0005: Deploying non-JDBC-compliant driver class org.postgresql.Driver (version 42.7)
2025-04-29 17:20:47,013 INFO  [org.wildfly.extension.undertow] (MSC service thread 1-6) WFLYUT0003: Undertow 2.2.5.Final starting
2025-04-29 17:20:47,004 INFO  [org.jboss.as.naming] (MSC service thread 1-1) WFLYNAM0003: Starting Naming Service
2025-04-29 17:20:47,075 INFO  [org.jboss.as.connector.deployers.jdbc] (MSC service thread 1-5) WFLYJCA0018: Started Driver service with driver-name = postgresql
2025-04-29 17:20:47,091 INFO  [org.jboss.as.mail.extension] (MSC service thread 1-5) WFLYMAIL0001: Bound mail session [java:jboss/mail/Default]
2025-04-29 17:20:47,156 INFO  [org.jboss.remoting] (MSC service thread 1-6) JBoss Remoting version 5.0.20.Final
2025-04-29 17:20:47,231 WARN  [org.wildfly.extension.elytron] (MSC service thread 1-1) WFLYELY00023: KeyStore file 'D:\the_great_wall\the_great_wall_ver_1\thegreatwall\jboss\wildfly-23.0.2.Final\standalone\configuration\application.keystore' does not exist. Used blank.
2025-04-29 17:20:47,324 WARN  [org.wildfly.extension.elytron] (MSC service thread 1-5) WFLYELY01084: KeyStore D:\the_great_wall\the_great_wall_ver_1\thegreatwall\jboss\wildfly-23.0.2.Final\standalone\configuration\application.keystore not found, it will be auto generated on first use with a self-signed certificate for host localhost
2025-04-29 17:20:47,347 INFO  [org.wildfly.extension.undertow] (ServerService Thread Pool -- 75) WFLYUT0014: Creating file handler for path 'D:\the_great_wall\the_great_wall_ver_1\thegreatwall\jboss\wildfly-23.0.2.Final/welcome-content' with options [directory-listing: 'false', follow-symlink: 'false', case-sensitive: 'true', safe-symlink-paths: '[]']
2025-04-29 17:20:47,586 INFO  [org.jboss.as.ejb3] (MSC service thread 1-6) WFLYEJB0481: Strict pool slsb-strict-max-pool is using a max instance size of 128 (per class), which is derived from thread worker pool sizing.
2025-04-29 17:20:47,595 INFO  [org.jboss.as.ejb3] (MSC service thread 1-2) WFLYEJB0482: Strict pool mdb-strict-max-pool is using a max instance size of 32 (per class), which is derived from the number of CPUs on this host.
2025-04-29 17:20:47,922 INFO  [org.wildfly.extension.undertow] (MSC service thread 1-2) WFLYUT0012: Started server default-server.
2025-04-29 17:20:47,967 INFO  [org.wildfly.extension.undertow] (MSC service thread 1-6) Queuing requests.
2025-04-29 17:20:47,978 INFO  [org.wildfly.extension.undertow] (MSC service thread 1-6) WFLYUT0018: Host default-host starting
2025-04-29 17:20:48,190 INFO  [org.jboss.as.patching] (MSC service thread 1-1) WFLYPAT0050: WildFly Full cumulative patch ID is: base, one-off patches include: none
2025-04-29 17:20:48,213 WARN  [org.jboss.as.domain.management.security] (MSC service thread 1-7) WFLYDM0111: Keystore D:\the_great_wall\the_great_wall_ver_1\thegreatwall\jboss\wildfly-23.0.2.Final\standalone\configuration\application.keystore not found, it will be auto generated on first use with a self signed certificate for host localhost
2025-04-29 17:20:48,218 INFO  [org.jboss.as.server.deployment.scanner] (MSC service thread 1-8) WFLYDS0013: Started FileSystemDeploymentService for directory D:\the_great_wall\the_great_wall_ver_1\thegreatwall\jboss\wildfly-23.0.2.Final\standalone\deployments
2025-04-29 17:20:48,233 INFO  [org.jboss.as.server.deployment] (MSC service thread 1-7) WFLYSRV0027: Starting deployment of "thegreatwall.war" (runtime-name: "thegreatwall.war")
2025-04-29 17:20:52,665 INFO  [org.wildfly.extension.undertow] (MSC service thread 1-3) WFLYUT0006: Undertow HTTP listener default listening on 127.0.0.1:8080
2025-04-29 17:20:52,669 INFO  [org.wildfly.extension.undertow] (MSC service thread 1-6) WFLYUT0006: Undertow HTTPS listener https listening on 127.0.0.1:8443
2025-04-29 17:20:52,730 INFO  [org.jboss.as.ejb3] (MSC service thread 1-8) WFLYEJB0493: Jakarta Enterprise Beans subsystem suspension complete
2025-04-29 17:20:52,772 INFO  [org.jboss.ws.common.management] (MSC service thread 1-3) JBWS022052: Starting JBossWS 5.4.3.Final (Apache CXF 3.3.10) 
2025-04-29 17:20:53,557 WARN  [org.jboss.as.ee] (MSC service thread 1-7) WFLYEE0007: Not installing optional component org.springframework.http.server.reactive.ServletHttpHandlerAdapter$HttpHandlerAsyncListener due to an exception (enable DEBUG log level to see the cause)
2025-04-29 17:20:53,562 WARN  [org.jboss.as.ee] (MSC service thread 1-7) WFLYEE0007: Not installing optional component org.springframework.http.server.ServletServerHttpAsyncRequestControl due to an exception (enable DEBUG log level to see the cause)
2025-04-29 17:20:53,565 WARN  [org.jboss.as.ee] (MSC service thread 1-7) WFLYEE0007: Not installing optional component org.springframework.http.server.reactive.ServletServerHttpResponse$ResponseAsyncListener due to an exception (enable DEBUG log level to see the cause)
2025-04-29 17:20:53,568 WARN  [org.jboss.as.ee] (MSC service thread 1-7) WFLYEE0007: Not installing optional component org.springframework.web.context.request.async.StandardServletAsyncWebRequest due to an exception (enable DEBUG log level to see the cause)
2025-04-29 17:20:53,568 WARN  [org.jboss.as.ee] (MSC service thread 1-7) WFLYEE0007: Not installing optional component org.springframework.http.server.reactive.ServletServerHttpRequest$RequestAsyncListener due to an exception (enable DEBUG log level to see the cause)
2025-04-29 17:20:53,683 INFO  [org.jboss.as.connector.deployers.jdbc] (MSC service thread 1-7) WFLYJCA0005: Deploying non-JDBC-compliant driver class org.postgresql.Driver (version 42.2)
2025-04-29 17:20:53,754 INFO  [org.jboss.as.connector.deployers.jdbc] (MSC service thread 1-2) WFLYJCA0018: Started Driver service with driver-name = thegreatwall.war_org.postgresql.Driver_42_2
2025-04-29 17:20:53,996 INFO  [org.infinispan.CONTAINER] (ServerService Thread Pool -- 78) ISPN000128: Infinispan version: Infinispan 'Corona Extra' 11.0.9.Final
2025-04-29 17:20:54,053 INFO  [org.infinispan.CONFIG] (MSC service thread 1-6) ISPN000152: Passivation configured without an eviction policy being selected. Only manually evicted entities will be passivated.
2025-04-29 17:20:54,056 INFO  [org.infinispan.CONFIG] (MSC service thread 1-6) ISPN000152: Passivation configured without an eviction policy being selected. Only manually evicted entities will be passivated.
2025-04-29 17:20:54,164 INFO  [org.infinispan.PERSISTENCE] (ServerService Thread Pool -- 78) ISPN000556: Starting user marshaller 'org.wildfly.clustering.infinispan.spi.marshalling.InfinispanProtoStreamMarshaller'
2025-04-29 17:20:54,396 INFO  [org.jboss.as.clustering.infinispan] (ServerService Thread Pool -- 78) WFLYCLINF0002: Started http-remoting-connector cache from ejb container
2025-04-29 17:20:54,485 ERROR [org.jboss.as.controller.management-operation] (Controller Boot Thread) WFLYCTL0013: Operation ("deploy") failed - address: ([("deployment" => "thegreatwall.war")]) - failure description: {
    "WFLYCTL0412: Required services that are not installed:" => ["jboss.naming.context.java.jboss.datasources.ExampleDS"],
    "WFLYCTL0180: Services with missing/unavailable dependencies" => ["jboss.naming.context.java.module.thegreatwall.thegreatwall.DefaultDataSource is missing [jboss.naming.context.java.jboss.datasources.ExampleDS]"]
}
2025-04-29 17:20:54,487 ERROR [org.jboss.as.controller.management-operation] (Controller Boot Thread) WFLYCTL0013: Operation ("add") failed - address: ([
    ("subsystem" => "datasources"),
    ("data-source" => "PostgreSQLPool")
]) - failure description: {
    "WFLYCTL0412: Required services that are not installed:" => ["jboss.jdbc-driver.postgres"],
    "WFLYCTL0180: Services with missing/unavailable dependencies" => [
        "jboss.driver-demander.java:/postgres is missing [jboss.jdbc-driver.postgres]",
        "org.wildfly.data-source.PostgreSQLPool is missing [jboss.jdbc-driver.postgres]"
    ]
}
2025-04-29 17:20:54,489 ERROR [org.jboss.as.controller.management-operation] (Controller Boot Thread) WFLYCTL0013: Operation ("add") failed - address: ([
    ("subsystem" => "datasources"),
    ("data-source" => "PostgreSQLPool")
]) - failure description: {
    "WFLYCTL0412: Required services that are not installed:" => [
        "jboss.jdbc-driver.postgres",
        "jboss.jdbc-driver.postgres"
    ],
    "WFLYCTL0180: Services with missing/unavailable dependencies" => [
        "jboss.driver-demander.java:/postgres is missing [jboss.jdbc-driver.postgres]",
        "org.wildfly.data-source.PostgreSQLPool is missing [jboss.jdbc-driver.postgres]",
        "org.wildfly.data-source.PostgreSQLPool is missing [jboss.jdbc-driver.postgres]"
    ]
}
2025-04-29 17:20:54,496 INFO  [org.jboss.as.server] (ServerService Thread Pool -- 45) WFLYSRV0010: Deployed "thegreatwall.war" (runtime-name : "thegreatwall.war")
2025-04-29 17:20:54,499 INFO  [org.jboss.as.controller] (Controller Boot Thread) WFLYCTL0183: Service status report
WFLYCTL0184:    New missing/unsatisfied dependencies:
      service jboss.jdbc-driver.postgres (missing) dependents: [service org.wildfly.data-source.PostgreSQLPool, service jboss.driver-demander.java:/postgres] 
      service jboss.naming.context.java.jboss.datasources.ExampleDS (missing) dependents: [service jboss.naming.context.java.module.thegreatwall.thegreatwall.DefaultDataSource] 
WFLYCTL0448: 10 additional services are down due to their dependencies being missing or failed
2025-04-29 17:20:54,558 INFO  [org.jboss.as.server] (Controller Boot Thread) WFLYSRV0212: Resuming server
2025-04-29 17:20:54,561 ERROR [org.jboss.as] (Controller Boot Thread) WFLYSRV0026: WildFly Full 23.0.2.Final (WildFly Core 15.0.1.Final) started (with errors) in 14097ms - Started 413 of 630 services (13 services failed or missing dependencies, 349 services are lazy, passive or on-demand)
2025-04-29 17:20:54,564 INFO  [org.jboss.as] (Controller Boot Thread) WFLYSRV0060: Http management interface listening on http://127.0.0.1:9990/management
2025-04-29 17:20:54,564 INFO  [org.jboss.as] (Controller Boot Thread) WFLYSRV0051: Admin console listening on http://127.0.0.1:9990
2025-04-29 17:21:23,550 INFO  [org.jboss.as.server] (Thread-2) WFLYSRV0272: Suspending server
2025-04-29 17:21:23,552 INFO  [org.jboss.as.ejb3] (Thread-2) WFLYEJB0493: Jakarta Enterprise Beans subsystem suspension complete
2025-04-29 17:21:23,555 INFO  [org.jboss.as.server] (Thread-2) WFLYSRV0220: Server shutdown has been requested via an OS signal
2025-04-29 17:21:23,563 INFO  [org.jboss.as.connector.deployers.jdbc] (MSC service thread 1-6) WFLYJCA0019: Stopped Driver service with driver-name = thegreatwall.war_org.postgresql.Driver_42_2
2025-04-29 17:21:23,572 INFO  [org.jboss.as.connector.deployers.jdbc] (MSC service thread 1-5) WFLYJCA0019: Stopped Driver service with driver-name = postgresql
2025-04-29 17:21:23,583 INFO  [org.jboss.as.mail.extension] (MSC service thread 1-1) WFLYMAIL0002: Unbound mail session [java:jboss/mail/Default]
2025-04-29 17:21:23,601 INFO  [org.wildfly.extension.undertow] (MSC service thread 1-2) WFLYUT0019: Host default-host stopping
2025-04-29 17:21:23,637 INFO  [org.wildfly.extension.undertow] (MSC service thread 1-3) WFLYUT0008: Undertow HTTP listener default suspending
2025-04-29 17:21:23,637 INFO  [org.wildfly.extension.undertow] (MSC service thread 1-7) WFLYUT0008: Undertow HTTPS listener https suspending
2025-04-29 17:21:23,639 INFO  [org.wildfly.extension.undertow] (MSC service thread 1-3) WFLYUT0007: Undertow HTTP listener default stopped, was bound to 127.0.0.1:8080
2025-04-29 17:21:23,645 INFO  [org.wildfly.extension.undertow] (MSC service thread 1-7) WFLYUT0007: Undertow HTTPS listener https stopped, was bound to 127.0.0.1:8443
2025-04-29 17:21:23,651 INFO  [org.wildfly.extension.undertow] (MSC service thread 1-1) WFLYUT0004: Undertow 2.2.5.Final stopping
2025-04-29 17:21:23,699 INFO  [org.jboss.as.clustering.infinispan] (ServerService Thread Pool -- 78) WFLYCLINF0003: Stopped http-remoting-connector cache from ejb container
2025-04-29 17:21:23,700 INFO  [org.infinispan.manager.DefaultCacheManager] (ServerService Thread Pool -- 78) Stopping cache manager null on null
2025-04-29 17:21:23,830 INFO  [org.jboss.as.server.deployment] (MSC service thread 1-4) WFLYSRV0028: Stopped deployment thegreatwall.war (runtime-name: thegreatwall.war) in 269ms
2025-04-29 17:21:23,836 INFO  [org.jboss.as] (MSC service thread 1-2) WFLYSRV0050: WildFly Full 23.0.2.Final (WildFly Core 15.0.1.Final) stopped in 274ms
2025-04-29 17:23:26,336 INFO  [org.jboss.modules] (main) JBoss Modules version 1.11.0.Final
2025-04-29 17:23:26,739 INFO  [org.jboss.msc] (main) JBoss MSC version 1.4.12.Final
2025-04-29 17:23:26,755 INFO  [org.jboss.threads] (main) JBoss Threads version 2.4.0.Final
2025-04-29 17:23:26,887 INFO  [org.jboss.as] (MSC service thread 1-2) WFLYSRV0049: WildFly Full 23.0.2.Final (WildFly Core 15.0.1.Final) starting
2025-04-29 17:23:26,889 DEBUG [org.jboss.as.config] (MSC service thread 1-2) Configured system properties:
	awt.toolkit = sun.awt.windows.WToolkit
	file.encoding = MS949
	file.encoding.pkg = sun.io
	file.separator = \
	java.awt.graphicsenv = sun.awt.Win32GraphicsEnvironment
	java.awt.headless = true
	java.awt.printerjob = sun.awt.windows.WPrinterJob
	java.class.path = D:\the_great_wall\the_great_wall_ver_1\thegreatwall\jboss\wildfly-23.0.2.Final\jboss-modules.jar
	java.class.version = 52.0
	java.endorsed.dirs = C:\NANUM\java\openjdk8.0_181(x64)\jre\lib\endorsed
	java.ext.dirs = C:\NANUM\java\openjdk8.0_181(x64)\jre\lib\ext;C:\WINDOWS\Sun\Java\lib\ext
	java.home = C:\NANUM\java\openjdk8.0_181(x64)\jre
	java.io.tmpdir = C:\Users\nanum\AppData\Local\Temp\
	java.library.path = C:\NANUM\java\openjdk8.0_181(x64)\bin;C:\WINDOWS\Sun\Java\bin;C:\WINDOWS\system32;C:\WINDOWS;C:\Program Files\Common Files\Oracle\Java\javapath;C:\Program Files (x86)\Common Files\Oracle\Java\javapath;D:\WINDOWS.X64_193000_db_home\bin;C:\Program Files\Python39\Scripts\;C:\Program Files\Python39\;C:\ProgramData\Oracle\Java\javapath;C:\WINDOWS\system32;C:\WINDOWS;C:\WINDOWS\System32\Wbem;C:\WINDOWS\System32\WindowsPowerShell\v1.0\;C:\WINDOWS\System32\OpenSSH\;C:\Program Files\Intel\WiFi\bin\;C:\Program Files\Common Files\Intel\WirelessCommon\;C:\Program Files (x86)\Intel\Intel(R) Management Engine Components\DAL;C:\Program Files\Intel\Intel(R) Management Engine Components\DAL;C:\Program Files\Git\cmd;C:\Program Files\mingw-w64\x86_64-8.1.0-posix-seh-rt_v6-rev0\mingw64\bin;C:\Apache24\bin;C:\Program Files\MongoDB\Server\4.2\bin;C:\Users\nanum\AppData\Roaming\npm;C:\Program Files\TortoiseSVN\bin;C:\Program Files\OpenVPN\bin;C:\Program Files\Wondershare\Wondershare DemoCreator (Korean);C:\Users\nanum\AppData\Roaming\nvm;C:\Program Files\nodejs;C:\Users\nanum\.cargo\bin;C:\Program Files\MySQL\MySQL Shell 8.0\bin\;C:\Users\nanum\AppData\Local\Programs\Python\Python37\Scripts\;C:\Users\nanum\AppData\Local\Programs\Python\Python37\;C:\Users\nanum\AppData\Local\Microsoft\WindowsApps;C:\Program Files\Bandizip\;C:\Users\nanum\AppData\Local\Programs\Fiddler;C:\Users\nanum\AppData\Local\Microsoft\WindowsApps;C:\NANUM\java\jdk1.8.0_112\bin;C:\NANUM\PORTAL\maven\bin;C:\NANUM\java\openjdk8.0_181(x64)\bin;C:\Microsoft VS Code\bin;C:\Users\nanum\AppData\Roaming\npm;C:\Users\nanum\AppData\Roaming\nvm;C:\Program Files\nodejs;C:\Users\nanum\AppData\Local\Google\Cloud SDK\google-cloud-sdk\bin;.
	java.net.preferIPv4Stack = true
	java.runtime.name = OpenJDK Runtime Environment
	java.runtime.version = 1.8.0_181-1-ojdkbuild-b13
	java.specification.name = Java Platform API Specification
	java.specification.vendor = Oracle Corporation
	java.specification.version = 1.8
	java.util.logging.manager = org.jboss.logmanager.LogManager
	java.vendor = Oracle Corporation
	java.vendor.url = http://java.oracle.com/
	java.vendor.url.bug = http://bugreport.sun.com/bugreport/
	java.version = 1.8.0_181-1-ojdkbuild
	java.vm.info = mixed mode
	java.vm.name = OpenJDK 64-Bit Server VM
	java.vm.specification.name = Java Virtual Machine Specification
	java.vm.specification.vendor = Oracle Corporation
	java.vm.specification.version = 1.8
	java.vm.vendor = Oracle Corporation
	java.vm.version = 25.181-b13
	javax.management.builder.initial = org.jboss.as.jmx.PluggableMBeanServerBuilder
	jboss.home.dir = D:\the_great_wall\the_great_wall_ver_1\thegreatwall\jboss\wildfly-23.0.2.Final
	jboss.host.name = desktop-qr3ra1d
	jboss.modules.dir = D:\the_great_wall\the_great_wall_ver_1\thegreatwall\jboss\wildfly-23.0.2.Final\modules
	jboss.modules.system.pkgs = org.jboss.byteman
	jboss.node.name = desktop-qr3ra1d
	jboss.qualified.host.name = desktop-qr3ra1d
	jboss.server.base.dir = D:\the_great_wall\the_great_wall_ver_1\thegreatwall\jboss\wildfly-23.0.2.Final\standalone
	jboss.server.config.dir = D:\the_great_wall\the_great_wall_ver_1\thegreatwall\jboss\wildfly-23.0.2.Final\standalone\configuration
	jboss.server.data.dir = D:\the_great_wall\the_great_wall_ver_1\thegreatwall\jboss\wildfly-23.0.2.Final\standalone\data
	jboss.server.deploy.dir = D:\the_great_wall\the_great_wall_ver_1\thegreatwall\jboss\wildfly-23.0.2.Final\standalone\data\content
	jboss.server.log.dir = D:\the_great_wall\the_great_wall_ver_1\thegreatwall\jboss\wildfly-23.0.2.Final\standalone\log
	jboss.server.name = desktop-qr3ra1d
	jboss.server.persist.config = true
	jboss.server.temp.dir = D:\the_great_wall\the_great_wall_ver_1\thegreatwall\jboss\wildfly-23.0.2.Final\standalone\tmp
	line.separator = 

	logging.configuration = file:D:\the_great_wall\the_great_wall_ver_1\thegreatwall\jboss\wildfly-23.0.2.Final\standalone\configuration/logging.properties
	module.path = D:\the_great_wall\the_great_wall_ver_1\thegreatwall\jboss\wildfly-23.0.2.Final\modules
	org.jboss.boot.log.file = D:\the_great_wall\the_great_wall_ver_1\thegreatwall\jboss\wildfly-23.0.2.Final\standalone\log\server.log
	org.jboss.resolver.warning = true
	os.arch = amd64
	os.name = Windows 10
	os.version = 10.0
	path.separator = ;
	program.name = standalone.bat
	sun.arch.data.model = 64
	sun.boot.class.path = C:\NANUM\java\openjdk8.0_181(x64)\jre\lib\resources.jar;C:\NANUM\java\openjdk8.0_181(x64)\jre\lib\rt.jar;C:\NANUM\java\openjdk8.0_181(x64)\jre\lib\sunrsasign.jar;C:\NANUM\java\openjdk8.0_181(x64)\jre\lib\jsse.jar;C:\NANUM\java\openjdk8.0_181(x64)\jre\lib\jce.jar;C:\NANUM\java\openjdk8.0_181(x64)\jre\lib\charsets.jar;C:\NANUM\java\openjdk8.0_181(x64)\jre\lib\jfr.jar;C:\NANUM\java\openjdk8.0_181(x64)\jre\classes
	sun.boot.library.path = C:\NANUM\java\openjdk8.0_181(x64)\jre\bin
	sun.cpu.endian = little
	sun.cpu.isalist = amd64
	sun.desktop = windows
	sun.io.unicode.encoding = UnicodeLittle
	sun.java.command = D:\the_great_wall\the_great_wall_ver_1\thegreatwall\jboss\wildfly-23.0.2.Final\jboss-modules.jar -mp D:\the_great_wall\the_great_wall_ver_1\thegreatwall\jboss\wildfly-23.0.2.Final\modules org.jboss.as.standalone -Djboss.home.dir=D:\the_great_wall\the_great_wall_ver_1\thegreatwall\jboss\wildfly-23.0.2.Final
	sun.java.launcher = SUN_STANDARD
	sun.jnu.encoding = MS949
	sun.management.compiler = HotSpot 64-Bit Tiered Compilers
	sun.os.patch.level = 
	sun.stderr.encoding = ms949
	sun.stdout.encoding = ms949
	user.country = KR
	user.dir = D:\the_great_wall\the_great_wall_ver_1\thegreatwall\jboss\wildfly-23.0.2.Final\bin
	user.home = C:\Users\nanum
	user.language = ko
	user.name = nanum
	user.script = 
	user.timezone = Asia/Seoul
	user.variant = 
2025-04-29 17:23:26,890 DEBUG [org.jboss.as.config] (MSC service thread 1-2) VM Arguments: -Dprogram.name=standalone.bat -Xms64M -Xmx512M -XX:MetaspaceSize=96M -XX:MaxMetaspaceSize=256m -Djava.net.preferIPv4Stack=true -Djboss.modules.system.pkgs=org.jboss.byteman -Djava.awt.headless=true -Dorg.jboss.boot.log.file=D:\the_great_wall\the_great_wall_ver_1\thegreatwall\jboss\wildfly-23.0.2.Final\standalone\log\server.log -Dlogging.configuration=file:D:\the_great_wall\the_great_wall_ver_1\thegreatwall\jboss\wildfly-23.0.2.Final\standalone\configuration/logging.properties 
2025-04-29 17:23:27,861 INFO  [org.wildfly.security] (ServerService Thread Pool -- 28) ELY00001: WildFly Elytron version 1.15.3.Final
2025-04-29 17:23:28,109 INFO  [org.jboss.as.controller.management-deprecated] (ServerService Thread Pool -- 33) WFLYCTL0033: Extension 'security' is deprecated and may not be supported in future versions
2025-04-29 17:23:28,383 INFO  [org.jboss.as.controller.management-deprecated] (Controller Boot Thread) WFLYCTL0028: Attribute 'security-realm' in the resource at address '/core-service=management/management-interface=http-interface' is deprecated, and may be removed in a future version. See the attribute description in the output of the read-resource-description operation to learn more about the deprecation.
2025-04-29 17:23:28,408 INFO  [org.jboss.as.controller.management-deprecated] (ServerService Thread Pool -- 29) WFLYCTL0028: Attribute 'security-realm' in the resource at address '/subsystem=undertow/server=default-server/https-listener=https' is deprecated, and may be removed in a future version. See the attribute description in the output of the read-resource-description operation to learn more about the deprecation.
2025-04-29 17:23:28,429 INFO  [org.jboss.as.server.deployment.scanner] (DeploymentScanner-threads - 1) WFLYDS0015: Re-attempting failed deployment thegreatwall.war
2025-04-29 17:23:31,350 INFO  [org.jboss.as.server] (Controller Boot Thread) WFLYSRV0039: Creating http management service using socket-binding (management-http)
2025-04-29 17:23:31,368 INFO  [org.xnio] (MSC service thread 1-1) XNIO version 3.8.4.Final
2025-04-29 17:23:31,378 INFO  [org.xnio.nio] (MSC service thread 1-1) XNIO NIO Implementation Version 3.8.4.Final
2025-04-29 17:23:31,424 WARN  [org.jboss.as.txn] (ServerService Thread Pool -- 74) WFLYTX0013: The node-identifier attribute on the /subsystem=transactions is set to the default value. This is a danger for environments running multiple servers. Please make sure the attribute value is unique.
2025-04-29 17:23:31,424 INFO  [org.wildfly.extension.microprofile.jwt.smallrye._private] (ServerService Thread Pool -- 64) WFLYJWT0001: Activating WildFly MicroProfile JWT Subsystem
2025-04-29 17:23:31,461 INFO  [org.jboss.as.jsf] (ServerService Thread Pool -- 60) WFLYJSF0007: Activated the following Jakarta Server Faces Implementations: [main]
2025-04-29 17:23:31,462 INFO  [org.wildfly.extension.health] (ServerService Thread Pool -- 52) WFLYHEALTH0001: Activating Base Health Subsystem
2025-04-29 17:23:31,462 INFO  [org.jboss.as.security] (ServerService Thread Pool -- 72) WFLYSEC0002: Activating Security Subsystem
2025-04-29 17:23:31,476 INFO  [org.jboss.as.webservices] (ServerService Thread Pool -- 76) WFLYWS0002: Activating WebServices Extension
2025-04-29 17:23:31,479 INFO  [org.jboss.as.naming] (ServerService Thread Pool -- 66) WFLYNAM0001: Activating Naming Subsystem
2025-04-29 17:23:31,486 INFO  [org.wildfly.extension.microprofile.config.smallrye._private] (ServerService Thread Pool -- 63) WFLYCONF0001: Activating WildFly MicroProfile Config Subsystem
2025-04-29 17:23:31,484 INFO  [org.wildfly.extension.io] (ServerService Thread Pool -- 54) WFLYIO001: Worker 'default' has auto-configured to 16 IO threads with 128 max task threads based on your 8 available processors
2025-04-29 17:23:31,493 INFO  [org.jboss.as.jaxrs] (ServerService Thread Pool -- 55) WFLYRS0016: RESTEasy version 3.15.1.Final
2025-04-29 17:23:31,499 INFO  [org.jboss.as.clustering.infinispan] (ServerService Thread Pool -- 53) WFLYCLINF0001: Activating Infinispan subsystem.
2025-04-29 17:23:31,513 INFO  [org.wildfly.extension.microprofile.opentracing] (ServerService Thread Pool -- 65) WFLYTRACEXT0001: Activating MicroProfile OpenTracing Subsystem
2025-04-29 17:23:31,516 INFO  [org.jboss.as.security] (MSC service thread 1-5) WFLYSEC0001: Current PicketBox version=5.0.3.Final-redhat-00007
2025-04-29 17:23:31,571 INFO  [org.wildfly.extension.undertow] (MSC service thread 1-3) WFLYUT0003: Undertow 2.2.5.Final starting
2025-04-29 17:23:31,577 INFO  [org.wildfly.extension.metrics] (ServerService Thread Pool -- 62) WFLYMETRICS0001: Activating Base Metrics Subsystem
2025-04-29 17:23:31,623 INFO  [org.jboss.as.connector.subsystems.datasources] (ServerService Thread Pool -- 44) WFLYJCA0005: Deploying non-JDBC-compliant driver class org.postgresql.Driver (version 42.7)
2025-04-29 17:23:31,684 INFO  [org.jboss.as.connector] (MSC service thread 1-3) WFLYJCA0009: Starting Jakarta Connectors Subsystem (WildFly/IronJacamar 1.4.27.Final)
2025-04-29 17:23:31,916 INFO  [org.jboss.as.connector.deployers.jdbc] (MSC service thread 1-1) WFLYJCA0018: Started Driver service with driver-name = postgres
2025-04-29 17:23:31,931 INFO  [org.jboss.remoting] (MSC service thread 1-4) JBoss Remoting version 5.0.20.Final
2025-04-29 17:23:31,957 INFO  [org.jboss.as.naming] (MSC service thread 1-1) WFLYNAM0003: Starting Naming Service
2025-04-29 17:23:31,994 WARN  [org.wildfly.extension.elytron] (MSC service thread 1-8) WFLYELY00023: KeyStore file 'D:\the_great_wall\the_great_wall_ver_1\thegreatwall\jboss\wildfly-23.0.2.Final\standalone\configuration\application.keystore' does not exist. Used blank.
2025-04-29 17:23:32,030 INFO  [org.jboss.as.mail.extension] (MSC service thread 1-1) WFLYMAIL0001: Bound mail session [java:jboss/mail/Default]
2025-04-29 17:23:32,093 INFO  [org.wildfly.extension.undertow] (ServerService Thread Pool -- 75) WFLYUT0014: Creating file handler for path 'D:\the_great_wall\the_great_wall_ver_1\thegreatwall\jboss\wildfly-23.0.2.Final/welcome-content' with options [directory-listing: 'false', follow-symlink: 'false', case-sensitive: 'true', safe-symlink-paths: '[]']
2025-04-29 17:23:32,151 WARN  [org.wildfly.extension.elytron] (MSC service thread 1-8) WFLYELY01084: KeyStore D:\the_great_wall\the_great_wall_ver_1\thegreatwall\jboss\wildfly-23.0.2.Final\standalone\configuration\application.keystore not found, it will be auto generated on first use with a self-signed certificate for host localhost
2025-04-29 17:23:32,215 INFO  [org.jboss.as.ejb3] (MSC service thread 1-3) WFLYEJB0482: Strict pool mdb-strict-max-pool is using a max instance size of 32 (per class), which is derived from the number of CPUs on this host.
2025-04-29 17:23:32,222 INFO  [org.jboss.as.ejb3] (MSC service thread 1-1) WFLYEJB0481: Strict pool slsb-strict-max-pool is using a max instance size of 128 (per class), which is derived from thread worker pool sizing.
2025-04-29 17:23:32,290 INFO  [org.wildfly.extension.undertow] (MSC service thread 1-4) WFLYUT0012: Started server default-server.
2025-04-29 17:23:32,331 INFO  [org.wildfly.extension.undertow] (MSC service thread 1-1) Queuing requests.
2025-04-29 17:23:32,556 INFO  [org.wildfly.extension.undertow] (MSC service thread 1-1) WFLYUT0018: Host default-host starting
2025-04-29 17:23:32,840 INFO  [org.jboss.as.patching] (MSC service thread 1-1) WFLYPAT0050: WildFly Full cumulative patch ID is: base, one-off patches include: none
2025-04-29 17:23:32,867 WARN  [org.jboss.as.domain.management.security] (MSC service thread 1-1) WFLYDM0111: Keystore D:\the_great_wall\the_great_wall_ver_1\thegreatwall\jboss\wildfly-23.0.2.Final\standalone\configuration\application.keystore not found, it will be auto generated on first use with a self signed certificate for host localhost
2025-04-29 17:23:32,876 INFO  [org.jboss.as.server.deployment.scanner] (MSC service thread 1-4) WFLYDS0013: Started FileSystemDeploymentService for directory D:\the_great_wall\the_great_wall_ver_1\thegreatwall\jboss\wildfly-23.0.2.Final\standalone\deployments
2025-04-29 17:23:32,891 INFO  [org.jboss.as.server.deployment] (MSC service thread 1-8) WFLYSRV0027: Starting deployment of "thegreatwall.war" (runtime-name: "thegreatwall.war")
2025-04-29 17:23:37,284 INFO  [org.wildfly.extension.undertow] (MSC service thread 1-7) WFLYUT0006: Undertow HTTP listener default listening on 127.0.0.1:8080
2025-04-29 17:23:37,288 INFO  [org.wildfly.extension.undertow] (MSC service thread 1-6) WFLYUT0006: Undertow HTTPS listener https listening on 127.0.0.1:8443
2025-04-29 17:23:37,357 INFO  [org.jboss.as.ejb3] (MSC service thread 1-7) WFLYEJB0493: Jakarta Enterprise Beans subsystem suspension complete
2025-04-29 17:23:37,413 INFO  [org.jboss.as.connector.subsystems.datasources.AbstractDataSourceService$AS7DataSourceDeployer] (MSC service thread 1-5) IJ020018: Enabling <validate-on-match> for java:/postgres
2025-04-29 17:23:37,429 INFO  [org.jboss.ws.common.management] (MSC service thread 1-3) JBWS022052: Starting JBossWS 5.4.3.Final (Apache CXF 3.3.10) 
2025-04-29 17:23:37,497 INFO  [org.jboss.as.connector.subsystems.datasources] (MSC service thread 1-6) WFLYJCA0001: Bound data source [java:/postgres]
2025-04-29 17:23:38,259 WARN  [org.jboss.as.ee] (MSC service thread 1-8) WFLYEE0007: Not installing optional component org.springframework.http.server.reactive.ServletHttpHandlerAdapter$HttpHandlerAsyncListener due to an exception (enable DEBUG log level to see the cause)
2025-04-29 17:23:38,265 WARN  [org.jboss.as.ee] (MSC service thread 1-8) WFLYEE0007: Not installing optional component org.springframework.http.server.ServletServerHttpAsyncRequestControl due to an exception (enable DEBUG log level to see the cause)
2025-04-29 17:23:38,267 WARN  [org.jboss.as.ee] (MSC service thread 1-8) WFLYEE0007: Not installing optional component org.springframework.http.server.reactive.ServletServerHttpResponse$ResponseAsyncListener due to an exception (enable DEBUG log level to see the cause)
2025-04-29 17:23:38,269 WARN  [org.jboss.as.ee] (MSC service thread 1-8) WFLYEE0007: Not installing optional component org.springframework.web.context.request.async.StandardServletAsyncWebRequest due to an exception (enable DEBUG log level to see the cause)
2025-04-29 17:23:38,271 WARN  [org.jboss.as.ee] (MSC service thread 1-8) WFLYEE0007: Not installing optional component org.springframework.http.server.reactive.ServletServerHttpRequest$RequestAsyncListener due to an exception (enable DEBUG log level to see the cause)
2025-04-29 17:23:38,388 INFO  [org.jboss.as.connector.deployers.jdbc] (MSC service thread 1-8) WFLYJCA0005: Deploying non-JDBC-compliant driver class org.postgresql.Driver (version 42.2)
2025-04-29 17:23:38,468 INFO  [org.jboss.as.connector.deployers.jdbc] (MSC service thread 1-6) WFLYJCA0018: Started Driver service with driver-name = thegreatwall.war_org.postgresql.Driver_42_2
2025-04-29 17:23:38,700 INFO  [org.infinispan.CONTAINER] (ServerService Thread Pool -- 78) ISPN000128: Infinispan version: Infinispan 'Corona Extra' 11.0.9.Final
2025-04-29 17:23:38,759 INFO  [org.infinispan.CONFIG] (MSC service thread 1-6) ISPN000152: Passivation configured without an eviction policy being selected. Only manually evicted entities will be passivated.
2025-04-29 17:23:38,762 INFO  [org.infinispan.CONFIG] (MSC service thread 1-6) ISPN000152: Passivation configured without an eviction policy being selected. Only manually evicted entities will be passivated.
2025-04-29 17:23:38,865 INFO  [org.infinispan.PERSISTENCE] (ServerService Thread Pool -- 78) ISPN000556: Starting user marshaller 'org.wildfly.clustering.infinispan.spi.marshalling.InfinispanProtoStreamMarshaller'
2025-04-29 17:23:39,086 INFO  [org.jboss.as.clustering.infinispan] (ServerService Thread Pool -- 78) WFLYCLINF0002: Started http-remoting-connector cache from ejb container
2025-04-29 17:23:39,131 ERROR [org.jboss.as.controller.management-operation] (Controller Boot Thread) WFLYCTL0013: Operation ("deploy") failed - address: ([("deployment" => "thegreatwall.war")]) - failure description: {
    "WFLYCTL0412: Required services that are not installed:" => ["jboss.naming.context.java.jboss.datasources.ExampleDS"],
    "WFLYCTL0180: Services with missing/unavailable dependencies" => ["jboss.naming.context.java.module.thegreatwall.thegreatwall.DefaultDataSource is missing [jboss.naming.context.java.jboss.datasources.ExampleDS]"]
}
2025-04-29 17:23:39,207 INFO  [org.jboss.as.server] (ServerService Thread Pool -- 45) WFLYSRV0010: Deployed "thegreatwall.war" (runtime-name : "thegreatwall.war")
2025-04-29 17:23:39,209 INFO  [org.jboss.as.controller] (Controller Boot Thread) WFLYCTL0183: Service status report
WFLYCTL0184:    New missing/unsatisfied dependencies:
      service jboss.naming.context.java.jboss.datasources.ExampleDS (missing) dependents: [service jboss.naming.context.java.module.thegreatwall.thegreatwall.DefaultDataSource] 
WFLYCTL0448: 8 additional services are down due to their dependencies being missing or failed
2025-04-29 17:23:39,260 INFO  [org.jboss.as.server] (Controller Boot Thread) WFLYSRV0212: Resuming server
2025-04-29 17:23:39,264 ERROR [org.jboss.as] (Controller Boot Thread) WFLYSRV0026: WildFly Full 23.0.2.Final (WildFly Core 15.0.1.Final) started (with errors) in 13371ms - Started 419 of 631 services (9 services failed or missing dependencies, 349 services are lazy, passive or on-demand)
2025-04-29 17:23:39,267 INFO  [org.jboss.as] (Controller Boot Thread) WFLYSRV0060: Http management interface listening on http://127.0.0.1:9990/management
2025-04-29 17:23:39,268 INFO  [org.jboss.as] (Controller Boot Thread) WFLYSRV0051: Admin console listening on http://127.0.0.1:9990
2025-04-29 17:25:44,885 INFO  [org.jboss.as.repository] (DeploymentScanner-threads - 1) WFLYDR0001: Content added at location D:\the_great_wall\the_great_wall_ver_1\thegreatwall\jboss\wildfly-23.0.2.Final\standalone\data\content\30\f57ad5558df4d1b6193000a5294ba8884fbf76\content
2025-04-29 17:25:44,895 INFO  [org.jboss.as.connector.deployers.jdbc] (MSC service thread 1-6) WFLYJCA0019: Stopped Driver service with driver-name = thegreatwall.war_org.postgresql.Driver_42_2
2025-04-29 17:25:45,194 INFO  [org.jboss.as.server.deployment] (MSC service thread 1-6) WFLYSRV0028: Stopped deployment thegreatwall.war (runtime-name: thegreatwall.war) in 303ms
2025-04-29 17:25:45,200 INFO  [org.jboss.as.server.deployment] (MSC service thread 1-5) WFLYSRV0027: Starting deployment of "thegreatwall.war" (runtime-name: "thegreatwall.war")
2025-04-29 17:25:48,481 WARN  [org.jboss.as.ee] (MSC service thread 1-3) WFLYEE0007: Not installing optional component org.springframework.http.server.reactive.ServletHttpHandlerAdapter$HttpHandlerAsyncListener due to an exception (enable DEBUG log level to see the cause)
2025-04-29 17:25:48,483 WARN  [org.jboss.as.ee] (MSC service thread 1-3) WFLYEE0007: Not installing optional component org.springframework.http.server.ServletServerHttpAsyncRequestControl due to an exception (enable DEBUG log level to see the cause)
2025-04-29 17:25:48,484 WARN  [org.jboss.as.ee] (MSC service thread 1-3) WFLYEE0007: Not installing optional component org.springframework.http.server.reactive.ServletServerHttpResponse$ResponseAsyncListener due to an exception (enable DEBUG log level to see the cause)
2025-04-29 17:25:48,486 WARN  [org.jboss.as.ee] (MSC service thread 1-3) WFLYEE0007: Not installing optional component org.springframework.web.context.request.async.StandardServletAsyncWebRequest due to an exception (enable DEBUG log level to see the cause)
2025-04-29 17:25:48,487 WARN  [org.jboss.as.ee] (MSC service thread 1-3) WFLYEE0007: Not installing optional component org.springframework.http.server.reactive.ServletServerHttpRequest$RequestAsyncListener due to an exception (enable DEBUG log level to see the cause)
2025-04-29 17:25:48,510 INFO  [org.jboss.as.connector.deployers.jdbc] (MSC service thread 1-3) WFLYJCA0005: Deploying non-JDBC-compliant driver class org.postgresql.Driver (version 42.2)
2025-04-29 17:25:48,539 INFO  [org.jboss.as.connector.deployers.jdbc] (MSC service thread 1-3) WFLYJCA0018: Started Driver service with driver-name = thegreatwall.war_org.postgresql.Driver_42_2
2025-04-29 17:25:48,546 ERROR [org.jboss.as.controller.management-operation] (DeploymentScanner-threads - 1) WFLYCTL0013: Operation ("full-replace-deployment") failed - address: ([]) - failure description: {
    "WFLYCTL0412: Required services that are not installed:" => ["jboss.naming.context.java.jboss.datasources.ExampleDS"],
    "WFLYCTL0180: Services with missing/unavailable dependencies" => ["jboss.naming.context.java.module.thegreatwall.thegreatwall.DefaultDataSource is missing [jboss.naming.context.java.jboss.datasources.ExampleDS]"]
}
2025-04-29 17:25:48,672 INFO  [org.jboss.as.server] (DeploymentScanner-threads - 1) WFLYSRV0016: Replaced deployment "thegreatwall.war" with deployment "thegreatwall.war"
2025-04-29 17:25:48,695 INFO  [org.jboss.as.repository] (DeploymentScanner-threads - 1) WFLYDR0002: Content removed from location D:\the_great_wall\the_great_wall_ver_1\thegreatwall\jboss\wildfly-23.0.2.Final\standalone\data\content\1f\95fbae14e62de9b5f21af32c9ee9241406aa4e\content
2025-04-29 17:31:52,862 WARN  [org.jboss.jca.core.connectionmanager.pool.strategy.OnePool] (External Management Request Threads -- 3) IJ000604: Throwable while attempting to get a new connection: null: javax.resource.ResourceException: IJ031084: Unable to create connection
	at org.jboss.jca.adapters.jdbc.local.LocalManagedConnectionFactory.createLocalManagedConnection(LocalManagedConnectionFactory.java:345)
	at org.jboss.jca.adapters.jdbc.local.LocalManagedConnectionFactory.getLocalManagedConnection(LocalManagedConnectionFactory.java:352)
	at org.jboss.jca.adapters.jdbc.local.LocalManagedConnectionFactory.createManagedConnection(LocalManagedConnectionFactory.java:287)
	at org.jboss.jca.core.connectionmanager.pool.mcp.SemaphoreConcurrentLinkedDequeManagedConnectionPool.createConnectionEventListener(SemaphoreConcurrentLinkedDequeManagedConnectionPool.java:1322)
	at org.jboss.jca.core.connectionmanager.pool.mcp.SemaphoreConcurrentLinkedDequeManagedConnectionPool.getConnection(SemaphoreConcurrentLinkedDequeManagedConnectionPool.java:499)
	at org.jboss.jca.core.connectionmanager.pool.AbstractPool.internalTestConnection(AbstractPool.java:1067)
	at org.jboss.jca.core.connectionmanager.pool.strategy.OnePool.testConnection(OnePool.java:93)
	at org.jboss.as.connector.subsystems.common.pool.PoolOperations$TestConnectionInPool.invokeCommandOn(PoolOperations.java:240)
	at org.jboss.as.connector.subsystems.common.pool.PoolOperations$1.execute(PoolOperations.java:97)
	at org.jboss.as.controller.AbstractOperationContext.executeStep(AbstractOperationContext.java:1040)
	at org.jboss.as.controller.AbstractOperationContext.processStages(AbstractOperationContext.java:779)
	at org.jboss.as.controller.AbstractOperationContext.executeOperation(AbstractOperationContext.java:468)
	at org.jboss.as.controller.OperationContextImpl.executeOperation(OperationContextImpl.java:1415)
	at org.jboss.as.controller.ModelControllerImpl.internalExecute(ModelControllerImpl.java:431)
	at org.jboss.as.controller.ModelControllerImpl.lambda$execute$1(ModelControllerImpl.java:248)
	at org.wildfly.security.auth.server.SecurityIdentity.runAs(SecurityIdentity.java:304)
	at org.wildfly.security.auth.server.SecurityIdentity.runAs(SecurityIdentity.java:270)
	at org.jboss.as.controller.ModelControllerImpl.execute(ModelControllerImpl.java:248)
	at org.jboss.as.domain.http.server.DomainApiHandler.handleRequest(DomainApiHandler.java:212)
	at io.undertow.server.handlers.encoding.EncodingHandler.handleRequest(EncodingHandler.java:72)
	at org.jboss.as.domain.http.server.DomainApiCheckHandler.handleRequest(DomainApiCheckHandler.java:91)
	at org.jboss.as.domain.http.server.security.ElytronIdentityHandler.lambda$handleRequest$0(ElytronIdentityHandler.java:62)
	at org.wildfly.security.auth.server.SecurityIdentity.runAs(SecurityIdentity.java:328)
	at org.wildfly.security.auth.server.SecurityIdentity.runAs(SecurityIdentity.java:285)
	at org.jboss.as.controller.AccessAuditContext.doAs(AccessAuditContext.java:254)
	at org.jboss.as.controller.AccessAuditContext.doAs(AccessAuditContext.java:225)
	at org.jboss.as.domain.http.server.security.ElytronIdentityHandler.handleRequest(ElytronIdentityHandler.java:61)
	at io.undertow.server.handlers.BlockingHandler.handleRequest(BlockingHandler.java:56)
	at io.undertow.server.Connectors.executeRootHandler(Connectors.java:387)
	at io.undertow.server.HttpServerExchange$1.run(HttpServerExchange.java:841)
	at org.jboss.threads.ContextClassLoaderSavingRunnable.run(ContextClassLoaderSavingRunnable.java:35)
	at org.jboss.threads.EnhancedQueueExecutor.safeRun(EnhancedQueueExecutor.java:1990)
	at org.jboss.threads.EnhancedQueueExecutor$ThreadBody.doRunTask(EnhancedQueueExecutor.java:1486)
	at org.jboss.threads.EnhancedQueueExecutor$ThreadBody.run(EnhancedQueueExecutor.java:1377)
	at java.lang.Thread.run(Thread.java:748)
	at org.jboss.threads.JBossThread.run(JBossThread.java:513)
Caused by: org.postgresql.util.PSQLException: The connection attempt failed.
	at org.postgresql.core.v3.ConnectionFactoryImpl.openConnectionImpl(ConnectionFactoryImpl.java:364)
	at org.postgresql.core.ConnectionFactory.openConnection(ConnectionFactory.java:54)
	at org.postgresql.jdbc.PgConnection.<init>(PgConnection.java:273)
	at org.postgresql.Driver.makeConnection(Driver.java:446)
	at org.postgresql.Driver.connect(Driver.java:298)
	at org.jboss.jca.adapters.jdbc.local.LocalManagedConnectionFactory.createLocalManagedConnection(LocalManagedConnectionFactory.java:321)
	... 35 more
Caused by: java.net.SocketTimeoutException: connect timed out
	at java.net.TwoStacksPlainSocketImpl.socketConnect(Native Method)
	at java.net.AbstractPlainSocketImpl.doConnect(AbstractPlainSocketImpl.java:350)
	at java.net.AbstractPlainSocketImpl.connectToAddress(AbstractPlainSocketImpl.java:206)
	at java.net.AbstractPlainSocketImpl.connect(AbstractPlainSocketImpl.java:188)
	at java.net.PlainSocketImpl.connect(PlainSocketImpl.java:172)
	at java.net.SocksSocketImpl.connect(SocksSocketImpl.java:392)
	at java.net.Socket.connect(Socket.java:589)
	at org.postgresql.core.PGStream.createSocket(PGStream.java:260)
	at org.postgresql.core.PGStream.<init>(PGStream.java:121)
	at org.postgresql.core.v3.ConnectionFactoryImpl.tryConnect(ConnectionFactoryImpl.java:140)
	at org.postgresql.core.v3.ConnectionFactoryImpl.openConnectionImpl(ConnectionFactoryImpl.java:268)
	... 40 more

2025-04-29 17:31:52,874 ERROR [org.jboss.as.controller.management-operation] (External Management Request Threads -- 3) WFLYCTL0013: Operation ("test-connection-in-pool") failed - address: ([
    ("subsystem" => "datasources"),
    ("data-source" => "PostgreSQLPool")
]) - failure description: "WFLYJCA0040: failed to invoke operation: WFLYJCA0047: Connection is not valid"
2025-04-29 17:32:02,880 WARN  [org.jboss.jca.core.connectionmanager.pool.strategy.OnePool] (External Management Request Threads -- 1) IJ000604: Throwable while attempting to get a new connection: null: javax.resource.ResourceException: IJ031084: Unable to create connection
	at org.jboss.jca.adapters.jdbc.local.LocalManagedConnectionFactory.createLocalManagedConnection(LocalManagedConnectionFactory.java:345)
	at org.jboss.jca.adapters.jdbc.local.LocalManagedConnectionFactory.getLocalManagedConnection(LocalManagedConnectionFactory.java:352)
	at org.jboss.jca.adapters.jdbc.local.LocalManagedConnectionFactory.createManagedConnection(LocalManagedConnectionFactory.java:287)
	at org.jboss.jca.core.connectionmanager.pool.mcp.SemaphoreConcurrentLinkedDequeManagedConnectionPool.createConnectionEventListener(SemaphoreConcurrentLinkedDequeManagedConnectionPool.java:1322)
	at org.jboss.jca.core.connectionmanager.pool.mcp.SemaphoreConcurrentLinkedDequeManagedConnectionPool.getConnection(SemaphoreConcurrentLinkedDequeManagedConnectionPool.java:499)
	at org.jboss.jca.core.connectionmanager.pool.AbstractPool.internalTestConnection(AbstractPool.java:1067)
	at org.jboss.jca.core.connectionmanager.pool.strategy.OnePool.testConnection(OnePool.java:93)
	at org.jboss.as.connector.subsystems.common.pool.PoolOperations$TestConnectionInPool.invokeCommandOn(PoolOperations.java:240)
	at org.jboss.as.connector.subsystems.common.pool.PoolOperations$1.execute(PoolOperations.java:97)
	at org.jboss.as.controller.AbstractOperationContext.executeStep(AbstractOperationContext.java:1040)
	at org.jboss.as.controller.AbstractOperationContext.processStages(AbstractOperationContext.java:779)
	at org.jboss.as.controller.AbstractOperationContext.executeOperation(AbstractOperationContext.java:468)
	at org.jboss.as.controller.OperationContextImpl.executeOperation(OperationContextImpl.java:1415)
	at org.jboss.as.controller.ModelControllerImpl.internalExecute(ModelControllerImpl.java:431)
	at org.jboss.as.controller.ModelControllerImpl.lambda$execute$1(ModelControllerImpl.java:248)
	at org.wildfly.security.auth.server.SecurityIdentity.runAs(SecurityIdentity.java:304)
	at org.wildfly.security.auth.server.SecurityIdentity.runAs(SecurityIdentity.java:270)
	at org.jboss.as.controller.ModelControllerImpl.execute(ModelControllerImpl.java:248)
	at org.jboss.as.domain.http.server.DomainApiHandler.handleRequest(DomainApiHandler.java:212)
	at io.undertow.server.handlers.encoding.EncodingHandler.handleRequest(EncodingHandler.java:72)
	at org.jboss.as.domain.http.server.DomainApiCheckHandler.handleRequest(DomainApiCheckHandler.java:91)
	at org.jboss.as.domain.http.server.security.ElytronIdentityHandler.lambda$handleRequest$0(ElytronIdentityHandler.java:62)
	at org.wildfly.security.auth.server.SecurityIdentity.runAs(SecurityIdentity.java:328)
	at org.wildfly.security.auth.server.SecurityIdentity.runAs(SecurityIdentity.java:285)
	at org.jboss.as.controller.AccessAuditContext.doAs(AccessAuditContext.java:254)
	at org.jboss.as.controller.AccessAuditContext.doAs(AccessAuditContext.java:225)
	at org.jboss.as.domain.http.server.security.ElytronIdentityHandler.handleRequest(ElytronIdentityHandler.java:61)
	at io.undertow.server.handlers.BlockingHandler.handleRequest(BlockingHandler.java:56)
	at io.undertow.server.Connectors.executeRootHandler(Connectors.java:387)
	at io.undertow.server.HttpServerExchange$1.run(HttpServerExchange.java:841)
	at org.jboss.threads.ContextClassLoaderSavingRunnable.run(ContextClassLoaderSavingRunnable.java:35)
	at org.jboss.threads.EnhancedQueueExecutor.safeRun(EnhancedQueueExecutor.java:1990)
	at org.jboss.threads.EnhancedQueueExecutor$ThreadBody.doRunTask(EnhancedQueueExecutor.java:1486)
	at org.jboss.threads.EnhancedQueueExecutor$ThreadBody.run(EnhancedQueueExecutor.java:1377)
	at java.lang.Thread.run(Thread.java:748)
	at org.jboss.threads.JBossThread.run(JBossThread.java:513)
Caused by: org.postgresql.util.PSQLException: The connection attempt failed.
	at org.postgresql.core.v3.ConnectionFactoryImpl.openConnectionImpl(ConnectionFactoryImpl.java:364)
	at org.postgresql.core.ConnectionFactory.openConnection(ConnectionFactory.java:54)
	at org.postgresql.jdbc.PgConnection.<init>(PgConnection.java:273)
	at org.postgresql.Driver.makeConnection(Driver.java:446)
	at org.postgresql.Driver.connect(Driver.java:298)
	at org.jboss.jca.adapters.jdbc.local.LocalManagedConnectionFactory.createLocalManagedConnection(LocalManagedConnectionFactory.java:321)
	... 35 more
Caused by: java.net.SocketTimeoutException: connect timed out
	at java.net.TwoStacksPlainSocketImpl.socketConnect(Native Method)
	at java.net.AbstractPlainSocketImpl.doConnect(AbstractPlainSocketImpl.java:350)
	at java.net.AbstractPlainSocketImpl.connectToAddress(AbstractPlainSocketImpl.java:206)
	at java.net.AbstractPlainSocketImpl.connect(AbstractPlainSocketImpl.java:188)
	at java.net.PlainSocketImpl.connect(PlainSocketImpl.java:172)
	at java.net.SocksSocketImpl.connect(SocksSocketImpl.java:392)
	at java.net.Socket.connect(Socket.java:589)
	at org.postgresql.core.PGStream.createSocket(PGStream.java:260)
	at org.postgresql.core.PGStream.<init>(PGStream.java:121)
	at org.postgresql.core.v3.ConnectionFactoryImpl.tryConnect(ConnectionFactoryImpl.java:140)
	at org.postgresql.core.v3.ConnectionFactoryImpl.openConnectionImpl(ConnectionFactoryImpl.java:268)
	... 40 more

2025-04-29 17:32:02,886 ERROR [org.jboss.as.controller.management-operation] (External Management Request Threads -- 1) WFLYCTL0013: Operation ("test-connection-in-pool") failed - address: ([
    ("subsystem" => "datasources"),
    ("data-source" => "PostgreSQLPool")
]) - failure description: "WFLYJCA0040: failed to invoke operation: WFLYJCA0047: Connection is not valid"
2025-04-29 17:33:27,433 INFO  [org.jboss.as.repository] (ServerService Thread Pool -- 41) WFLYDR0009: Content D:\the_great_wall\the_great_wall_ver_1\thegreatwall\jboss\wildfly-23.0.2.Final\standalone\data\content\59\ef8d1d5816a30f016b2fe0a97ea35c5ad2d892 is obsolete and will be removed
2025-04-29 17:33:27,437 INFO  [org.jboss.as.repository] (ServerService Thread Pool -- 41) WFLYDR0002: Content removed from location D:\the_great_wall\the_great_wall_ver_1\thegreatwall\jboss\wildfly-23.0.2.Final\standalone\data\content\59\ef8d1d5816a30f016b2fe0a97ea35c5ad2d892\content
2025-04-29 17:33:27,438 INFO  [org.jboss.as.repository] (ServerService Thread Pool -- 41) WFLYDR0009: Content D:\the_great_wall\the_great_wall_ver_1\thegreatwall\jboss\wildfly-23.0.2.Final\standalone\data\content\01\c8cd6f6e1a0806a96bb93b30df6770dc18a829 is obsolete and will be removed
2025-04-29 17:33:27,444 INFO  [org.jboss.as.repository] (ServerService Thread Pool -- 41) WFLYDR0002: Content removed from location D:\the_great_wall\the_great_wall_ver_1\thegreatwall\jboss\wildfly-23.0.2.Final\standalone\data\content\01\c8cd6f6e1a0806a96bb93b30df6770dc18a829\content
2025-04-29 17:34:26,745 WARN  [org.jboss.jca.core.connectionmanager.pool.strategy.OnePool] (External Management Request Threads -- 1) IJ000604: Throwable while attempting to get a new connection: null: javax.resource.ResourceException: IJ031084: Unable to create connection
	at org.jboss.jca.adapters.jdbc.local.LocalManagedConnectionFactory.createLocalManagedConnection(LocalManagedConnectionFactory.java:345)
	at org.jboss.jca.adapters.jdbc.local.LocalManagedConnectionFactory.getLocalManagedConnection(LocalManagedConnectionFactory.java:352)
	at org.jboss.jca.adapters.jdbc.local.LocalManagedConnectionFactory.createManagedConnection(LocalManagedConnectionFactory.java:287)
	at org.jboss.jca.core.connectionmanager.pool.mcp.SemaphoreConcurrentLinkedDequeManagedConnectionPool.createConnectionEventListener(SemaphoreConcurrentLinkedDequeManagedConnectionPool.java:1322)
	at org.jboss.jca.core.connectionmanager.pool.mcp.SemaphoreConcurrentLinkedDequeManagedConnectionPool.getConnection(SemaphoreConcurrentLinkedDequeManagedConnectionPool.java:499)
	at org.jboss.jca.core.connectionmanager.pool.AbstractPool.internalTestConnection(AbstractPool.java:1067)
	at org.jboss.jca.core.connectionmanager.pool.strategy.OnePool.testConnection(OnePool.java:93)
	at org.jboss.as.connector.subsystems.common.pool.PoolOperations$TestConnectionInPool.invokeCommandOn(PoolOperations.java:240)
	at org.jboss.as.connector.subsystems.common.pool.PoolOperations$1.execute(PoolOperations.java:97)
	at org.jboss.as.controller.AbstractOperationContext.executeStep(AbstractOperationContext.java:1040)
	at org.jboss.as.controller.AbstractOperationContext.processStages(AbstractOperationContext.java:779)
	at org.jboss.as.controller.AbstractOperationContext.executeOperation(AbstractOperationContext.java:468)
	at org.jboss.as.controller.OperationContextImpl.executeOperation(OperationContextImpl.java:1415)
	at org.jboss.as.controller.ModelControllerImpl.internalExecute(ModelControllerImpl.java:431)
	at org.jboss.as.controller.ModelControllerImpl.lambda$execute$1(ModelControllerImpl.java:248)
	at org.wildfly.security.auth.server.SecurityIdentity.runAs(SecurityIdentity.java:304)
	at org.wildfly.security.auth.server.SecurityIdentity.runAs(SecurityIdentity.java:270)
	at org.jboss.as.controller.ModelControllerImpl.execute(ModelControllerImpl.java:248)
	at org.jboss.as.domain.http.server.DomainApiHandler.handleRequest(DomainApiHandler.java:212)
	at io.undertow.server.handlers.encoding.EncodingHandler.handleRequest(EncodingHandler.java:72)
	at org.jboss.as.domain.http.server.DomainApiCheckHandler.handleRequest(DomainApiCheckHandler.java:91)
	at org.jboss.as.domain.http.server.security.ElytronIdentityHandler.lambda$handleRequest$0(ElytronIdentityHandler.java:62)
	at org.wildfly.security.auth.server.SecurityIdentity.runAs(SecurityIdentity.java:328)
	at org.wildfly.security.auth.server.SecurityIdentity.runAs(SecurityIdentity.java:285)
	at org.jboss.as.controller.AccessAuditContext.doAs(AccessAuditContext.java:254)
	at org.jboss.as.controller.AccessAuditContext.doAs(AccessAuditContext.java:225)
	at org.jboss.as.domain.http.server.security.ElytronIdentityHandler.handleRequest(ElytronIdentityHandler.java:61)
	at io.undertow.server.handlers.BlockingHandler.handleRequest(BlockingHandler.java:56)
	at io.undertow.server.Connectors.executeRootHandler(Connectors.java:387)
	at io.undertow.server.HttpServerExchange$1.run(HttpServerExchange.java:841)
	at org.jboss.threads.ContextClassLoaderSavingRunnable.run(ContextClassLoaderSavingRunnable.java:35)
	at org.jboss.threads.EnhancedQueueExecutor.safeRun(EnhancedQueueExecutor.java:1990)
	at org.jboss.threads.EnhancedQueueExecutor$ThreadBody.doRunTask(EnhancedQueueExecutor.java:1486)
	at org.jboss.threads.EnhancedQueueExecutor$ThreadBody.run(EnhancedQueueExecutor.java:1377)
	at java.lang.Thread.run(Thread.java:748)
	at org.jboss.threads.JBossThread.run(JBossThread.java:513)
Caused by: org.postgresql.util.PSQLException: 치명적오류: 사용자 "the_great_wall"의 password 인증을 실패했습니다
	at org.postgresql.core.v3.ConnectionFactoryImpl.doAuthentication(ConnectionFactoryImpl.java:711)
	at org.postgresql.core.v3.ConnectionFactoryImpl.tryConnect(ConnectionFactoryImpl.java:213)
	at org.postgresql.core.v3.ConnectionFactoryImpl.openConnectionImpl(ConnectionFactoryImpl.java:268)
	at org.postgresql.core.ConnectionFactory.openConnection(ConnectionFactory.java:54)
	at org.postgresql.jdbc.PgConnection.<init>(PgConnection.java:273)
	at org.postgresql.Driver.makeConnection(Driver.java:446)
	at org.postgresql.Driver.connect(Driver.java:298)
	at org.jboss.jca.adapters.jdbc.local.LocalManagedConnectionFactory.createLocalManagedConnection(LocalManagedConnectionFactory.java:321)
	... 35 more

2025-04-29 17:34:26,754 ERROR [org.jboss.as.controller.management-operation] (External Management Request Threads -- 1) WFLYCTL0013: Operation ("test-connection-in-pool") failed - address: ([
    ("subsystem" => "datasources"),
    ("data-source" => "PostgreSQLPool")
]) - failure description: "WFLYJCA0040: failed to invoke operation: WFLYJCA0047: Connection is not valid"
2025-04-29 17:38:52,682 INFO  [org.jboss.as.server] (Thread-2) WFLYSRV0272: Suspending server
2025-04-29 17:38:52,684 INFO  [org.jboss.as.ejb3] (Thread-2) WFLYEJB0493: Jakarta Enterprise Beans subsystem suspension complete
2025-04-29 17:38:52,686 INFO  [org.jboss.as.server] (Thread-2) WFLYSRV0220: Server shutdown has been requested via an OS signal
2025-04-29 17:38:52,690 INFO  [org.jboss.as.connector.subsystems.datasources] (MSC service thread 1-1) WFLYJCA0010: Unbound data source [java:/postgres]
2025-04-29 17:38:52,691 INFO  [org.jboss.as.connector.deployers.jdbc] (MSC service thread 1-8) WFLYJCA0019: Stopped Driver service with driver-name = thegreatwall.war_org.postgresql.Driver_42_2
2025-04-29 17:38:52,710 INFO  [org.jboss.as.mail.extension] (MSC service thread 1-6) WFLYMAIL0002: Unbound mail session [java:jboss/mail/Default]
2025-04-29 17:38:52,710 INFO  [org.wildfly.extension.undertow] (MSC service thread 1-4) WFLYUT0019: Host default-host stopping
2025-04-29 17:38:52,724 INFO  [org.jboss.as.connector.deployers.jdbc] (MSC service thread 1-6) WFLYJCA0019: Stopped Driver service with driver-name = postgres
2025-04-29 17:38:52,733 INFO  [org.wildfly.extension.undertow] (MSC service thread 1-3) WFLYUT0008: Undertow HTTPS listener https suspending
2025-04-29 17:38:52,736 INFO  [org.wildfly.extension.undertow] (MSC service thread 1-3) WFLYUT0007: Undertow HTTPS listener https stopped, was bound to 127.0.0.1:8443
2025-04-29 17:38:52,738 INFO  [org.wildfly.extension.undertow] (MSC service thread 1-8) WFLYUT0008: Undertow HTTP listener default suspending
2025-04-29 17:38:52,742 INFO  [org.wildfly.extension.undertow] (MSC service thread 1-8) WFLYUT0007: Undertow HTTP listener default stopped, was bound to 127.0.0.1:8080
2025-04-29 17:38:52,745 INFO  [org.wildfly.extension.undertow] (MSC service thread 1-3) WFLYUT0004: Undertow 2.2.5.Final stopping
2025-04-29 17:38:52,829 INFO  [org.jboss.as.clustering.infinispan] (ServerService Thread Pool -- 81) WFLYCLINF0003: Stopped http-remoting-connector cache from ejb container
2025-04-29 17:38:52,831 INFO  [org.infinispan.manager.DefaultCacheManager] (ServerService Thread Pool -- 81) Stopping cache manager null on null
2025-04-29 17:38:52,931 INFO  [org.jboss.as.server.deployment] (MSC service thread 1-1) WFLYSRV0028: Stopped deployment thegreatwall.war (runtime-name: thegreatwall.war) in 242ms
2025-04-29 17:38:52,936 INFO  [org.jboss.as] (MSC service thread 1-6) WFLYSRV0050: WildFly Full 23.0.2.Final (WildFly Core 15.0.1.Final) stopped in 247ms
2025-04-29 17:38:59,462 INFO  [org.jboss.modules] (main) JBoss Modules version 1.11.0.Final
2025-04-29 17:38:59,861 INFO  [org.jboss.msc] (main) JBoss MSC version 1.4.12.Final
2025-04-29 17:38:59,874 INFO  [org.jboss.threads] (main) JBoss Threads version 2.4.0.Final
2025-04-29 17:38:59,985 INFO  [org.jboss.as] (MSC service thread 1-1) WFLYSRV0049: WildFly Full 23.0.2.Final (WildFly Core 15.0.1.Final) starting
2025-04-29 17:38:59,987 DEBUG [org.jboss.as.config] (MSC service thread 1-1) Configured system properties:
	awt.toolkit = sun.awt.windows.WToolkit
	file.encoding = MS949
	file.encoding.pkg = sun.io
	file.separator = \
	java.awt.graphicsenv = sun.awt.Win32GraphicsEnvironment
	java.awt.headless = true
	java.awt.printerjob = sun.awt.windows.WPrinterJob
	java.class.path = D:\the_great_wall\the_great_wall_ver_1\thegreatwall\jboss\wildfly-23.0.2.Final\jboss-modules.jar
	java.class.version = 52.0
	java.endorsed.dirs = C:\NANUM\java\openjdk8.0_181(x64)\jre\lib\endorsed
	java.ext.dirs = C:\NANUM\java\openjdk8.0_181(x64)\jre\lib\ext;C:\WINDOWS\Sun\Java\lib\ext
	java.home = C:\NANUM\java\openjdk8.0_181(x64)\jre
	java.io.tmpdir = C:\Users\nanum\AppData\Local\Temp\
	java.library.path = C:\NANUM\java\openjdk8.0_181(x64)\bin;C:\WINDOWS\Sun\Java\bin;C:\WINDOWS\system32;C:\WINDOWS;C:\Program Files\Common Files\Oracle\Java\javapath;C:\Program Files (x86)\Common Files\Oracle\Java\javapath;D:\WINDOWS.X64_193000_db_home\bin;C:\Program Files\Python39\Scripts\;C:\Program Files\Python39\;C:\ProgramData\Oracle\Java\javapath;C:\WINDOWS\system32;C:\WINDOWS;C:\WINDOWS\System32\Wbem;C:\WINDOWS\System32\WindowsPowerShell\v1.0\;C:\WINDOWS\System32\OpenSSH\;C:\Program Files\Intel\WiFi\bin\;C:\Program Files\Common Files\Intel\WirelessCommon\;C:\Program Files (x86)\Intel\Intel(R) Management Engine Components\DAL;C:\Program Files\Intel\Intel(R) Management Engine Components\DAL;C:\Program Files\Git\cmd;C:\Program Files\mingw-w64\x86_64-8.1.0-posix-seh-rt_v6-rev0\mingw64\bin;C:\Apache24\bin;C:\Program Files\MongoDB\Server\4.2\bin;C:\Users\nanum\AppData\Roaming\npm;C:\Program Files\TortoiseSVN\bin;C:\Program Files\OpenVPN\bin;C:\Program Files\Wondershare\Wondershare DemoCreator (Korean);C:\Users\nanum\AppData\Roaming\nvm;C:\Program Files\nodejs;C:\Users\nanum\.cargo\bin;C:\Program Files\MySQL\MySQL Shell 8.0\bin\;C:\Users\nanum\AppData\Local\Programs\Python\Python37\Scripts\;C:\Users\nanum\AppData\Local\Programs\Python\Python37\;C:\Users\nanum\AppData\Local\Microsoft\WindowsApps;C:\Program Files\Bandizip\;C:\Users\nanum\AppData\Local\Programs\Fiddler;C:\Users\nanum\AppData\Local\Microsoft\WindowsApps;C:\NANUM\java\jdk1.8.0_112\bin;C:\NANUM\PORTAL\maven\bin;C:\NANUM\java\openjdk8.0_181(x64)\bin;C:\Microsoft VS Code\bin;C:\Users\nanum\AppData\Roaming\npm;C:\Users\nanum\AppData\Roaming\nvm;C:\Program Files\nodejs;C:\Users\nanum\AppData\Local\Google\Cloud SDK\google-cloud-sdk\bin;.
	java.net.preferIPv4Stack = true
	java.runtime.name = OpenJDK Runtime Environment
	java.runtime.version = 1.8.0_181-1-ojdkbuild-b13
	java.specification.name = Java Platform API Specification
	java.specification.vendor = Oracle Corporation
	java.specification.version = 1.8
	java.util.logging.manager = org.jboss.logmanager.LogManager
	java.vendor = Oracle Corporation
	java.vendor.url = http://java.oracle.com/
	java.vendor.url.bug = http://bugreport.sun.com/bugreport/
	java.version = 1.8.0_181-1-ojdkbuild
	java.vm.info = mixed mode
	java.vm.name = OpenJDK 64-Bit Server VM
	java.vm.specification.name = Java Virtual Machine Specification
	java.vm.specification.vendor = Oracle Corporation
	java.vm.specification.version = 1.8
	java.vm.vendor = Oracle Corporation
	java.vm.version = 25.181-b13
	javax.management.builder.initial = org.jboss.as.jmx.PluggableMBeanServerBuilder
	jboss.home.dir = D:\the_great_wall\the_great_wall_ver_1\thegreatwall\jboss\wildfly-23.0.2.Final
	jboss.host.name = desktop-qr3ra1d
	jboss.modules.dir = D:\the_great_wall\the_great_wall_ver_1\thegreatwall\jboss\wildfly-23.0.2.Final\modules
	jboss.modules.system.pkgs = org.jboss.byteman
	jboss.node.name = desktop-qr3ra1d
	jboss.qualified.host.name = desktop-qr3ra1d
	jboss.server.base.dir = D:\the_great_wall\the_great_wall_ver_1\thegreatwall\jboss\wildfly-23.0.2.Final\standalone
	jboss.server.config.dir = D:\the_great_wall\the_great_wall_ver_1\thegreatwall\jboss\wildfly-23.0.2.Final\standalone\configuration
	jboss.server.data.dir = D:\the_great_wall\the_great_wall_ver_1\thegreatwall\jboss\wildfly-23.0.2.Final\standalone\data
	jboss.server.deploy.dir = D:\the_great_wall\the_great_wall_ver_1\thegreatwall\jboss\wildfly-23.0.2.Final\standalone\data\content
	jboss.server.log.dir = D:\the_great_wall\the_great_wall_ver_1\thegreatwall\jboss\wildfly-23.0.2.Final\standalone\log
	jboss.server.name = desktop-qr3ra1d
	jboss.server.persist.config = true
	jboss.server.temp.dir = D:\the_great_wall\the_great_wall_ver_1\thegreatwall\jboss\wildfly-23.0.2.Final\standalone\tmp
	line.separator = 

	logging.configuration = file:D:\the_great_wall\the_great_wall_ver_1\thegreatwall\jboss\wildfly-23.0.2.Final\standalone\configuration/logging.properties
	module.path = D:\the_great_wall\the_great_wall_ver_1\thegreatwall\jboss\wildfly-23.0.2.Final\modules
	org.jboss.boot.log.file = D:\the_great_wall\the_great_wall_ver_1\thegreatwall\jboss\wildfly-23.0.2.Final\standalone\log\server.log
	org.jboss.resolver.warning = true
	os.arch = amd64
	os.name = Windows 10
	os.version = 10.0
	path.separator = ;
	program.name = standalone.bat
	sun.arch.data.model = 64
	sun.boot.class.path = C:\NANUM\java\openjdk8.0_181(x64)\jre\lib\resources.jar;C:\NANUM\java\openjdk8.0_181(x64)\jre\lib\rt.jar;C:\NANUM\java\openjdk8.0_181(x64)\jre\lib\sunrsasign.jar;C:\NANUM\java\openjdk8.0_181(x64)\jre\lib\jsse.jar;C:\NANUM\java\openjdk8.0_181(x64)\jre\lib\jce.jar;C:\NANUM\java\openjdk8.0_181(x64)\jre\lib\charsets.jar;C:\NANUM\java\openjdk8.0_181(x64)\jre\lib\jfr.jar;C:\NANUM\java\openjdk8.0_181(x64)\jre\classes
	sun.boot.library.path = C:\NANUM\java\openjdk8.0_181(x64)\jre\bin
	sun.cpu.endian = little
	sun.cpu.isalist = amd64
	sun.desktop = windows
	sun.io.unicode.encoding = UnicodeLittle
	sun.java.command = D:\the_great_wall\the_great_wall_ver_1\thegreatwall\jboss\wildfly-23.0.2.Final\jboss-modules.jar -mp D:\the_great_wall\the_great_wall_ver_1\thegreatwall\jboss\wildfly-23.0.2.Final\modules org.jboss.as.standalone -Djboss.home.dir=D:\the_great_wall\the_great_wall_ver_1\thegreatwall\jboss\wildfly-23.0.2.Final
	sun.java.launcher = SUN_STANDARD
	sun.jnu.encoding = MS949
	sun.management.compiler = HotSpot 64-Bit Tiered Compilers
	sun.os.patch.level = 
	sun.stderr.encoding = ms949
	sun.stdout.encoding = ms949
	user.country = KR
	user.dir = D:\the_great_wall\the_great_wall_ver_1\thegreatwall\jboss\wildfly-23.0.2.Final\bin
	user.home = C:\Users\nanum
	user.language = ko
	user.name = nanum
	user.script = 
	user.timezone = Asia/Seoul
	user.variant = 
2025-04-29 17:38:59,987 DEBUG [org.jboss.as.config] (MSC service thread 1-1) VM Arguments: -Dprogram.name=standalone.bat -Xms64M -Xmx512M -XX:MetaspaceSize=96M -XX:MaxMetaspaceSize=256m -Djava.net.preferIPv4Stack=true -Djboss.modules.system.pkgs=org.jboss.byteman -Djava.awt.headless=true -Dorg.jboss.boot.log.file=D:\the_great_wall\the_great_wall_ver_1\thegreatwall\jboss\wildfly-23.0.2.Final\standalone\log\server.log -Dlogging.configuration=file:D:\the_great_wall\the_great_wall_ver_1\thegreatwall\jboss\wildfly-23.0.2.Final\standalone\configuration/logging.properties 
2025-04-29 17:39:01,219 INFO  [org.wildfly.security] (ServerService Thread Pool -- 28) ELY00001: WildFly Elytron version 1.15.3.Final
2025-04-29 17:39:01,709 INFO  [org.jboss.as.controller.management-deprecated] (ServerService Thread Pool -- 10) WFLYCTL0033: Extension 'security' is deprecated and may not be supported in future versions
2025-04-29 17:39:02,361 INFO  [org.jboss.as.controller.management-deprecated] (Controller Boot Thread) WFLYCTL0028: Attribute 'security-realm' in the resource at address '/core-service=management/management-interface=http-interface' is deprecated, and may be removed in a future version. See the attribute description in the output of the read-resource-description operation to learn more about the deprecation.
2025-04-29 17:39:02,553 INFO  [org.jboss.as.controller.management-deprecated] (ServerService Thread Pool -- 17) WFLYCTL0028: Attribute 'security-realm' in the resource at address '/subsystem=undertow/server=default-server/https-listener=https' is deprecated, and may be removed in a future version. See the attribute description in the output of the read-resource-description operation to learn more about the deprecation.
2025-04-29 17:39:02,714 INFO  [org.jboss.as.server.deployment.scanner] (DeploymentScanner-threads - 1) WFLYDS0015: Re-attempting failed deployment thegreatwall.war
2025-04-29 17:39:06,136 INFO  [org.jboss.as.server] (Controller Boot Thread) WFLYSRV0039: Creating http management service using socket-binding (management-http)
2025-04-29 17:39:06,150 INFO  [org.xnio] (MSC service thread 1-2) XNIO version 3.8.4.Final
2025-04-29 17:39:06,158 INFO  [org.xnio.nio] (MSC service thread 1-2) XNIO NIO Implementation Version 3.8.4.Final
2025-04-29 17:39:06,206 WARN  [org.jboss.as.txn] (ServerService Thread Pool -- 74) WFLYTX0013: The node-identifier attribute on the /subsystem=transactions is set to the default value. This is a danger for environments running multiple servers. Please make sure the attribute value is unique.
2025-04-29 17:39:06,235 INFO  [org.jboss.as.clustering.infinispan] (ServerService Thread Pool -- 53) WFLYCLINF0001: Activating Infinispan subsystem.
2025-04-29 17:39:06,234 INFO  [org.wildfly.extension.microprofile.jwt.smallrye._private] (ServerService Thread Pool -- 64) WFLYJWT0001: Activating WildFly MicroProfile JWT Subsystem
2025-04-29 17:39:06,247 INFO  [org.jboss.as.jaxrs] (ServerService Thread Pool -- 55) WFLYRS0016: RESTEasy version 3.15.1.Final
2025-04-29 17:39:06,251 INFO  [org.wildfly.extension.io] (ServerService Thread Pool -- 54) WFLYIO001: Worker 'default' has auto-configured to 16 IO threads with 128 max task threads based on your 8 available processors
2025-04-29 17:39:06,254 INFO  [org.wildfly.extension.health] (ServerService Thread Pool -- 52) WFLYHEALTH0001: Activating Base Health Subsystem
2025-04-29 17:39:06,256 INFO  [org.jboss.as.security] (ServerService Thread Pool -- 72) WFLYSEC0002: Activating Security Subsystem
2025-04-29 17:39:06,259 INFO  [org.wildfly.extension.microprofile.config.smallrye._private] (ServerService Thread Pool -- 63) WFLYCONF0001: Activating WildFly MicroProfile Config Subsystem
2025-04-29 17:39:06,263 INFO  [org.jboss.as.naming] (ServerService Thread Pool -- 66) WFLYNAM0001: Activating Naming Subsystem
2025-04-29 17:39:06,264 INFO  [org.wildfly.extension.microprofile.opentracing] (ServerService Thread Pool -- 65) WFLYTRACEXT0001: Activating MicroProfile OpenTracing Subsystem
2025-04-29 17:39:06,278 INFO  [org.jboss.as.webservices] (ServerService Thread Pool -- 76) WFLYWS0002: Activating WebServices Extension
2025-04-29 17:39:06,294 INFO  [org.wildfly.extension.metrics] (ServerService Thread Pool -- 62) WFLYMETRICS0001: Activating Base Metrics Subsystem
2025-04-29 17:39:06,303 INFO  [org.jboss.as.jsf] (ServerService Thread Pool -- 60) WFLYJSF0007: Activated the following Jakarta Server Faces Implementations: [main]
2025-04-29 17:39:06,307 INFO  [org.wildfly.extension.undertow] (MSC service thread 1-3) WFLYUT0003: Undertow 2.2.5.Final starting
2025-04-29 17:39:06,341 INFO  [org.jboss.as.security] (MSC service thread 1-1) WFLYSEC0001: Current PicketBox version=5.0.3.Final-redhat-00007
2025-04-29 17:39:06,350 INFO  [org.jboss.as.connector] (MSC service thread 1-3) WFLYJCA0009: Starting Jakarta Connectors Subsystem (WildFly/IronJacamar 1.4.27.Final)
2025-04-29 17:39:06,410 INFO  [org.jboss.as.connector.subsystems.datasources] (ServerService Thread Pool -- 44) WFLYJCA0005: Deploying non-JDBC-compliant driver class org.postgresql.Driver (version 42.7)
2025-04-29 17:39:06,471 INFO  [org.jboss.as.connector.deployers.jdbc] (MSC service thread 1-2) WFLYJCA0018: Started Driver service with driver-name = postgres
2025-04-29 17:39:06,499 INFO  [org.jboss.as.naming] (MSC service thread 1-2) WFLYNAM0003: Starting Naming Service
2025-04-29 17:39:06,520 INFO  [org.jboss.as.mail.extension] (MSC service thread 1-6) WFLYMAIL0001: Bound mail session [java:jboss/mail/Default]
2025-04-29 17:39:06,567 INFO  [org.wildfly.extension.undertow] (ServerService Thread Pool -- 75) WFLYUT0014: Creating file handler for path 'D:\the_great_wall\the_great_wall_ver_1\thegreatwall\jboss\wildfly-23.0.2.Final/welcome-content' with options [directory-listing: 'false', follow-symlink: 'false', case-sensitive: 'true', safe-symlink-paths: '[]']
2025-04-29 17:39:06,596 INFO  [org.jboss.remoting] (MSC service thread 1-8) JBoss Remoting version 5.0.20.Final
2025-04-29 17:39:06,699 WARN  [org.wildfly.extension.elytron] (MSC service thread 1-2) WFLYELY00023: KeyStore file 'D:\the_great_wall\the_great_wall_ver_1\thegreatwall\jboss\wildfly-23.0.2.Final\standalone\configuration\application.keystore' does not exist. Used blank.
2025-04-29 17:39:06,785 INFO  [org.jboss.as.ejb3] (MSC service thread 1-2) WFLYEJB0482: Strict pool mdb-strict-max-pool is using a max instance size of 32 (per class), which is derived from the number of CPUs on this host.
2025-04-29 17:39:06,785 INFO  [org.jboss.as.ejb3] (MSC service thread 1-6) WFLYEJB0481: Strict pool slsb-strict-max-pool is using a max instance size of 128 (per class), which is derived from thread worker pool sizing.
2025-04-29 17:39:06,819 WARN  [org.wildfly.extension.elytron] (MSC service thread 1-3) WFLYELY01084: KeyStore D:\the_great_wall\the_great_wall_ver_1\thegreatwall\jboss\wildfly-23.0.2.Final\standalone\configuration\application.keystore not found, it will be auto generated on first use with a self-signed certificate for host localhost
2025-04-29 17:39:06,823 INFO  [org.wildfly.extension.undertow] (MSC service thread 1-4) WFLYUT0012: Started server default-server.
2025-04-29 17:39:06,897 INFO  [org.wildfly.extension.undertow] (MSC service thread 1-4) Queuing requests.
2025-04-29 17:39:06,902 INFO  [org.wildfly.extension.undertow] (MSC service thread 1-4) WFLYUT0018: Host default-host starting
2025-04-29 17:39:07,337 INFO  [org.jboss.as.patching] (MSC service thread 1-8) WFLYPAT0050: WildFly Full cumulative patch ID is: base, one-off patches include: none
2025-04-29 17:39:07,359 WARN  [org.jboss.as.domain.management.security] (MSC service thread 1-4) WFLYDM0111: Keystore D:\the_great_wall\the_great_wall_ver_1\thegreatwall\jboss\wildfly-23.0.2.Final\standalone\configuration\application.keystore not found, it will be auto generated on first use with a self signed certificate for host localhost
2025-04-29 17:39:07,363 INFO  [org.jboss.as.server.deployment.scanner] (MSC service thread 1-8) WFLYDS0013: Started FileSystemDeploymentService for directory D:\the_great_wall\the_great_wall_ver_1\thegreatwall\jboss\wildfly-23.0.2.Final\standalone\deployments
2025-04-29 17:39:07,376 INFO  [org.jboss.as.server.deployment] (MSC service thread 1-1) WFLYSRV0027: Starting deployment of "thegreatwall.war" (runtime-name: "thegreatwall.war")
2025-04-29 17:39:11,868 INFO  [org.wildfly.extension.undertow] (MSC service thread 1-7) WFLYUT0006: Undertow HTTP listener default listening on 127.0.0.1:8080
2025-04-29 17:39:11,873 INFO  [org.wildfly.extension.undertow] (MSC service thread 1-1) WFLYUT0006: Undertow HTTPS listener https listening on 127.0.0.1:8443
2025-04-29 17:39:11,929 INFO  [org.jboss.as.ejb3] (MSC service thread 1-2) WFLYEJB0493: Jakarta Enterprise Beans subsystem suspension complete
2025-04-29 17:39:11,967 INFO  [org.jboss.as.connector.subsystems.datasources.AbstractDataSourceService$AS7DataSourceDeployer] (MSC service thread 1-7) IJ020018: Enabling <validate-on-match> for java:/postgres
2025-04-29 17:39:11,981 INFO  [org.jboss.ws.common.management] (MSC service thread 1-8) JBWS022052: Starting JBossWS 5.4.3.Final (Apache CXF 3.3.10) 
2025-04-29 17:39:12,016 INFO  [org.jboss.as.connector.subsystems.datasources] (MSC service thread 1-8) WFLYJCA0001: Bound data source [java:/postgres]
2025-04-29 17:39:12,727 WARN  [org.jboss.as.ee] (MSC service thread 1-4) WFLYEE0007: Not installing optional component org.springframework.http.server.reactive.ServletHttpHandlerAdapter$HttpHandlerAsyncListener due to an exception (enable DEBUG log level to see the cause)
2025-04-29 17:39:12,732 WARN  [org.jboss.as.ee] (MSC service thread 1-4) WFLYEE0007: Not installing optional component org.springframework.http.server.ServletServerHttpAsyncRequestControl due to an exception (enable DEBUG log level to see the cause)
2025-04-29 17:39:12,733 WARN  [org.jboss.as.ee] (MSC service thread 1-4) WFLYEE0007: Not installing optional component org.springframework.http.server.reactive.ServletServerHttpResponse$ResponseAsyncListener due to an exception (enable DEBUG log level to see the cause)
2025-04-29 17:39:12,735 WARN  [org.jboss.as.ee] (MSC service thread 1-4) WFLYEE0007: Not installing optional component org.springframework.web.context.request.async.StandardServletAsyncWebRequest due to an exception (enable DEBUG log level to see the cause)
2025-04-29 17:39:12,736 WARN  [org.jboss.as.ee] (MSC service thread 1-4) WFLYEE0007: Not installing optional component org.springframework.http.server.reactive.ServletServerHttpRequest$RequestAsyncListener due to an exception (enable DEBUG log level to see the cause)
2025-04-29 17:39:12,807 INFO  [org.jboss.as.connector.deployers.jdbc] (MSC service thread 1-4) WFLYJCA0005: Deploying non-JDBC-compliant driver class org.postgresql.Driver (version 42.2)
2025-04-29 17:39:12,874 INFO  [org.jboss.as.connector.deployers.jdbc] (MSC service thread 1-3) WFLYJCA0018: Started Driver service with driver-name = thegreatwall.war_org.postgresql.Driver_42_2
2025-04-29 17:39:13,102 INFO  [org.infinispan.CONTAINER] (ServerService Thread Pool -- 78) ISPN000128: Infinispan version: Infinispan 'Corona Extra' 11.0.9.Final
2025-04-29 17:39:13,155 INFO  [org.infinispan.CONFIG] (MSC service thread 1-6) ISPN000152: Passivation configured without an eviction policy being selected. Only manually evicted entities will be passivated.
2025-04-29 17:39:13,158 INFO  [org.infinispan.CONFIG] (MSC service thread 1-6) ISPN000152: Passivation configured without an eviction policy being selected. Only manually evicted entities will be passivated.
2025-04-29 17:39:13,270 INFO  [org.infinispan.PERSISTENCE] (ServerService Thread Pool -- 78) ISPN000556: Starting user marshaller 'org.wildfly.clustering.infinispan.spi.marshalling.InfinispanProtoStreamMarshaller'
2025-04-29 17:39:13,480 INFO  [org.jboss.as.clustering.infinispan] (ServerService Thread Pool -- 78) WFLYCLINF0002: Started http-remoting-connector cache from ejb container
2025-04-29 17:39:13,523 ERROR [org.jboss.as.controller.management-operation] (Controller Boot Thread) WFLYCTL0013: Operation ("deploy") failed - address: ([("deployment" => "thegreatwall.war")]) - failure description: {
    "WFLYCTL0412: Required services that are not installed:" => ["jboss.naming.context.java.jboss.datasources.ExampleDS"],
    "WFLYCTL0180: Services with missing/unavailable dependencies" => ["jboss.naming.context.java.module.thegreatwall.thegreatwall.DefaultDataSource is missing [jboss.naming.context.java.jboss.datasources.ExampleDS]"]
}
2025-04-29 17:39:13,596 INFO  [org.jboss.as.server] (ServerService Thread Pool -- 45) WFLYSRV0010: Deployed "thegreatwall.war" (runtime-name : "thegreatwall.war")
2025-04-29 17:39:13,598 INFO  [org.jboss.as.controller] (Controller Boot Thread) WFLYCTL0183: Service status report
WFLYCTL0184:    New missing/unsatisfied dependencies:
      service jboss.naming.context.java.jboss.datasources.ExampleDS (missing) dependents: [service jboss.naming.context.java.module.thegreatwall.thegreatwall.DefaultDataSource] 
WFLYCTL0448: 8 additional services are down due to their dependencies being missing or failed
2025-04-29 17:39:13,690 INFO  [org.jboss.as.server] (Controller Boot Thread) WFLYSRV0212: Resuming server
2025-04-29 17:39:13,697 ERROR [org.jboss.as] (Controller Boot Thread) WFLYSRV0026: WildFly Full 23.0.2.Final (WildFly Core 15.0.1.Final) started (with errors) in 14630ms - Started 419 of 631 services (9 services failed or missing dependencies, 349 services are lazy, passive or on-demand)
2025-04-29 17:39:13,701 INFO  [org.jboss.as] (Controller Boot Thread) WFLYSRV0060: Http management interface listening on http://127.0.0.1:9990/management
2025-04-29 17:39:13,702 INFO  [org.jboss.as] (Controller Boot Thread) WFLYSRV0051: Admin console listening on http://127.0.0.1:9990
2025-04-29 17:43:49,433 INFO  [org.jboss.as.repository] (DeploymentScanner-threads - 2) WFLYDR0001: Content added at location D:\the_great_wall\the_great_wall_ver_1\thegreatwall\jboss\wildfly-23.0.2.Final\standalone\data\content\22\c012be5d13e574795b2f99549eb9e9c2fc2e9d\content
2025-04-29 17:43:49,444 INFO  [org.jboss.as.connector.deployers.jdbc] (MSC service thread 1-6) WFLYJCA0019: Stopped Driver service with driver-name = thegreatwall.war_org.postgresql.Driver_42_2
2025-04-29 17:43:49,594 INFO  [org.jboss.as.server.deployment] (MSC service thread 1-1) WFLYSRV0028: Stopped deployment thegreatwall.war (runtime-name: thegreatwall.war) in 156ms
2025-04-29 17:43:49,598 INFO  [org.jboss.as.server.deployment] (MSC service thread 1-1) WFLYSRV0027: Starting deployment of "thegreatwall.war" (runtime-name: "thegreatwall.war")
2025-04-29 17:43:51,893 WARN  [org.jboss.as.ee] (MSC service thread 1-3) WFLYEE0007: Not installing optional component org.springframework.http.server.reactive.ServletHttpHandlerAdapter$HttpHandlerAsyncListener due to an exception (enable DEBUG log level to see the cause)
2025-04-29 17:43:51,897 WARN  [org.jboss.as.ee] (MSC service thread 1-3) WFLYEE0007: Not installing optional component org.springframework.http.server.ServletServerHttpAsyncRequestControl due to an exception (enable DEBUG log level to see the cause)
2025-04-29 17:43:51,899 WARN  [org.jboss.as.ee] (MSC service thread 1-3) WFLYEE0007: Not installing optional component org.springframework.http.server.reactive.ServletServerHttpResponse$ResponseAsyncListener due to an exception (enable DEBUG log level to see the cause)
2025-04-29 17:43:51,901 WARN  [org.jboss.as.ee] (MSC service thread 1-3) WFLYEE0007: Not installing optional component org.springframework.web.context.request.async.StandardServletAsyncWebRequest due to an exception (enable DEBUG log level to see the cause)
2025-04-29 17:43:51,903 WARN  [org.jboss.as.ee] (MSC service thread 1-3) WFLYEE0007: Not installing optional component org.springframework.http.server.reactive.ServletServerHttpRequest$RequestAsyncListener due to an exception (enable DEBUG log level to see the cause)
2025-04-29 17:43:51,925 INFO  [org.jboss.as.connector.deployers.jdbc] (MSC service thread 1-3) WFLYJCA0005: Deploying non-JDBC-compliant driver class org.postgresql.Driver (version 42.2)
2025-04-29 17:43:51,951 INFO  [org.jboss.as.connector.deployers.jdbc] (MSC service thread 1-5) WFLYJCA0018: Started Driver service with driver-name = thegreatwall.war_org.postgresql.Driver_42_2
2025-04-29 17:43:51,955 ERROR [org.jboss.as.controller.management-operation] (DeploymentScanner-threads - 2) WFLYCTL0013: Operation ("full-replace-deployment") failed - address: ([]) - failure description: {
    "WFLYCTL0412: Required services that are not installed:" => ["jboss.naming.context.java.jboss.datasources.ExampleDS"],
    "WFLYCTL0180: Services with missing/unavailable dependencies" => ["jboss.naming.context.java.module.thegreatwall.thegreatwall.DefaultDataSource is missing [jboss.naming.context.java.jboss.datasources.ExampleDS]"]
}
2025-04-29 17:43:52,070 INFO  [org.jboss.as.server] (DeploymentScanner-threads - 2) WFLYSRV0016: Replaced deployment "thegreatwall.war" with deployment "thegreatwall.war"
2025-04-29 17:43:52,080 INFO  [org.jboss.as.repository] (DeploymentScanner-threads - 2) WFLYDR0002: Content removed from location D:\the_great_wall\the_great_wall_ver_1\thegreatwall\jboss\wildfly-23.0.2.Final\standalone\data\content\30\f57ad5558df4d1b6193000a5294ba8884fbf76\content
2025-04-29 17:51:38,231 INFO  [org.jboss.as.repository] (DeploymentScanner-threads - 2) WFLYDR0001: Content added at location D:\the_great_wall\the_great_wall_ver_1\thegreatwall\jboss\wildfly-23.0.2.Final\standalone\data\content\47\f2f8255386281d0191b7a766a3508f10d0fb52\content
2025-04-29 17:51:38,233 INFO  [org.jboss.as.connector.deployers.jdbc] (MSC service thread 1-6) WFLYJCA0019: Stopped Driver service with driver-name = thegreatwall.war_org.postgresql.Driver_42_2
2025-04-29 17:51:38,431 INFO  [org.jboss.as.server.deployment] (MSC service thread 1-7) WFLYSRV0028: Stopped deployment thegreatwall.war (runtime-name: thegreatwall.war) in 199ms
2025-04-29 17:51:38,454 INFO  [org.jboss.as.server.deployment] (MSC service thread 1-8) WFLYSRV0027: Starting deployment of "thegreatwall.war" (runtime-name: "thegreatwall.war")
2025-04-29 17:51:41,603 WARN  [org.jboss.as.ee] (MSC service thread 1-3) WFLYEE0007: Not installing optional component org.springframework.http.server.reactive.ServletHttpHandlerAdapter$HttpHandlerAsyncListener due to an exception (enable DEBUG log level to see the cause)
2025-04-29 17:51:41,606 WARN  [org.jboss.as.ee] (MSC service thread 1-3) WFLYEE0007: Not installing optional component org.springframework.http.server.ServletServerHttpAsyncRequestControl due to an exception (enable DEBUG log level to see the cause)
2025-04-29 17:51:41,608 WARN  [org.jboss.as.ee] (MSC service thread 1-3) WFLYEE0007: Not installing optional component org.springframework.http.server.reactive.ServletServerHttpResponse$ResponseAsyncListener due to an exception (enable DEBUG log level to see the cause)
2025-04-29 17:51:41,612 WARN  [org.jboss.as.ee] (MSC service thread 1-3) WFLYEE0007: Not installing optional component org.springframework.web.context.request.async.StandardServletAsyncWebRequest due to an exception (enable DEBUG log level to see the cause)
2025-04-29 17:51:41,614 WARN  [org.jboss.as.ee] (MSC service thread 1-3) WFLYEE0007: Not installing optional component org.springframework.http.server.reactive.ServletServerHttpRequest$RequestAsyncListener due to an exception (enable DEBUG log level to see the cause)
2025-04-29 17:51:41,651 INFO  [org.jboss.as.connector.deployers.jdbc] (MSC service thread 1-3) WFLYJCA0005: Deploying non-JDBC-compliant driver class org.postgresql.Driver (version 42.7)
2025-04-29 17:51:41,783 INFO  [org.jboss.as.connector.deployers.jdbc] (MSC service thread 1-1) WFLYJCA0018: Started Driver service with driver-name = thegreatwall.war_org.postgresql.Driver_42_7
2025-04-29 17:51:41,840 ERROR [org.jboss.as.controller.management-operation] (DeploymentScanner-threads - 2) WFLYCTL0013: Operation ("full-replace-deployment") failed - address: ([]) - failure description: {
    "WFLYCTL0412: Required services that are not installed:" => ["jboss.naming.context.java.jboss.datasources.ExampleDS"],
    "WFLYCTL0180: Services with missing/unavailable dependencies" => ["jboss.naming.context.java.module.thegreatwall.thegreatwall.DefaultDataSource is missing [jboss.naming.context.java.jboss.datasources.ExampleDS]"]
}
2025-04-29 17:51:41,973 INFO  [org.jboss.as.server] (DeploymentScanner-threads - 2) WFLYSRV0016: Replaced deployment "thegreatwall.war" with deployment "thegreatwall.war"
2025-04-29 17:51:41,987 INFO  [org.jboss.as.repository] (DeploymentScanner-threads - 2) WFLYDR0002: Content removed from location D:\the_great_wall\the_great_wall_ver_1\thegreatwall\jboss\wildfly-23.0.2.Final\standalone\data\content\22\c012be5d13e574795b2f99549eb9e9c2fc2e9d\content
2025-04-29 17:51:50,850 INFO  [org.jboss.as.server] (Thread-2) WFLYSRV0272: Suspending server
2025-04-29 17:51:50,852 INFO  [org.jboss.as.ejb3] (Thread-2) WFLYEJB0493: Jakarta Enterprise Beans subsystem suspension complete
2025-04-29 17:51:50,854 INFO  [org.jboss.as.server] (Thread-2) WFLYSRV0220: Server shutdown has been requested via an OS signal
2025-04-29 17:51:50,860 INFO  [org.jboss.as.connector.deployers.jdbc] (MSC service thread 1-6) WFLYJCA0019: Stopped Driver service with driver-name = thegreatwall.war_org.postgresql.Driver_42_7
2025-04-29 17:51:50,873 INFO  [org.jboss.as.connector.subsystems.datasources] (MSC service thread 1-5) WFLYJCA0010: Unbound data source [java:/postgres]
2025-04-29 17:51:50,877 INFO  [org.jboss.as.mail.extension] (MSC service thread 1-7) WFLYMAIL0002: Unbound mail session [java:jboss/mail/Default]
2025-04-29 17:51:50,881 INFO  [org.wildfly.extension.undertow] (MSC service thread 1-2) WFLYUT0019: Host default-host stopping
2025-04-29 17:51:50,899 INFO  [org.jboss.as.connector.deployers.jdbc] (MSC service thread 1-1) WFLYJCA0019: Stopped Driver service with driver-name = postgres
2025-04-29 17:51:50,906 INFO  [org.wildfly.extension.undertow] (MSC service thread 1-1) WFLYUT0008: Undertow HTTPS listener https suspending
2025-04-29 17:51:50,907 INFO  [org.wildfly.extension.undertow] (MSC service thread 1-6) WFLYUT0008: Undertow HTTP listener default suspending
2025-04-29 17:51:50,909 INFO  [org.wildfly.extension.undertow] (MSC service thread 1-1) WFLYUT0007: Undertow HTTPS listener https stopped, was bound to 127.0.0.1:8443
2025-04-29 17:51:50,916 INFO  [org.wildfly.extension.undertow] (MSC service thread 1-6) WFLYUT0007: Undertow HTTP listener default stopped, was bound to 127.0.0.1:8080
2025-04-29 17:51:50,922 INFO  [org.wildfly.extension.undertow] (MSC service thread 1-5) WFLYUT0004: Undertow 2.2.5.Final stopping
2025-04-29 17:51:51,002 INFO  [org.jboss.as.clustering.infinispan] (ServerService Thread Pool -- 83) WFLYCLINF0003: Stopped http-remoting-connector cache from ejb container
2025-04-29 17:51:51,003 INFO  [org.infinispan.manager.DefaultCacheManager] (ServerService Thread Pool -- 83) Stopping cache manager null on null
2025-04-29 17:51:51,103 INFO  [org.jboss.as.server.deployment] (MSC service thread 1-2) WFLYSRV0028: Stopped deployment thegreatwall.war (runtime-name: thegreatwall.war) in 244ms
2025-04-29 17:51:51,107 INFO  [org.jboss.as] (MSC service thread 1-7) WFLYSRV0050: WildFly Full 23.0.2.Final (WildFly Core 15.0.1.Final) stopped in 249ms
2025-04-29 17:51:56,211 INFO  [org.jboss.modules] (main) JBoss Modules version 1.11.0.Final
2025-04-29 17:51:56,675 INFO  [org.jboss.msc] (main) JBoss MSC version 1.4.12.Final
2025-04-29 17:51:56,695 INFO  [org.jboss.threads] (main) JBoss Threads version 2.4.0.Final
2025-04-29 17:51:56,836 INFO  [org.jboss.as] (MSC service thread 1-2) WFLYSRV0049: WildFly Full 23.0.2.Final (WildFly Core 15.0.1.Final) starting
2025-04-29 17:51:56,840 DEBUG [org.jboss.as.config] (MSC service thread 1-2) Configured system properties:
	awt.toolkit = sun.awt.windows.WToolkit
	file.encoding = MS949
	file.encoding.pkg = sun.io
	file.separator = \
	java.awt.graphicsenv = sun.awt.Win32GraphicsEnvironment
	java.awt.headless = true
	java.awt.printerjob = sun.awt.windows.WPrinterJob
	java.class.path = D:\the_great_wall\the_great_wall_ver_1\thegreatwall\jboss\wildfly-23.0.2.Final\jboss-modules.jar
	java.class.version = 52.0
	java.endorsed.dirs = C:\NANUM\java\openjdk8.0_181(x64)\jre\lib\endorsed
	java.ext.dirs = C:\NANUM\java\openjdk8.0_181(x64)\jre\lib\ext;C:\WINDOWS\Sun\Java\lib\ext
	java.home = C:\NANUM\java\openjdk8.0_181(x64)\jre
	java.io.tmpdir = C:\Users\nanum\AppData\Local\Temp\
	java.library.path = C:\NANUM\java\openjdk8.0_181(x64)\bin;C:\WINDOWS\Sun\Java\bin;C:\WINDOWS\system32;C:\WINDOWS;C:\Program Files\Common Files\Oracle\Java\javapath;C:\Program Files (x86)\Common Files\Oracle\Java\javapath;D:\WINDOWS.X64_193000_db_home\bin;C:\Program Files\Python39\Scripts\;C:\Program Files\Python39\;C:\ProgramData\Oracle\Java\javapath;C:\WINDOWS\system32;C:\WINDOWS;C:\WINDOWS\System32\Wbem;C:\WINDOWS\System32\WindowsPowerShell\v1.0\;C:\WINDOWS\System32\OpenSSH\;C:\Program Files\Intel\WiFi\bin\;C:\Program Files\Common Files\Intel\WirelessCommon\;C:\Program Files (x86)\Intel\Intel(R) Management Engine Components\DAL;C:\Program Files\Intel\Intel(R) Management Engine Components\DAL;C:\Program Files\Git\cmd;C:\Program Files\mingw-w64\x86_64-8.1.0-posix-seh-rt_v6-rev0\mingw64\bin;C:\Apache24\bin;C:\Program Files\MongoDB\Server\4.2\bin;C:\Users\nanum\AppData\Roaming\npm;C:\Program Files\TortoiseSVN\bin;C:\Program Files\OpenVPN\bin;C:\Program Files\Wondershare\Wondershare DemoCreator (Korean);C:\Users\nanum\AppData\Roaming\nvm;C:\Program Files\nodejs;C:\Users\nanum\.cargo\bin;C:\Program Files\MySQL\MySQL Shell 8.0\bin\;C:\Users\nanum\AppData\Local\Programs\Python\Python37\Scripts\;C:\Users\nanum\AppData\Local\Programs\Python\Python37\;C:\Users\nanum\AppData\Local\Microsoft\WindowsApps;C:\Program Files\Bandizip\;C:\Users\nanum\AppData\Local\Programs\Fiddler;C:\Users\nanum\AppData\Local\Microsoft\WindowsApps;C:\NANUM\java\jdk1.8.0_112\bin;C:\NANUM\PORTAL\maven\bin;C:\NANUM\java\openjdk8.0_181(x64)\bin;C:\Microsoft VS Code\bin;C:\Users\nanum\AppData\Roaming\npm;C:\Users\nanum\AppData\Roaming\nvm;C:\Program Files\nodejs;C:\Users\nanum\AppData\Local\Google\Cloud SDK\google-cloud-sdk\bin;.
	java.net.preferIPv4Stack = true
	java.runtime.name = OpenJDK Runtime Environment
	java.runtime.version = 1.8.0_181-1-ojdkbuild-b13
	java.specification.name = Java Platform API Specification
	java.specification.vendor = Oracle Corporation
	java.specification.version = 1.8
	java.util.logging.manager = org.jboss.logmanager.LogManager
	java.vendor = Oracle Corporation
	java.vendor.url = http://java.oracle.com/
	java.vendor.url.bug = http://bugreport.sun.com/bugreport/
	java.version = 1.8.0_181-1-ojdkbuild
	java.vm.info = mixed mode
	java.vm.name = OpenJDK 64-Bit Server VM
	java.vm.specification.name = Java Virtual Machine Specification
	java.vm.specification.vendor = Oracle Corporation
	java.vm.specification.version = 1.8
	java.vm.vendor = Oracle Corporation
	java.vm.version = 25.181-b13
	javax.management.builder.initial = org.jboss.as.jmx.PluggableMBeanServerBuilder
	jboss.home.dir = D:\the_great_wall\the_great_wall_ver_1\thegreatwall\jboss\wildfly-23.0.2.Final
	jboss.host.name = desktop-qr3ra1d
	jboss.modules.dir = D:\the_great_wall\the_great_wall_ver_1\thegreatwall\jboss\wildfly-23.0.2.Final\modules
	jboss.modules.system.pkgs = org.jboss.byteman
	jboss.node.name = desktop-qr3ra1d
	jboss.qualified.host.name = desktop-qr3ra1d
	jboss.server.base.dir = D:\the_great_wall\the_great_wall_ver_1\thegreatwall\jboss\wildfly-23.0.2.Final\standalone
	jboss.server.config.dir = D:\the_great_wall\the_great_wall_ver_1\thegreatwall\jboss\wildfly-23.0.2.Final\standalone\configuration
	jboss.server.data.dir = D:\the_great_wall\the_great_wall_ver_1\thegreatwall\jboss\wildfly-23.0.2.Final\standalone\data
	jboss.server.deploy.dir = D:\the_great_wall\the_great_wall_ver_1\thegreatwall\jboss\wildfly-23.0.2.Final\standalone\data\content
	jboss.server.log.dir = D:\the_great_wall\the_great_wall_ver_1\thegreatwall\jboss\wildfly-23.0.2.Final\standalone\log
	jboss.server.name = desktop-qr3ra1d
	jboss.server.persist.config = true
	jboss.server.temp.dir = D:\the_great_wall\the_great_wall_ver_1\thegreatwall\jboss\wildfly-23.0.2.Final\standalone\tmp
	line.separator = 

	logging.configuration = file:D:\the_great_wall\the_great_wall_ver_1\thegreatwall\jboss\wildfly-23.0.2.Final\standalone\configuration/logging.properties
	module.path = D:\the_great_wall\the_great_wall_ver_1\thegreatwall\jboss\wildfly-23.0.2.Final\modules
	org.jboss.boot.log.file = D:\the_great_wall\the_great_wall_ver_1\thegreatwall\jboss\wildfly-23.0.2.Final\standalone\log\server.log
	org.jboss.resolver.warning = true
	os.arch = amd64
	os.name = Windows 10
	os.version = 10.0
	path.separator = ;
	program.name = standalone.bat
	sun.arch.data.model = 64
	sun.boot.class.path = C:\NANUM\java\openjdk8.0_181(x64)\jre\lib\resources.jar;C:\NANUM\java\openjdk8.0_181(x64)\jre\lib\rt.jar;C:\NANUM\java\openjdk8.0_181(x64)\jre\lib\sunrsasign.jar;C:\NANUM\java\openjdk8.0_181(x64)\jre\lib\jsse.jar;C:\NANUM\java\openjdk8.0_181(x64)\jre\lib\jce.jar;C:\NANUM\java\openjdk8.0_181(x64)\jre\lib\charsets.jar;C:\NANUM\java\openjdk8.0_181(x64)\jre\lib\jfr.jar;C:\NANUM\java\openjdk8.0_181(x64)\jre\classes
	sun.boot.library.path = C:\NANUM\java\openjdk8.0_181(x64)\jre\bin
	sun.cpu.endian = little
	sun.cpu.isalist = amd64
	sun.desktop = windows
	sun.io.unicode.encoding = UnicodeLittle
	sun.java.command = D:\the_great_wall\the_great_wall_ver_1\thegreatwall\jboss\wildfly-23.0.2.Final\jboss-modules.jar -mp D:\the_great_wall\the_great_wall_ver_1\thegreatwall\jboss\wildfly-23.0.2.Final\modules org.jboss.as.standalone -Djboss.home.dir=D:\the_great_wall\the_great_wall_ver_1\thegreatwall\jboss\wildfly-23.0.2.Final
	sun.java.launcher = SUN_STANDARD
	sun.jnu.encoding = MS949
	sun.management.compiler = HotSpot 64-Bit Tiered Compilers
	sun.os.patch.level = 
	sun.stderr.encoding = ms949
	sun.stdout.encoding = ms949
	user.country = KR
	user.dir = D:\the_great_wall\the_great_wall_ver_1\thegreatwall\jboss\wildfly-23.0.2.Final\bin
	user.home = C:\Users\nanum
	user.language = ko
	user.name = nanum
	user.script = 
	user.timezone = Asia/Seoul
	user.variant = 
2025-04-29 17:51:56,842 DEBUG [org.jboss.as.config] (MSC service thread 1-2) VM Arguments: -Dprogram.name=standalone.bat -Xms64M -Xmx512M -XX:MetaspaceSize=96M -XX:MaxMetaspaceSize=256m -Djava.net.preferIPv4Stack=true -Djboss.modules.system.pkgs=org.jboss.byteman -Djava.awt.headless=true -Dorg.jboss.boot.log.file=D:\the_great_wall\the_great_wall_ver_1\thegreatwall\jboss\wildfly-23.0.2.Final\standalone\log\server.log -Dlogging.configuration=file:D:\the_great_wall\the_great_wall_ver_1\thegreatwall\jboss\wildfly-23.0.2.Final\standalone\configuration/logging.properties 
2025-04-29 17:51:57,979 INFO  [org.wildfly.security] (ServerService Thread Pool -- 28) ELY00001: WildFly Elytron version 1.15.3.Final
2025-04-29 17:51:58,441 INFO  [org.jboss.as.controller.management-deprecated] (ServerService Thread Pool -- 11) WFLYCTL0033: Extension 'security' is deprecated and may not be supported in future versions
2025-04-29 17:51:58,867 INFO  [org.jboss.as.controller.management-deprecated] (Controller Boot Thread) WFLYCTL0028: Attribute 'security-realm' in the resource at address '/core-service=management/management-interface=http-interface' is deprecated, and may be removed in a future version. See the attribute description in the output of the read-resource-description operation to learn more about the deprecation.
2025-04-29 17:51:58,900 INFO  [org.jboss.as.controller.management-deprecated] (ServerService Thread Pool -- 14) WFLYCTL0028: Attribute 'security-realm' in the resource at address '/subsystem=undertow/server=default-server/https-listener=https' is deprecated, and may be removed in a future version. See the attribute description in the output of the read-resource-description operation to learn more about the deprecation.
2025-04-29 17:51:58,929 INFO  [org.jboss.as.server.deployment.scanner] (DeploymentScanner-threads - 1) WFLYDS0015: Re-attempting failed deployment thegreatwall.war
2025-04-29 17:52:02,402 INFO  [org.jboss.as.server] (Controller Boot Thread) WFLYSRV0039: Creating http management service using socket-binding (management-http)
2025-04-29 17:52:02,420 INFO  [org.xnio] (MSC service thread 1-3) XNIO version 3.8.4.Final
2025-04-29 17:52:02,427 INFO  [org.xnio.nio] (MSC service thread 1-3) XNIO NIO Implementation Version 3.8.4.Final
2025-04-29 17:52:02,471 INFO  [org.wildfly.extension.microprofile.config.smallrye._private] (ServerService Thread Pool -- 63) WFLYCONF0001: Activating WildFly MicroProfile Config Subsystem
2025-04-29 17:52:02,475 WARN  [org.jboss.as.txn] (ServerService Thread Pool -- 74) WFLYTX0013: The node-identifier attribute on the /subsystem=transactions is set to the default value. This is a danger for environments running multiple servers. Please make sure the attribute value is unique.
2025-04-29 17:52:02,507 INFO  [org.wildfly.extension.microprofile.jwt.smallrye._private] (ServerService Thread Pool -- 64) WFLYJWT0001: Activating WildFly MicroProfile JWT Subsystem
2025-04-29 17:52:02,509 INFO  [org.jboss.as.jaxrs] (ServerService Thread Pool -- 55) WFLYRS0016: RESTEasy version 3.15.1.Final
2025-04-29 17:52:02,532 INFO  [org.jboss.as.clustering.infinispan] (ServerService Thread Pool -- 53) WFLYCLINF0001: Activating Infinispan subsystem.
2025-04-29 17:52:02,536 INFO  [org.wildfly.extension.health] (ServerService Thread Pool -- 52) WFLYHEALTH0001: Activating Base Health Subsystem
2025-04-29 17:52:02,537 INFO  [org.wildfly.extension.microprofile.opentracing] (ServerService Thread Pool -- 65) WFLYTRACEXT0001: Activating MicroProfile OpenTracing Subsystem
2025-04-29 17:52:02,551 INFO  [org.jboss.as.security] (ServerService Thread Pool -- 72) WFLYSEC0002: Activating Security Subsystem
2025-04-29 17:52:02,553 INFO  [org.jboss.as.jsf] (ServerService Thread Pool -- 60) WFLYJSF0007: Activated the following Jakarta Server Faces Implementations: [main]
2025-04-29 17:52:02,560 INFO  [org.jboss.as.webservices] (ServerService Thread Pool -- 76) WFLYWS0002: Activating WebServices Extension
2025-04-29 17:52:02,561 INFO  [org.jboss.as.naming] (ServerService Thread Pool -- 66) WFLYNAM0001: Activating Naming Subsystem
2025-04-29 17:52:02,581 INFO  [org.jboss.as.security] (MSC service thread 1-4) WFLYSEC0001: Current PicketBox version=5.0.3.Final-redhat-00007
2025-04-29 17:52:02,605 INFO  [org.wildfly.extension.undertow] (MSC service thread 1-7) WFLYUT0003: Undertow 2.2.5.Final starting
2025-04-29 17:52:02,626 INFO  [org.wildfly.extension.io] (ServerService Thread Pool -- 54) WFLYIO001: Worker 'default' has auto-configured to 16 IO threads with 128 max task threads based on your 8 available processors
2025-04-29 17:52:02,636 INFO  [org.wildfly.extension.metrics] (ServerService Thread Pool -- 62) WFLYMETRICS0001: Activating Base Metrics Subsystem
2025-04-29 17:52:02,639 INFO  [org.jboss.as.connector] (MSC service thread 1-5) WFLYJCA0009: Starting Jakarta Connectors Subsystem (WildFly/IronJacamar 1.4.27.Final)
2025-04-29 17:52:02,748 INFO  [org.jboss.as.naming] (MSC service thread 1-3) WFLYNAM0003: Starting Naming Service
2025-04-29 17:52:02,733 INFO  [org.jboss.as.connector.subsystems.datasources] (ServerService Thread Pool -- 44) WFLYJCA0005: Deploying non-JDBC-compliant driver class org.postgresql.Driver (version 42.7)
2025-04-29 17:52:02,833 INFO  [org.jboss.as.mail.extension] (MSC service thread 1-2) WFLYMAIL0001: Bound mail session [java:jboss/mail/Default]
2025-04-29 17:52:02,841 INFO  [org.jboss.as.connector.deployers.jdbc] (MSC service thread 1-2) WFLYJCA0018: Started Driver service with driver-name = postgres
2025-04-29 17:52:02,955 INFO  [org.jboss.remoting] (MSC service thread 1-3) JBoss Remoting version 5.0.20.Final
2025-04-29 17:52:03,004 INFO  [org.jboss.as.ejb3] (MSC service thread 1-6) WFLYEJB0481: Strict pool slsb-strict-max-pool is using a max instance size of 128 (per class), which is derived from thread worker pool sizing.
2025-04-29 17:52:03,005 INFO  [org.jboss.as.ejb3] (MSC service thread 1-2) WFLYEJB0482: Strict pool mdb-strict-max-pool is using a max instance size of 32 (per class), which is derived from the number of CPUs on this host.
2025-04-29 17:52:03,005 INFO  [org.wildfly.extension.undertow] (ServerService Thread Pool -- 75) WFLYUT0014: Creating file handler for path 'D:\the_great_wall\the_great_wall_ver_1\thegreatwall\jboss\wildfly-23.0.2.Final/welcome-content' with options [directory-listing: 'false', follow-symlink: 'false', case-sensitive: 'true', safe-symlink-paths: '[]']
2025-04-29 17:52:03,043 WARN  [org.wildfly.extension.elytron] (MSC service thread 1-3) WFLYELY00023: KeyStore file 'D:\the_great_wall\the_great_wall_ver_1\thegreatwall\jboss\wildfly-23.0.2.Final\standalone\configuration\application.keystore' does not exist. Used blank.
2025-04-29 17:52:03,125 WARN  [org.wildfly.extension.elytron] (MSC service thread 1-6) WFLYELY01084: KeyStore D:\the_great_wall\the_great_wall_ver_1\thegreatwall\jboss\wildfly-23.0.2.Final\standalone\configuration\application.keystore not found, it will be auto generated on first use with a self-signed certificate for host localhost
2025-04-29 17:52:03,167 INFO  [org.wildfly.extension.undertow] (MSC service thread 1-6) WFLYUT0012: Started server default-server.
2025-04-29 17:52:03,238 INFO  [org.wildfly.extension.undertow] (MSC service thread 1-7) Queuing requests.
2025-04-29 17:52:03,251 INFO  [org.wildfly.extension.undertow] (MSC service thread 1-7) WFLYUT0018: Host default-host starting
2025-04-29 17:52:03,685 INFO  [org.jboss.as.patching] (MSC service thread 1-5) WFLYPAT0050: WildFly Full cumulative patch ID is: base, one-off patches include: none
2025-04-29 17:52:03,704 WARN  [org.jboss.as.domain.management.security] (MSC service thread 1-3) WFLYDM0111: Keystore D:\the_great_wall\the_great_wall_ver_1\thegreatwall\jboss\wildfly-23.0.2.Final\standalone\configuration\application.keystore not found, it will be auto generated on first use with a self signed certificate for host localhost
2025-04-29 17:52:03,713 INFO  [org.jboss.as.server.deployment.scanner] (MSC service thread 1-6) WFLYDS0013: Started FileSystemDeploymentService for directory D:\the_great_wall\the_great_wall_ver_1\thegreatwall\jboss\wildfly-23.0.2.Final\standalone\deployments
2025-04-29 17:52:03,729 INFO  [org.jboss.as.server.deployment] (MSC service thread 1-2) WFLYSRV0027: Starting deployment of "thegreatwall.war" (runtime-name: "thegreatwall.war")
2025-04-29 17:52:08,007 INFO  [org.wildfly.extension.undertow] (MSC service thread 1-3) WFLYUT0006: Undertow HTTP listener default listening on 127.0.0.1:8080
2025-04-29 17:52:08,010 INFO  [org.wildfly.extension.undertow] (MSC service thread 1-7) WFLYUT0006: Undertow HTTPS listener https listening on 127.0.0.1:8443
2025-04-29 17:52:08,072 INFO  [org.jboss.as.ejb3] (MSC service thread 1-6) WFLYEJB0493: Jakarta Enterprise Beans subsystem suspension complete
2025-04-29 17:52:08,113 INFO  [org.jboss.as.connector.subsystems.datasources.AbstractDataSourceService$AS7DataSourceDeployer] (MSC service thread 1-2) IJ020018: Enabling <validate-on-match> for java:/postgres
2025-04-29 17:52:08,126 INFO  [org.jboss.ws.common.management] (MSC service thread 1-8) JBWS022052: Starting JBossWS 5.4.3.Final (Apache CXF 3.3.10) 
2025-04-29 17:52:08,161 INFO  [org.jboss.as.connector.subsystems.datasources] (MSC service thread 1-8) WFLYJCA0001: Bound data source [java:/postgres]
2025-04-29 17:52:08,899 WARN  [org.jboss.as.ee] (MSC service thread 1-1) WFLYEE0007: Not installing optional component org.springframework.http.server.reactive.ServletHttpHandlerAdapter$HttpHandlerAsyncListener due to an exception (enable DEBUG log level to see the cause)
2025-04-29 17:52:08,908 WARN  [org.jboss.as.ee] (MSC service thread 1-1) WFLYEE0007: Not installing optional component org.springframework.http.server.ServletServerHttpAsyncRequestControl due to an exception (enable DEBUG log level to see the cause)
2025-04-29 17:52:08,909 WARN  [org.jboss.as.ee] (MSC service thread 1-1) WFLYEE0007: Not installing optional component org.springframework.http.server.reactive.ServletServerHttpResponse$ResponseAsyncListener due to an exception (enable DEBUG log level to see the cause)
2025-04-29 17:52:08,911 WARN  [org.jboss.as.ee] (MSC service thread 1-1) WFLYEE0007: Not installing optional component org.springframework.web.context.request.async.StandardServletAsyncWebRequest due to an exception (enable DEBUG log level to see the cause)
2025-04-29 17:52:08,912 WARN  [org.jboss.as.ee] (MSC service thread 1-1) WFLYEE0007: Not installing optional component org.springframework.http.server.reactive.ServletServerHttpRequest$RequestAsyncListener due to an exception (enable DEBUG log level to see the cause)
2025-04-29 17:52:09,188 INFO  [org.jboss.as.connector.deployers.jdbc] (MSC service thread 1-1) WFLYJCA0005: Deploying non-JDBC-compliant driver class org.postgresql.Driver (version 42.7)
2025-04-29 17:52:09,254 INFO  [org.jboss.as.connector.deployers.jdbc] (MSC service thread 1-7) WFLYJCA0018: Started Driver service with driver-name = thegreatwall.war_org.postgresql.Driver_42_7
2025-04-29 17:52:09,496 INFO  [org.infinispan.CONTAINER] (ServerService Thread Pool -- 78) ISPN000128: Infinispan version: Infinispan 'Corona Extra' 11.0.9.Final
2025-04-29 17:52:09,549 INFO  [org.infinispan.CONFIG] (MSC service thread 1-4) ISPN000152: Passivation configured without an eviction policy being selected. Only manually evicted entities will be passivated.
2025-04-29 17:52:09,552 INFO  [org.infinispan.CONFIG] (MSC service thread 1-4) ISPN000152: Passivation configured without an eviction policy being selected. Only manually evicted entities will be passivated.
2025-04-29 17:52:09,660 INFO  [org.infinispan.PERSISTENCE] (ServerService Thread Pool -- 78) ISPN000556: Starting user marshaller 'org.wildfly.clustering.infinispan.spi.marshalling.InfinispanProtoStreamMarshaller'
2025-04-29 17:52:09,878 INFO  [org.jboss.as.clustering.infinispan] (ServerService Thread Pool -- 78) WFLYCLINF0002: Started http-remoting-connector cache from ejb container
2025-04-29 17:52:09,929 ERROR [org.jboss.as.controller.management-operation] (Controller Boot Thread) WFLYCTL0013: Operation ("deploy") failed - address: ([("deployment" => "thegreatwall.war")]) - failure description: {
    "WFLYCTL0412: Required services that are not installed:" => ["jboss.naming.context.java.jboss.datasources.ExampleDS"],
    "WFLYCTL0180: Services with missing/unavailable dependencies" => ["jboss.naming.context.java.module.thegreatwall.thegreatwall.DefaultDataSource is missing [jboss.naming.context.java.jboss.datasources.ExampleDS]"]
}
2025-04-29 17:52:10,018 INFO  [org.jboss.as.server] (ServerService Thread Pool -- 45) WFLYSRV0010: Deployed "thegreatwall.war" (runtime-name : "thegreatwall.war")
2025-04-29 17:52:10,020 INFO  [org.jboss.as.controller] (Controller Boot Thread) WFLYCTL0183: Service status report
WFLYCTL0184:    New missing/unsatisfied dependencies:
      service jboss.naming.context.java.jboss.datasources.ExampleDS (missing) dependents: [service jboss.naming.context.java.module.thegreatwall.thegreatwall.DefaultDataSource] 
WFLYCTL0448: 8 additional services are down due to their dependencies being missing or failed
2025-04-29 17:52:10,109 INFO  [org.jboss.as.server] (Controller Boot Thread) WFLYSRV0212: Resuming server
2025-04-29 17:52:10,116 ERROR [org.jboss.as] (Controller Boot Thread) WFLYSRV0026: WildFly Full 23.0.2.Final (WildFly Core 15.0.1.Final) started (with errors) in 14490ms - Started 419 of 631 services (9 services failed or missing dependencies, 349 services are lazy, passive or on-demand)
2025-04-29 17:52:10,123 INFO  [org.jboss.as] (Controller Boot Thread) WFLYSRV0060: Http management interface listening on http://127.0.0.1:9990/management
2025-04-29 17:52:10,124 INFO  [org.jboss.as] (Controller Boot Thread) WFLYSRV0051: Admin console listening on http://127.0.0.1:9990
2025-04-29 17:54:20,408 INFO  [org.jboss.as.server] (Thread-2) WFLYSRV0272: Suspending server
2025-04-29 17:54:20,410 INFO  [org.jboss.as.ejb3] (Thread-2) WFLYEJB0493: Jakarta Enterprise Beans subsystem suspension complete
2025-04-29 17:54:20,412 INFO  [org.jboss.as.server] (Thread-2) WFLYSRV0220: Server shutdown has been requested via an OS signal
2025-04-29 17:54:20,420 INFO  [org.jboss.as.connector.deployers.jdbc] (MSC service thread 1-4) WFLYJCA0019: Stopped Driver service with driver-name = thegreatwall.war_org.postgresql.Driver_42_7
2025-04-29 17:54:20,433 INFO  [org.jboss.as.connector.subsystems.datasources] (MSC service thread 1-4) WFLYJCA0010: Unbound data source [java:/postgres]
2025-04-29 17:54:20,438 INFO  [org.jboss.as.mail.extension] (MSC service thread 1-2) WFLYMAIL0002: Unbound mail session [java:jboss/mail/Default]
2025-04-29 17:54:20,444 INFO  [org.wildfly.extension.undertow] (MSC service thread 1-3) WFLYUT0019: Host default-host stopping
2025-04-29 17:54:20,446 INFO  [org.jboss.as.connector.deployers.jdbc] (MSC service thread 1-7) WFLYJCA0019: Stopped Driver service with driver-name = postgres
2025-04-29 17:54:20,487 INFO  [org.wildfly.extension.undertow] (MSC service thread 1-5) WFLYUT0008: Undertow HTTP listener default suspending
2025-04-29 17:54:20,487 INFO  [org.wildfly.extension.undertow] (MSC service thread 1-6) WFLYUT0008: Undertow HTTPS listener https suspending
2025-04-29 17:54:20,490 INFO  [org.wildfly.extension.undertow] (MSC service thread 1-5) WFLYUT0007: Undertow HTTP listener default stopped, was bound to 127.0.0.1:8080
2025-04-29 17:54:20,491 INFO  [org.wildfly.extension.undertow] (MSC service thread 1-6) WFLYUT0007: Undertow HTTPS listener https stopped, was bound to 127.0.0.1:8443
2025-04-29 17:54:20,497 INFO  [org.wildfly.extension.undertow] (MSC service thread 1-2) WFLYUT0004: Undertow 2.2.5.Final stopping
2025-04-29 17:54:20,548 INFO  [org.jboss.as.clustering.infinispan] (ServerService Thread Pool -- 82) WFLYCLINF0003: Stopped http-remoting-connector cache from ejb container
2025-04-29 17:54:20,552 INFO  [org.infinispan.manager.DefaultCacheManager] (ServerService Thread Pool -- 82) Stopping cache manager null on null
2025-04-29 17:54:20,676 INFO  [org.jboss.as.server.deployment] (MSC service thread 1-7) WFLYSRV0028: Stopped deployment thegreatwall.war (runtime-name: thegreatwall.war) in 260ms
2025-04-29 17:54:20,682 INFO  [org.jboss.as] (MSC service thread 1-3) WFLYSRV0050: WildFly Full 23.0.2.Final (WildFly Core 15.0.1.Final) stopped in 263ms
2025-04-29 17:54:26,727 INFO  [org.jboss.modules] (main) JBoss Modules version 1.11.0.Final
2025-04-29 17:54:27,241 INFO  [org.jboss.msc] (main) JBoss MSC version 1.4.12.Final
2025-04-29 17:54:27,256 INFO  [org.jboss.threads] (main) JBoss Threads version 2.4.0.Final
2025-04-29 17:54:27,394 INFO  [org.jboss.as] (MSC service thread 1-2) WFLYSRV0049: WildFly Full 23.0.2.Final (WildFly Core 15.0.1.Final) starting
2025-04-29 17:54:27,395 DEBUG [org.jboss.as.config] (MSC service thread 1-2) Configured system properties:
	awt.toolkit = sun.awt.windows.WToolkit
	file.encoding = MS949
	file.encoding.pkg = sun.io
	file.separator = \
	java.awt.graphicsenv = sun.awt.Win32GraphicsEnvironment
	java.awt.headless = true
	java.awt.printerjob = sun.awt.windows.WPrinterJob
	java.class.path = D:\the_great_wall\the_great_wall_ver_1\thegreatwall\jboss\wildfly-23.0.2.Final\jboss-modules.jar
	java.class.version = 52.0
	java.endorsed.dirs = C:\NANUM\java\openjdk8.0_181(x64)\jre\lib\endorsed
	java.ext.dirs = C:\NANUM\java\openjdk8.0_181(x64)\jre\lib\ext;C:\WINDOWS\Sun\Java\lib\ext
	java.home = C:\NANUM\java\openjdk8.0_181(x64)\jre
	java.io.tmpdir = C:\Users\nanum\AppData\Local\Temp\
	java.library.path = C:\NANUM\java\openjdk8.0_181(x64)\bin;C:\WINDOWS\Sun\Java\bin;C:\WINDOWS\system32;C:\WINDOWS;C:\Program Files\Common Files\Oracle\Java\javapath;C:\Program Files (x86)\Common Files\Oracle\Java\javapath;D:\WINDOWS.X64_193000_db_home\bin;C:\Program Files\Python39\Scripts\;C:\Program Files\Python39\;C:\ProgramData\Oracle\Java\javapath;C:\WINDOWS\system32;C:\WINDOWS;C:\WINDOWS\System32\Wbem;C:\WINDOWS\System32\WindowsPowerShell\v1.0\;C:\WINDOWS\System32\OpenSSH\;C:\Program Files\Intel\WiFi\bin\;C:\Program Files\Common Files\Intel\WirelessCommon\;C:\Program Files (x86)\Intel\Intel(R) Management Engine Components\DAL;C:\Program Files\Intel\Intel(R) Management Engine Components\DAL;C:\Program Files\Git\cmd;C:\Program Files\mingw-w64\x86_64-8.1.0-posix-seh-rt_v6-rev0\mingw64\bin;C:\Apache24\bin;C:\Program Files\MongoDB\Server\4.2\bin;C:\Users\nanum\AppData\Roaming\npm;C:\Program Files\TortoiseSVN\bin;C:\Program Files\OpenVPN\bin;C:\Program Files\Wondershare\Wondershare DemoCreator (Korean);C:\Users\nanum\AppData\Roaming\nvm;C:\Program Files\nodejs;C:\Users\nanum\.cargo\bin;C:\Program Files\MySQL\MySQL Shell 8.0\bin\;C:\Users\nanum\AppData\Local\Programs\Python\Python37\Scripts\;C:\Users\nanum\AppData\Local\Programs\Python\Python37\;C:\Users\nanum\AppData\Local\Microsoft\WindowsApps;C:\Program Files\Bandizip\;C:\Users\nanum\AppData\Local\Programs\Fiddler;C:\Users\nanum\AppData\Local\Microsoft\WindowsApps;C:\NANUM\java\jdk1.8.0_112\bin;C:\NANUM\PORTAL\maven\bin;C:\NANUM\java\openjdk8.0_181(x64)\bin;C:\Microsoft VS Code\bin;C:\Users\nanum\AppData\Roaming\npm;C:\Users\nanum\AppData\Roaming\nvm;C:\Program Files\nodejs;C:\Users\nanum\AppData\Local\Google\Cloud SDK\google-cloud-sdk\bin;.
	java.net.preferIPv4Stack = true
	java.runtime.name = OpenJDK Runtime Environment
	java.runtime.version = 1.8.0_181-1-ojdkbuild-b13
	java.specification.name = Java Platform API Specification
	java.specification.vendor = Oracle Corporation
	java.specification.version = 1.8
	java.util.logging.manager = org.jboss.logmanager.LogManager
	java.vendor = Oracle Corporation
	java.vendor.url = http://java.oracle.com/
	java.vendor.url.bug = http://bugreport.sun.com/bugreport/
	java.version = 1.8.0_181-1-ojdkbuild
	java.vm.info = mixed mode
	java.vm.name = OpenJDK 64-Bit Server VM
	java.vm.specification.name = Java Virtual Machine Specification
	java.vm.specification.vendor = Oracle Corporation
	java.vm.specification.version = 1.8
	java.vm.vendor = Oracle Corporation
	java.vm.version = 25.181-b13
	javax.management.builder.initial = org.jboss.as.jmx.PluggableMBeanServerBuilder
	jboss.home.dir = D:\the_great_wall\the_great_wall_ver_1\thegreatwall\jboss\wildfly-23.0.2.Final
	jboss.host.name = desktop-qr3ra1d
	jboss.modules.dir = D:\the_great_wall\the_great_wall_ver_1\thegreatwall\jboss\wildfly-23.0.2.Final\modules
	jboss.modules.system.pkgs = org.jboss.byteman
	jboss.node.name = desktop-qr3ra1d
	jboss.qualified.host.name = desktop-qr3ra1d
	jboss.server.base.dir = D:\the_great_wall\the_great_wall_ver_1\thegreatwall\jboss\wildfly-23.0.2.Final\standalone
	jboss.server.config.dir = D:\the_great_wall\the_great_wall_ver_1\thegreatwall\jboss\wildfly-23.0.2.Final\standalone\configuration
	jboss.server.data.dir = D:\the_great_wall\the_great_wall_ver_1\thegreatwall\jboss\wildfly-23.0.2.Final\standalone\data
	jboss.server.deploy.dir = D:\the_great_wall\the_great_wall_ver_1\thegreatwall\jboss\wildfly-23.0.2.Final\standalone\data\content
	jboss.server.log.dir = D:\the_great_wall\the_great_wall_ver_1\thegreatwall\jboss\wildfly-23.0.2.Final\standalone\log
	jboss.server.name = desktop-qr3ra1d
	jboss.server.persist.config = true
	jboss.server.temp.dir = D:\the_great_wall\the_great_wall_ver_1\thegreatwall\jboss\wildfly-23.0.2.Final\standalone\tmp
	line.separator = 

	logging.configuration = file:D:\the_great_wall\the_great_wall_ver_1\thegreatwall\jboss\wildfly-23.0.2.Final\standalone\configuration/logging.properties
	module.path = D:\the_great_wall\the_great_wall_ver_1\thegreatwall\jboss\wildfly-23.0.2.Final\modules
	org.jboss.boot.log.file = D:\the_great_wall\the_great_wall_ver_1\thegreatwall\jboss\wildfly-23.0.2.Final\standalone\log\server.log
	org.jboss.resolver.warning = true
	os.arch = amd64
	os.name = Windows 10
	os.version = 10.0
	path.separator = ;
	program.name = standalone.bat
	sun.arch.data.model = 64
	sun.boot.class.path = C:\NANUM\java\openjdk8.0_181(x64)\jre\lib\resources.jar;C:\NANUM\java\openjdk8.0_181(x64)\jre\lib\rt.jar;C:\NANUM\java\openjdk8.0_181(x64)\jre\lib\sunrsasign.jar;C:\NANUM\java\openjdk8.0_181(x64)\jre\lib\jsse.jar;C:\NANUM\java\openjdk8.0_181(x64)\jre\lib\jce.jar;C:\NANUM\java\openjdk8.0_181(x64)\jre\lib\charsets.jar;C:\NANUM\java\openjdk8.0_181(x64)\jre\lib\jfr.jar;C:\NANUM\java\openjdk8.0_181(x64)\jre\classes
	sun.boot.library.path = C:\NANUM\java\openjdk8.0_181(x64)\jre\bin
	sun.cpu.endian = little
	sun.cpu.isalist = amd64
	sun.desktop = windows
	sun.io.unicode.encoding = UnicodeLittle
	sun.java.command = D:\the_great_wall\the_great_wall_ver_1\thegreatwall\jboss\wildfly-23.0.2.Final\jboss-modules.jar -mp D:\the_great_wall\the_great_wall_ver_1\thegreatwall\jboss\wildfly-23.0.2.Final\modules org.jboss.as.standalone -Djboss.home.dir=D:\the_great_wall\the_great_wall_ver_1\thegreatwall\jboss\wildfly-23.0.2.Final
	sun.java.launcher = SUN_STANDARD
	sun.jnu.encoding = MS949
	sun.management.compiler = HotSpot 64-Bit Tiered Compilers
	sun.os.patch.level = 
	sun.stderr.encoding = ms949
	sun.stdout.encoding = ms949
	user.country = KR
	user.dir = D:\the_great_wall\the_great_wall_ver_1\thegreatwall\jboss\wildfly-23.0.2.Final\bin
	user.home = C:\Users\nanum
	user.language = ko
	user.name = nanum
	user.script = 
	user.timezone = Asia/Seoul
	user.variant = 
2025-04-29 17:54:27,397 DEBUG [org.jboss.as.config] (MSC service thread 1-2) VM Arguments: -Dprogram.name=standalone.bat -Xms64M -Xmx512M -XX:MetaspaceSize=96M -XX:MaxMetaspaceSize=256m -Djava.net.preferIPv4Stack=true -Djboss.modules.system.pkgs=org.jboss.byteman -Djava.awt.headless=true -Dorg.jboss.boot.log.file=D:\the_great_wall\the_great_wall_ver_1\thegreatwall\jboss\wildfly-23.0.2.Final\standalone\log\server.log -Dlogging.configuration=file:D:\the_great_wall\the_great_wall_ver_1\thegreatwall\jboss\wildfly-23.0.2.Final\standalone\configuration/logging.properties 
2025-04-29 17:54:28,430 INFO  [org.wildfly.security] (ServerService Thread Pool -- 28) ELY00001: WildFly Elytron version 1.15.3.Final
2025-04-29 17:54:28,963 INFO  [org.jboss.as.controller.management-deprecated] (ServerService Thread Pool -- 10) WFLYCTL0033: Extension 'security' is deprecated and may not be supported in future versions
2025-04-29 17:54:29,285 INFO  [org.jboss.as.controller.management-deprecated] (Controller Boot Thread) WFLYCTL0028: Attribute 'security-realm' in the resource at address '/core-service=management/management-interface=http-interface' is deprecated, and may be removed in a future version. See the attribute description in the output of the read-resource-description operation to learn more about the deprecation.
2025-04-29 17:54:29,319 INFO  [org.jboss.as.controller.management-deprecated] (ServerService Thread Pool -- 14) WFLYCTL0028: Attribute 'security-realm' in the resource at address '/subsystem=undertow/server=default-server/https-listener=https' is deprecated, and may be removed in a future version. See the attribute description in the output of the read-resource-description operation to learn more about the deprecation.
2025-04-29 17:54:29,371 INFO  [org.jboss.as.server.deployment.scanner] (DeploymentScanner-threads - 1) WFLYDS0015: Re-attempting failed deployment thegreatwall.war
2025-04-29 17:54:32,785 INFO  [org.jboss.as.server] (Controller Boot Thread) WFLYSRV0039: Creating http management service using socket-binding (management-http)
2025-04-29 17:54:32,817 INFO  [org.xnio] (MSC service thread 1-7) XNIO version 3.8.4.Final
2025-04-29 17:54:32,855 INFO  [org.xnio.nio] (MSC service thread 1-7) XNIO NIO Implementation Version 3.8.4.Final
2025-04-29 17:54:32,978 WARN  [org.jboss.as.txn] (ServerService Thread Pool -- 74) WFLYTX0013: The node-identifier attribute on the /subsystem=transactions is set to the default value. This is a danger for environments running multiple servers. Please make sure the attribute value is unique.
2025-04-29 17:54:32,990 INFO  [org.wildfly.extension.health] (ServerService Thread Pool -- 52) WFLYHEALTH0001: Activating Base Health Subsystem
2025-04-29 17:54:32,991 INFO  [org.jboss.as.jaxrs] (ServerService Thread Pool -- 55) WFLYRS0016: RESTEasy version 3.15.1.Final
2025-04-29 17:54:33,018 INFO  [org.jboss.as.naming] (ServerService Thread Pool -- 66) WFLYNAM0001: Activating Naming Subsystem
2025-04-29 17:54:33,019 INFO  [org.jboss.as.security] (ServerService Thread Pool -- 72) WFLYSEC0002: Activating Security Subsystem
2025-04-29 17:54:33,024 INFO  [org.jboss.as.clustering.infinispan] (ServerService Thread Pool -- 53) WFLYCLINF0001: Activating Infinispan subsystem.
2025-04-29 17:54:33,039 INFO  [org.wildfly.extension.microprofile.config.smallrye._private] (ServerService Thread Pool -- 63) WFLYCONF0001: Activating WildFly MicroProfile Config Subsystem
2025-04-29 17:54:33,047 INFO  [org.wildfly.extension.microprofile.jwt.smallrye._private] (ServerService Thread Pool -- 64) WFLYJWT0001: Activating WildFly MicroProfile JWT Subsystem
2025-04-29 17:54:33,105 INFO  [org.jboss.as.webservices] (ServerService Thread Pool -- 76) WFLYWS0002: Activating WebServices Extension
2025-04-29 17:54:33,105 INFO  [org.jboss.as.security] (MSC service thread 1-4) WFLYSEC0001: Current PicketBox version=5.0.3.Final-redhat-00007
2025-04-29 17:54:33,187 INFO  [org.wildfly.extension.microprofile.opentracing] (ServerService Thread Pool -- 65) WFLYTRACEXT0001: Activating MicroProfile OpenTracing Subsystem
2025-04-29 17:54:33,217 INFO  [org.wildfly.extension.metrics] (ServerService Thread Pool -- 62) WFLYMETRICS0001: Activating Base Metrics Subsystem
2025-04-29 17:54:33,222 INFO  [org.jboss.as.jsf] (ServerService Thread Pool -- 60) WFLYJSF0007: Activated the following Jakarta Server Faces Implementations: [main]
2025-04-29 17:54:33,222 INFO  [org.wildfly.extension.undertow] (MSC service thread 1-1) WFLYUT0003: Undertow 2.2.5.Final starting
2025-04-29 17:54:33,243 INFO  [org.jboss.as.connector] (MSC service thread 1-2) WFLYJCA0009: Starting Jakarta Connectors Subsystem (WildFly/IronJacamar 1.4.27.Final)
2025-04-29 17:54:33,292 INFO  [org.jboss.as.connector.subsystems.datasources] (ServerService Thread Pool -- 44) WFLYJCA0005: Deploying non-JDBC-compliant driver class org.postgresql.Driver (version 42.7)
2025-04-29 17:54:33,303 INFO  [org.wildfly.extension.io] (ServerService Thread Pool -- 54) WFLYIO001: Worker 'default' has auto-configured to 16 IO threads with 128 max task threads based on your 8 available processors
2025-04-29 17:54:33,349 INFO  [org.jboss.as.connector.deployers.jdbc] (MSC service thread 1-2) WFLYJCA0018: Started Driver service with driver-name = postgres
2025-04-29 17:54:33,478 INFO  [org.jboss.as.naming] (MSC service thread 1-1) WFLYNAM0003: Starting Naming Service
2025-04-29 17:54:33,711 INFO  [org.wildfly.extension.undertow] (ServerService Thread Pool -- 75) WFLYUT0014: Creating file handler for path 'D:\the_great_wall\the_great_wall_ver_1\thegreatwall\jboss\wildfly-23.0.2.Final/welcome-content' with options [directory-listing: 'false', follow-symlink: 'false', case-sensitive: 'true', safe-symlink-paths: '[]']
2025-04-29 17:54:33,768 INFO  [org.jboss.as.mail.extension] (MSC service thread 1-7) WFLYMAIL0001: Bound mail session [java:jboss/mail/Default]
2025-04-29 17:54:33,867 INFO  [org.jboss.as.ejb3] (MSC service thread 1-8) WFLYEJB0481: Strict pool slsb-strict-max-pool is using a max instance size of 128 (per class), which is derived from thread worker pool sizing.
2025-04-29 17:54:33,868 INFO  [org.jboss.as.ejb3] (MSC service thread 1-7) WFLYEJB0482: Strict pool mdb-strict-max-pool is using a max instance size of 32 (per class), which is derived from the number of CPUs on this host.
2025-04-29 17:54:33,871 INFO  [org.jboss.remoting] (MSC service thread 1-2) JBoss Remoting version 5.0.20.Final
2025-04-29 17:54:34,148 WARN  [org.wildfly.extension.elytron] (MSC service thread 1-5) WFLYELY00023: KeyStore file 'D:\the_great_wall\the_great_wall_ver_1\thegreatwall\jboss\wildfly-23.0.2.Final\standalone\configuration\application.keystore' does not exist. Used blank.
2025-04-29 17:54:34,163 INFO  [org.wildfly.extension.undertow] (MSC service thread 1-7) WFLYUT0012: Started server default-server.
2025-04-29 17:54:34,195 INFO  [org.wildfly.extension.undertow] (MSC service thread 1-8) Queuing requests.
2025-04-29 17:54:34,212 WARN  [org.wildfly.extension.elytron] (MSC service thread 1-1) WFLYELY01084: KeyStore D:\the_great_wall\the_great_wall_ver_1\thegreatwall\jboss\wildfly-23.0.2.Final\standalone\configuration\application.keystore not found, it will be auto generated on first use with a self-signed certificate for host localhost
2025-04-29 17:54:34,239 INFO  [org.wildfly.extension.undertow] (MSC service thread 1-8) WFLYUT0018: Host default-host starting
2025-04-29 17:54:34,927 INFO  [org.jboss.as.patching] (MSC service thread 1-2) WFLYPAT0050: WildFly Full cumulative patch ID is: base, one-off patches include: none
2025-04-29 17:54:34,953 WARN  [org.jboss.as.domain.management.security] (MSC service thread 1-2) WFLYDM0111: Keystore D:\the_great_wall\the_great_wall_ver_1\thegreatwall\jboss\wildfly-23.0.2.Final\standalone\configuration\application.keystore not found, it will be auto generated on first use with a self signed certificate for host localhost
2025-04-29 17:54:34,959 INFO  [org.jboss.as.server.deployment.scanner] (MSC service thread 1-7) WFLYDS0013: Started FileSystemDeploymentService for directory D:\the_great_wall\the_great_wall_ver_1\thegreatwall\jboss\wildfly-23.0.2.Final\standalone\deployments
2025-04-29 17:54:34,975 INFO  [org.jboss.as.server.deployment] (MSC service thread 1-4) WFLYSRV0027: Starting deployment of "thegreatwall.war" (runtime-name: "thegreatwall.war")
2025-04-29 17:54:40,589 INFO  [org.wildfly.extension.undertow] (MSC service thread 1-6) WFLYUT0006: Undertow HTTP listener default listening on 127.0.0.1:8080
2025-04-29 17:54:40,592 INFO  [org.wildfly.extension.undertow] (MSC service thread 1-7) WFLYUT0006: Undertow HTTPS listener https listening on 127.0.0.1:8443
2025-04-29 17:54:40,733 INFO  [org.jboss.as.ejb3] (MSC service thread 1-6) WFLYEJB0493: Jakarta Enterprise Beans subsystem suspension complete
2025-04-29 17:54:40,832 INFO  [org.jboss.ws.common.management] (MSC service thread 1-5) JBWS022052: Starting JBossWS 5.4.3.Final (Apache CXF 3.3.10) 
2025-04-29 17:54:40,850 INFO  [org.jboss.as.connector.subsystems.datasources.AbstractDataSourceService$AS7DataSourceDeployer] (MSC service thread 1-7) IJ020018: Enabling <validate-on-match> for java:/postgres
2025-04-29 17:54:40,914 INFO  [org.jboss.as.connector.subsystems.datasources] (MSC service thread 1-5) WFLYJCA0001: Bound data source [java:/postgres]
2025-04-29 17:54:42,037 WARN  [org.jboss.as.ee] (MSC service thread 1-3) WFLYEE0007: Not installing optional component org.springframework.http.server.reactive.ServletHttpHandlerAdapter$HttpHandlerAsyncListener due to an exception (enable DEBUG log level to see the cause)
2025-04-29 17:54:42,046 WARN  [org.jboss.as.ee] (MSC service thread 1-3) WFLYEE0007: Not installing optional component org.springframework.http.server.ServletServerHttpAsyncRequestControl due to an exception (enable DEBUG log level to see the cause)
2025-04-29 17:54:42,050 WARN  [org.jboss.as.ee] (MSC service thread 1-3) WFLYEE0007: Not installing optional component org.springframework.http.server.reactive.ServletServerHttpResponse$ResponseAsyncListener due to an exception (enable DEBUG log level to see the cause)
2025-04-29 17:54:42,056 WARN  [org.jboss.as.ee] (MSC service thread 1-3) WFLYEE0007: Not installing optional component org.springframework.web.context.request.async.StandardServletAsyncWebRequest due to an exception (enable DEBUG log level to see the cause)
2025-04-29 17:54:42,058 WARN  [org.jboss.as.ee] (MSC service thread 1-3) WFLYEE0007: Not installing optional component org.springframework.http.server.reactive.ServletServerHttpRequest$RequestAsyncListener due to an exception (enable DEBUG log level to see the cause)
2025-04-29 17:54:42,174 INFO  [org.jboss.as.connector.deployers.jdbc] (MSC service thread 1-3) WFLYJCA0005: Deploying non-JDBC-compliant driver class org.postgresql.Driver (version 42.7)
2025-04-29 17:54:42,301 INFO  [org.jboss.as.connector.deployers.jdbc] (MSC service thread 1-4) WFLYJCA0018: Started Driver service with driver-name = thegreatwall.war_org.postgresql.Driver_42_7
2025-04-29 17:54:42,578 INFO  [org.infinispan.CONTAINER] (ServerService Thread Pool -- 78) ISPN000128: Infinispan version: Infinispan 'Corona Extra' 11.0.9.Final
2025-04-29 17:54:42,641 INFO  [org.infinispan.CONFIG] (MSC service thread 1-5) ISPN000152: Passivation configured without an eviction policy being selected. Only manually evicted entities will be passivated.
2025-04-29 17:54:42,643 INFO  [org.infinispan.CONFIG] (MSC service thread 1-5) ISPN000152: Passivation configured without an eviction policy being selected. Only manually evicted entities will be passivated.
2025-04-29 17:54:42,768 INFO  [org.infinispan.PERSISTENCE] (ServerService Thread Pool -- 78) ISPN000556: Starting user marshaller 'org.wildfly.clustering.infinispan.spi.marshalling.InfinispanProtoStreamMarshaller'
2025-04-29 17:54:43,017 INFO  [org.jboss.as.clustering.infinispan] (ServerService Thread Pool -- 78) WFLYCLINF0002: Started http-remoting-connector cache from ejb container
2025-04-29 17:54:43,291 INFO  [io.undertow.servlet] (ServerService Thread Pool -- 78) 2 Spring WebApplicationInitializers detected on classpath
2025-04-29 17:54:43,735 INFO  [com.thegreatwall.TheGreatWallApplication] (ServerService Thread Pool -- 78) Starting TheGreatWallApplication using Java 1.8.0_181-1-ojdkbuild on DESKTOP-QR3RA1D with PID 15404 (started by nanum in D:\the_great_wall\the_great_wall_ver_1\thegreatwall\jboss\wildfly-23.0.2.Final\bin)
2025-04-29 17:54:43,736 DEBUG [com.thegreatwall.TheGreatWallApplication] (ServerService Thread Pool -- 78) Running with Spring Boot v2.6.5, Spring v5.3.17
2025-04-29 17:54:43,737 INFO  [com.thegreatwall.TheGreatWallApplication] (ServerService Thread Pool -- 78) No active profile set, falling back to 1 default profile: "default"
2025-04-29 17:54:45,463 INFO  [org.springframework.security.web.DefaultSecurityFilterChain] (ServerService Thread Pool -- 78) Will not secure any request
2025-04-29 17:54:45,801 INFO  [com.thegreatwall.TheGreatWallApplication] (ServerService Thread Pool -- 78) Started TheGreatWallApplication in 2.413 seconds (JVM running for 19.689)
